key,input,RA_score
LYWZYDYFZJVNFA-KEBDBYFISA-N,C(=N/n1cnnc1)\c1c(-c2ccccc2)[nH]c2ccccc12,0.9840194
ATJLFWUPTQUWHM-UHFFFAOYSA-N,CN(C)CCOc1ccc(CNC(=O)CSc2cn(C)c3ccccc23)cc1,0.9982868
ROPLRWWORDJINQ-UHFFFAOYSA-N,CN1C(=O)C(=O)c2cc(C(=O)O)ccc21,0.9849028
ALEMQFKPROZQHR-UHFFFAOYSA-N,CCS(=O)(=O)N1CC(CC#N)(n2cc(-c3ncnc4[nH]ccc34)c3ccc(C(F)(F)F)cc32)C1,0.871182
KVFCOBZWUCKJFB-UHFFFAOYSA-N,Cc1cccc(O)c1C(=O)Oc1cccc(C)c1C(=O)Oc1cncc(Cl)c1,0.99124473
QZWIYWHQEBDPOP-UHFFFAOYSA-N,CC(=O)Oc1ccccc1C(=O)Oc1cncc(Cl)c1,0.99867296
SVZODCRTUJZFKA-SFHVURJKSA-N,O=C(N[C@@H](Cc1c[nH]c2ccccc12)C(=O)Nc1ncc([N+](=O)[O-])s1)OCc1ccccc1,0.9943633
ZVWAWSPWVCDCIL-OMCISZLKSA-N,NC(=S)N/N=C/c1ccc(-c2cc(C(=O)O)ccc2Cl)o1,0.99779665
CCZRTVFIPPLCSL-GIJQJNRQSA-N,NC(=S)N/N=C/c1ccc(-c2ccc3cccnc3c2)o1,0.99139714
RDGMNUGZBUPHID-GIJQJNRQSA-N,NC(=S)N/N=C/c1ccc(-c2cnc3ccccc3c2)o1,0.9959066
CXVGDFOBROJVGJ-GIDUJCDVSA-N,NC(=S)N/N=C/c1ccc(-c2ccc(O)c(C(=O)O)c2)o1,0.9957787
HJUOXBLMOQFHCZ-UHFFFAOYSA-N,O=C(Nc1ncc([N+](=O)[O-])s1)C1CCCN1C(=O)OCc1ccccc1,0.9960057
PCLQVAFVSBWSTH-LJQANCHMSA-N,N#CC[C@H](C1CCCC1)n1cc(-c2ncnc3[nH]ccc23)c2ccc(C(F)(F)F)cc21,0.88617414
FATPQUBCNOFHJO-UHFFFAOYSA-N,Cc1cccc(O)c1C(=O)Oc1cncc(Cl)c1,0.99754494
FIYPYDONIODGKQ-KLCVKJMQSA-N,NCCCNC(=O)OC1C/C(=C\c2ccc([N+](=O)[O-])cc2)C(=O)/C(=C/c2ccc([N+](=O)[O-])cc2)C1,0.8895288
PAVJYVVZIJTAHT-UHFFFAOYSA-N,O=C(Oc1cncc(Cl)c1)c1cccs1,0.99676824
MIUBNBDMUMQCLE-UHFFFAOYSA-N,O=C(ON1C(=O)CCC1=O)c1ccc2c(c1)C(=O)C(=O)N2Cc1ccccc1,0.98871315
BMBWLTUWOBISKR-UHFFFAOYSA-N,Cn1cc(SCC(=O)N(Cc2ccccc2)Cc2ccccc2)c2ccccc21,0.99863654
USSHAFYEQLIBPW-UHFFFAOYSA-N,CN1C(=O)C(=O)c2cc(C(=O)ON3C(=O)CCC3=O)ccc21,0.9423905
RCSXHMPTDXUMRL-UHFFFAOYSA-N,NC(=O)Cc1ccc2c(c1)C(=O)C(=O)N2Cc1ccc2ccccc2c1,0.99095106
HTLCYKJJLPAUGX-UHFFFAOYSA-N,O=C1C(=O)N(CN2CCOCC2)c2ccc(F)cc21,0.8727148
ZSOQJYAJYKISGM-UHFFFAOYSA-N,CC(C)Cn1c(C(=O)NCCCNC(=O)n2cc(F)c(=O)[nH]c2=O)cc2cc(Cl)ccc21,0.9657385
IOZYRYXEKZKPMB-LBPRGKRZSA-N,COc1ccc2cc([C@H](C)C(=O)Oc3cncc(Cl)c3)ccc2c1,0.98506236
YDPDCDHRIHIPNU-UHFFFAOYSA-N,CC(=O)Nc1cccc(C(=O)Oc2cncc(Cl)c2)c1,0.9987318
MVXVYAKCVDQRLW-UHFFFAOYSA-N,c1cnc2[nH]ccc2c1,0.98897576
NQJZLJKMYCNDIP-UHFFFAOYSA-N,COc1cccn(O)c1=S,0.9294236
FIPAAZKBGLEFFX-RIYZIHGNSA-N,NC(=S)N/N=C/c1ccc(-c2ccccc2)o1,0.9974585
FVCVXWMNMYUZKE-GIDUJCDVSA-N,NC(=S)N/N=C/c1ccc(-c2ccc(F)nc2)o1,0.9938373
XHQLXTMPSYSNTB-OMCISZLKSA-N,NC(=S)N/N=C/c1ccc(-c2ccc(Cl)c(C(=O)O)c2)o1,0.99829096
FCALQYOEHVUZLN-OMCISZLKSA-N,NC(=S)N/N=C/c1ccc(-c2cccc(C(=O)O)c2Cl)o1,0.99843127
HIPATJIGZGRNFA-VGOFMYFVSA-N,NC(=S)N/N=C/c1ccc(-c2ccncc2)o1,0.99318063
LOFGZGVYCFBPQV-VIZOYTHASA-N,NC(=S)N/N=C/c1ccc(-c2ccc(S(N)(=O)=O)cc2)o1,0.9945914
JDIOSABJTWFKAX-UHFFFAOYSA-N,CC(=O)Nc1cc(C(=O)Oc2cncc(Cl)c2)ccc1F,0.9986461
PCLQVAFVSBWSTH-IBGZPJMESA-N,N#CC[C@@H](C1CCCC1)n1cc(-c2ncnc3[nH]ccc23)c2ccc(C(F)(F)F)cc21,0.88617414
XWUIJWHWNCVUIJ-UHFFFAOYSA-N,Cc1cc(O)c2c(c1)C(=O)c1cc(O)c(I)c(O)c1C2=O,0.92358047
IOZYRYXEKZKPMB-GFCCVEGCSA-N,COc1ccc2cc([C@@H](C)C(=O)Oc3cncc(Cl)c3)ccc2c1,0.98506236
IPFCRNVQLVQVIH-UHFFFAOYSA-N,COc1ccc2c(c1)cc(C(=O)NCCCNC(=O)n1cc(F)c(=O)[nH]c1=O)n2CC(C)C,0.95674574
QRNCNQQDHHYXNY-UHFFFAOYSA-N,O=C1C(=O)N(CN2CCCCC2)c2ccc(F)cc21,0.95243084
VGSHCFAIRVEIDX-UHFFFAOYSA-N,Cn1cc(SCC(=O)NCc2ccccc2)c2ccccc21,0.9979171
HUUMQOUCTGXIDA-UHFFFAOYSA-N,CCCCN1C(=O)C(=O)c2cc(C(=O)ON3C(=O)CCC3=O)ccc21,0.93691105
AUEGQRDPEGTAPP-UHFFFAOYSA-N,COC(=O)c1ccc2c(c1)C(=O)C(=O)N2Cc1ccccc1,0.98988616
SVNKEDMVAQBLLN-UHFFFAOYSA-N,CC(C)(C)OC(=O)NC(CC(=O)OCc1ccccc1)C(=O)NC(CCCCNC(=O)OCc1ccccc1)C(=O)OC(C)(C)C,0.63909376
DTLQFWOLEJQWJI-UHFFFAOYSA-N,CCCCN1C(=O)C(=O)c2cc(C(=O)O)ccc21,0.9894638
NTNYHMJYSGPGCQ-UHFFFAOYSA-N,NC(=O)c1ccc2c(c1)C(=O)C(=O)N2Cc1ccc2ccccc2c1,0.98560834
YLSPWNBSWVYQDL-UHFFFAOYSA-N,CCc1ccc(NC(=O)c2cc3c(=O)n4ccccc4nc3n2C)cc1,0.98524183
IXQNRDZUWHUHOL-UHFFFAOYSA-N,Cc1cccc(C(=O)Oc2cncc(Cl)c2)c1O,0.9969163
UFOFCLFPQBJBGC-UHFFFAOYSA-N,Cc1c([N+](=O)[O-])c(O)c2c(c1[N+](=O)[O-])C(=O)c1c(c(O)c([N+](=O)[O-])c(O)c1[N+](=O)[O-])C2=O,0.40702492
XWNLIHINIYNJIR-UHFFFAOYSA-N,Cc1ccc(O)c(C(=O)Oc2ccc(C)cc2C(=O)Oc2ccc(C)cc2C(=O)Oc2cncc(Cl)c2)c1,0.9867675
NXHQXOVSUMQCNZ-UHFFFAOYSA-N,O=C(O)c1cc(Cc2cc(Cc3cc(Cc4cc(Cc5cc(Cc6cc(Cl)c(O)c(C(=O)O)c6)c(O)c(C(=O)O)c5)c(O)c(C(=O)O)c4)cc(C(=O)O)c3O)cc(C(=O)O)c2O)cc(Cl)c1O,0.69554126
HEKJYZZSCQBJGB-XDHOZWIPSA-N,CC1=NN(c2ccc(C(=O)O)cc2)C(=O)/C1=C/c1ccc(-c2cc(C)c(C)cc2[N+](=O)[O-])o1,0.58330977
BBXQTXDIZFVHDT-OQLLNIDSSA-N,NC(=S)N/N=C/c1ccc(Cc2ccccc2)o1,0.9911398
HUTBGTWLYFLQQZ-OMCISZLKSA-N,NC(=S)N/N=C/c1ccc(-c2ccc(C(=O)O)cc2F)o1,0.9968746
CIGSWGZBJDFAFR-INIZCTEOSA-N,O=C(N[C@@H](Cc1ccccc1)C(=O)Nc1ncc([N+](=O)[O-])s1)OCc1ccccc1,0.9956049
FYSKGULQUVRRHF-ZDUSSCGKSA-N,CC(C)[C@H](NC(=O)OCc1ccccc1)C(=O)Nc1ncc([N+](=O)[O-])s1,0.9949838
GKMSGRSEYWWBNI-FRKPEAEDSA-N,Cc1cc(C(=O)O)ccc1-c1ccc(/C=N/NC(N)=S)o1,0.9897372
QLGUUVBDAVRWET-GIDUJCDVSA-N,NC(=S)N/N=C/c1cc(-c2ccc(C(=O)O)cc2)co1,0.998326
MRHWGBKPTZUNLO-UHFFFAOYSA-N,O=C1C(=O)N(Cc2ccc(Br)cc2)c2ccc([N+](=O)[O-])cc21,0.9973767
YYFGOPINFSHNHL-UHFFFAOYSA-N,O=C(CCN1CCOCC1)Nc1ccc2c(c1)/C(=N\Nc1ccc(C(F)(F)F)cc1)C(=O)N2,0.5020066
PQOJWVHLJYMILK-UHFFFAOYSA-N,O=C(Cc1ccc(Oc2nc3ccccc3s2)cc1F)NCCc1ccc(F)cc1,0.99173814
ANEHFIKAXIZHIZ-UHFFFAOYSA-N,Cc1cc(O)c2c(c1)C(=O)c1c(Cl)c(O)c(Cl)c(O)c1C2=O,0.9015949
HQEBUSGSQUTCGV-UHFFFAOYSA-N,Cc1ccc(O)c(C(=O)Oc2ccc(C)cc2C(=O)Oc2cncc(Cl)c2)c1,0.99593854
UVHOYEZLJFOPNB-UHFFFAOYSA-N,O=C(Oc1ccccc1C(=O)Oc1cncc(Cl)c1)c1ccccc1O,0.9979729
YAWYDOMPQPEPAS-BIKNGKINSA-N,COC(=O)C[C@H](NC(=O)CNC(=O)[C@H](CCCCNC(=O)OC1C/C(=C\c2ccc([N+](=O)[O-])cc2)C(=O)/C(=C/c2ccc([N+](=O)[O-])cc2)C1)NC(=O)OC(C)(C)C)C(=O)OC,0.49102095
RMLNKLORWJAJJZ-UHFFFAOYSA-N,O=C(Nc1ccccc1F)c1cc2c(=O)n3ccccc3nc2n1Cc1ccccc1,0.9920459
HRVIHQDVDQVYBE-UHFFFAOYSA-N,CCCCN1C(=O)C(=O)c2cc(C(N)=O)ccc21,0.9928121
BZWKOEPAPGSYLV-UHFFFAOYSA-N,CCCN1C(=O)C(=O)c2cc(C(=O)O)ccc21,0.99320835
VIBQBRDTHPVEOK-UHFFFAOYSA-N,COC(=O)c1ccc2c(c1)C(=O)C(=O)N2CN1CCOCC1,0.85667545
SKGYHEXXWSDNGH-UHFFFAOYSA-N,NC(=O)c1ccc2c(c1)C(=O)C(=O)N2Cc1ccc2cc(Br)ccc2c1,0.9951186
SRXXVPDYEVSZPE-UHFFFAOYSA-N,O=C(O)c1ccc2c(c1)C(=O)C(=O)N2Cc1ccccc1,0.9947747
QVDSJCUXMOLKLI-UHFFFAOYSA-N,CC(=O)c1cccc(NC(=O)c2cc3c(=O)n4ccccc4nc3n2C)c1,0.97295356
ICEPTMMUVMVNPK-UHFFFAOYSA-N,CN1C(=O)C2(NCCc3cc(O)c(O)cc32)c2cc(Cl)ccc21,0.5290461
IBEFBNPPYVEYSV-UHFFFAOYSA-N,Cc1ccc(C(=O)Oc2cc(C)ccc2C(=O)Oc2cncc(Cl)c2)c(O)c1,0.9939129
GPTMXAZKVCUZCW-UHFFFAOYSA-N,Cc1cc(O)c2c(c1)C(=O)c1c(Br)c(O)c(Br)c(O)c1C2=O,0.92707473
FEHQMKKCKBJNKA-UHFFFAOYSA-N,COc1ccc2c(c1)c(C(C)C(=O)Oc1cncc(Cl)c1)c(C)n2C(=O)c1ccc(Cl)cc1,0.91819423
,[CH](:[N]c1ccc[nH]1)c1c(CNCc2ccc[nH]2)c(CNCc2ccc[nH]2)c(CNCc2ccc[nH]2)c(CNCc2ccc[nH]2)c1CNCc1ccc[nH]1,0.12705737
GMAGOQZMNBRPOU-OMCISZLKSA-N,NC(=S)N/N=C/c1ccc(-c2ccc(C(=O)O)c(Cl)c2)o1,0.9972052
OFVWKCJKTFQHMY-RQZCQDPDSA-N,NC(=S)N/N=C/c1cccc(-c2ccc(C(=O)O)cc2)c1,0.9986614
JUOZFQFRLAKATR-UHFFFAOYSA-N,Cc1ccc(C(=O)Nc2ncc([N+](=O)[O-])s2)cc1,0.9978103
YXNBSYADRMCVPG-VIZOYTHASA-N,NC(=S)N/N=C/c1ccc(-c2ccc(C(=O)O)cc2)s1,0.99865746
VYIXDWVMGJFRGR-GIDUJCDVSA-N,NC(=S)N/N=C/c1ccc(-c2ccc(C(=O)O)c(O)c2)o1,0.99654526
VTHJOISWJSUNDE-UHFFFAOYSA-N,Cc1ccc(N/N=C2/C(=O)Nc3ccc(NC(=O)CCN4CCOCC4)cc32)cc1,0.7014404
UQIOKCTXGYYUDD-UHFFFAOYSA-N,O=C1Nc2ccc(NC(=O)c3ccc(Cl)cc3)cc2/C1=N/Nc1ccncc1,0.37094638
NBGSBBKIKWMCMX-UHFFFAOYSA-N,COc1c(Br)c(OC)c2c(c1Br)C(=O)c1c(Br)c(C)c(Br)c(OC)c1C2=O,0.84185797
NHSGNQAPJCROLA-UHFFFAOYSA-N,O=C(Oc1cncc(Cl)c1)c1ccccc1O,0.99839205
DTOJUCFWOYMHAY-UHFFFAOYSA-N,Cc1ccc(O)c(C(=O)Oc2cncc(Cl)c2)c1,0.9985299
VTVGMRYZHCRALW-UHFFFAOYSA-N,Cc1c(Br)c(O)c2c(c1Br)C(=O)c1c(Br)c(O)c(Br)c(O)c1C2=O,0.7076662
VFMMLZZPUQDOPY-UHFFFAOYSA-N,CN1C(=O)C2(NCCc3cc(O)c(O)cc32)c2ccccc21,0.88033587
YIDQCMXPPQQBGK-UHFFFAOYSA-N,Cn1c(C(=O)Nc2ccc3c(c2)OCCO3)cc2c(=O)n3ccccc3nc21,0.9560324
CDQXORKPLJMKQR-UHFFFAOYSA-N,O=C(O)c1ccc2c(c1)C(=O)C(=O)N2Cc1ccc2ccccc2c1,0.9778919
MIUFWBYRBXTIDZ-UHFFFAOYSA-N,NC(=O)c1ccc2c(c1)C(=O)C(=O)N2Cc1ccc2cc(-c3ccccc3)ccc2c1,0.9962375
WGPNFWSNPCMOIT-UHFFFAOYSA-N,O=C(CSc1c[nH]c2c(Br)cccc12)NCc1ccc(Cl)c(Cl)c1,0.9944813
DARJDUBKCHQNJM-UHFFFAOYSA-N,O=C(CSc1c[nH]c2ccccc12)NCc1ccccc1,0.99774027
TYLOEMFGLQBHPE-UHFFFAOYSA-N,O=C(Oc1cncc(Cl)c1)c1ccc2[nH]ccc2c1,0.99326646
JBLLRCOZJMVOAE-HSQYWUDLSA-N,COc1cccc2[nH]c(C(=O)N[C@@H](CC(C)C)C(=O)N[C@@H](C[C@@H]3CCNC3=O)C(=O)c3nc4ccccc4s3)cc12,0.4128623
DCIBJGPXCJFQQK-FBXJHNGQSA-N,CN1C[C@H](c2ccccc2)[C@]2(CN(S(C)(=O)=O)C/C(=C\c3ccccc3)C2=O)[C@]12C(=O)Nc1ccccc12,0.06642506
RQNYSHJZOZMPRU-UHFFFAOYSA-N,S=c1[nH]nc2c3c(-c4ccccc4)cn(-c4ccc(Cl)cc4)c3ncn12,0.8897591
QCASYPXXRFRHJI-UHFFFAOYSA-N,O=C(CSC1CNc2ccccc21)N(Cc1ccccc1)Cc1ccccc1,0.92798895
NGYAJBARDRVBLE-SUMWQHHRSA-N,CC[C@H](NC(C)=O)C(=O)N[C@H](C(=O)NCC(=O)OCCN1C(=O)C=CC1=O)C(C)(C)C,0.7752185
BWSMBHOQIXSNGP-JFFZKKEUSA-N,CCCOC(=O)/C=C/[C@H](C[C@@H]1CCNC1=O)NC(=O)C(CC(C)C)NC(=O)[C@@H](NC(=O)[C@H](C)NC(=O)c1cc(C)on1)C(C)C,0.016094951
QTGORSKTHIBLJT-FIVJMQNTSA-N,O=C(/C=C/c1ccccc1)N[C@@H](CC1CCCCC1)C(=O)N[C@@H](C[C@@H]1CCNC1=O)C(=O)C(=O)NCc1ccccc1,0.4145775
ASXVEBPEZMSPHB-UHFFFAOYSA-N,CC(NC(=O)C(Cc1ccccc1)NC(=O)OCc1ccccc1)C(=O)CF,0.9817105
UVERBUNNCOKGNZ-CQSZACIVSA-N,Cc1ccc(N)cc1C(=O)N[C@H](C)c1cccc2ccccc12,0.9970822
IYFUUNMVWJUWOU-UHFFFAOYSA-N,COc1ccccc1CN(OC)C(=O)CSc1c[nH]c2c(-c3ccccc3)cccc12,0.9845873
QBTHEEPOXUMFIZ-UHFFFAOYSA-N,COc1ccc(C=NNc2ncnc3c2c(-c2ccccc2)cn3-c2ccccc2)cc1,0.9841904
WZECSTGWQTZCIY-SFQUDFHCSA-N,CCS(=O)(=O)N(c1ccc(C(=O)/C=C2/C(=O)Nc3ccc(Cl)cc32)cc1)S(=O)(=O)CC,0.9514177
DMHYAQLYAFULCU-VXKWHMMOSA-N,C=CC[C@H](NC(=O)CCl)C(=O)N[C@@H](Cc1c[nH]c2ccccc12)C(=O)NCc1ccccc1,0.8955874
STEBBEGVSNSKGT-PMERELPUSA-N,Cc1ccc(-c2cccc(S(=O)(=O)N[C@@H](Cc3cccc(C(=N)N)c3)C(=O)N3CCC(NC(=O)NC(C)(C)C)CC3)c2)cc1C,0.9841912
LXKXHISGOOZAGB-UHFFFAOYSA-N,O=C(Oc1cncc(Cl)c1)c1ccc2c(ccn2S(=O)(=O)c2cccc([N+](=O)[O-])c2)c1,0.9847608
DMSMPAJRVJJAGA-UHFFFAOYSA-N,O=c1[nH]sc2ccccc12,0.97991896
SZGFEDHUUMPKOQ-UHFFFAOYSA-N,O=C(CSc1c[nH]c2ccccc12)N(Cc1ccccc1)Cc1ccccc1,0.9985682
BJJVJYHBCURDRW-UHFFFAOYSA-N,COc1ccccc1CNC(=O)CSc1c[nH]c2c(-c3ccccc3)cccc12,0.98978806
KMVGELVYJSQGCG-UHFFFAOYSA-N,CN(C)CCOc1ccc(CNC(=O)CSc2c[nH]c3ccccc23)cc1,0.998044
CIZCWSJDCWBINO-UHFFFAOYSA-N,CCCn1sc2ccccc2c1=O,0.93946403
YSBHATAWWDVERR-UHFFFAOYSA-N,O=C(CSc1c[nH]c2cccc(Br)c12)N(Cc1ccccc1)Cc1ccccc1,0.9935602
NKORYKWDZIQXSP-XNTDXEJSSA-N,CCS(=O)(=O)Oc1ccc(C(=O)/C=C2/C(=O)Nc3ccc(Cl)cc32)cc1,0.9489398
JPPVKVVMAMNFJH-PBSJDSSISA-N,COP(=O)(OC)N1C/C(=C\c2ccc(F)cc2)C(=O)[C@@]2(C1)[C@H](c1ccc(F)cc1)CN(C)[C@]21C(=O)Nc2ccc(Cl)cc21,0.04288079
JGAMTTJARHTBAO-UHFFFAOYSA-N,Clc1cccc(-n2cc(-c3ccccc3)c3c2ncn2cnnc32)c1,0.98247254
KNZPYVJHLUGBIW-VOOSAAORSA-N,CC(C)C[C@H](NC(=O)[C@H](CC1=CNC2C=CC=CC12)NC(=O)[C@H](CCCNC(=N)N)NC(=O)[C@H]1CCC[C@@H]1NC(=O)[C@H](CCC(=O)O)NC(=O)[C@H](CC(=O)O)NC(=O)[C@H](CC(=O)O)NC(=O)[C@@H](N)CCCNC(=N)N)C(=O)N[C@H]1CCC[C@@H]1C(=O)NC(C(=O)N[C@@H](CC(=O)O)C(=O)NC1=CC=C[C@@H]1C(=O)N[C@H](C(=O)N[C@@H](Cc1ccc(O)cc1)C(=O)N[C@@H](CC(=O)O)C(=O)N[C@@H]1CCC[C@H]1C(=O)N[C@H](Cc1c[nH]c2ccccc12)C(=O)N[C@H](Cc1c[nH]cn1)C(N)=O)C(C)C)C(C)O,0.030574515
KWEPWRDIBPNLCJ-UHFFFAOYSA-N,CCCCCCCCOC(=O)c1c(Cl)c(Cl)c(Cl)c(Cl)c1-c1c2cc(I)c(=O)c(I)c-2oc2c(I)c(O)c(I)cc12,0.7490003
VGGQLLAULCYYQI-UHFFFAOYSA-N,CCCCOc1ccc(F)c(-n2ccc(=O)n(CCCCCOc3ccc(C(=O)O)cc3)c2=O)c1,0.99103385
QCLUKMRSPIGCSN-MEDUHNTESA-N,Oc1cc(-c2nnc([C@H](O)[C@@H](O)Cc3nnc(-c4ccc(O)c(O)c4O)o3)o2)cc(O)c1O,0.4027959
IDBWWEGDLCFCTD-LHDHWOGPSA-N,Cc1cc(C(=O)N[C@@H](C)C(=O)N[C@H](C(=O)NC(CC(C)C)C(=O)N[C@H](/C=C/C(=O)OCc2ccccc2)C[C@@H]2CCNC2=O)C(C)C)no1,0.0744037
PLVWMBFPIAQRHK-VXKWHMMOSA-N,CCC[C@H](NC(=O)[C@H](CC(C)C)NC(=O)OCc1ccccc1)C(=O)C(=O)NCc1ccccn1,0.9455603
ACBZBWFKUGVGRC-UHFFFAOYSA-N,COc1ccc(-c2cnc3[nH]cc(NC(=O)c4cccnc4)c3c2)cc1OC,0.99405754
NLVRHQFXQFSBQK-XWGVYQGASA-N,CC(C)(C)OC(=O)Nc1cccn([C@@H](CC2CC2)C(=O)N[C@@H](C[C@@H]2CCNC2=O)C(=O)C(=O)NCc2ccccc2)c1=O,0.72686076
MMEXJKOSHXYXRF-UHFFFAOYSA-N,CCCCCCCCCCCC[N+](C)(C)CCOc1ccc(Br)cc1,0.54558027
YTPHOWZNWUEKOK-UHFFFAOYSA-N,O=C(O)c1ccc(OCCCCCn2c(=O)ccn(-c3c4ccccc4cc4ccccc34)c2=O)cc1,0.9726274
LUWFDVWYZOYALA-UHFFFAOYSA-N,CCCCCCCCCCOC(=O)c1c(Cl)c(Cl)c(Cl)c(Cl)c1-c1c2cc(I)c(=O)c(I)c-2oc2c(I)c(O)c(I)cc12,0.7490003
UJHDXLPYXRBCNN-PBSJDSSISA-N,COP(=O)(OC)N1C/C(=C\c2ccc(Br)cc2)C(=O)[C@@]2(C1)[C@H](c1ccc(Br)cc1)CN(C)[C@]21C(=O)Nc2ccc(Cl)cc21,0.020528004
CYUHVRDTEYEWJT-GHRIWEEISA-N,CCS(=O)(=O)N(c1ccc(C(=O)/C=C2/C(=O)Nc3ccccc32)cc1)S(=O)(=O)CC,0.9503997
AAGWZGZFZQICGA-UHFFFAOYSA-N,CN(Cc1ccccc1)C(=O)CSc1c[nH]c2cccc(Br)c12,0.9932634
KIQWPBPPGBRNDL-UHFFFAOYSA-N,O=C(CSc1c[nH]c2ccccc12)NCc1ccc(C(F)(F)F)cc1,0.9960317
RDWXSJCICPOOKO-UHFFFAOYSA-N,Cn1sc2ccccc2c1=O,0.9487757
CGONTYBKIBJCCD-HKBQPEDESA-N,COc1ccc(-c2cccc(S(=O)(=O)N[C@@H](Cc3cccc(C(=N)N)c3)C(=O)N3CCN(C(=O)NC4CCCCC4)CC3)c2)c(OC)c1,0.96651435
BUQJUCVPPUJQBJ-UHFFFAOYSA-N,C=CCn1sc2ccccc2c1=O,0.9392321
UIDSDWKVJVRPHH-CYBMUJFWSA-N,C[C@@H](NC(=O)CSc1c[nH]c2ccccc12)c1ccccc1,0.9935184
NIWGJPKYBWWKOU-UHFFFAOYSA-N,O=C(CSc1c[nH]c2cc(Br)ccc12)NCc1ccc(Cl)c(Cl)c1,0.9978922
WENKGGFRFGCULS-DUNSEXALSA-N,CN1C[C@H](c2ccc(F)cc2)[C@]2(CN(S(C)(=O)=O)C/C(=C\c3ccc(F)cc3)C2=O)[C@]12C(=O)Nc1ccccc12,0.019626547
HGCGSGYKRCRUFM-DUNSEXALSA-N,CN1C[C@H](c2ccc(Br)cc2)[C@]2(CN(S(C)(=O)=O)C/C(=C\c3ccc(Br)cc3)C2=O)[C@]12C(=O)Nc1ccccc12,0.023814883
XAGVUVLRKSMPAA-UHFFFAOYSA-N,CNC(=O)Cn1c(=O)[nH]/c(=N\c2cc3cn(C)nc3cc2Cl)n(Cc2cc(F)c(F)c(F)c2)c1=O,0.21675788
JKKULFTYKUEDPL-UHFFFAOYSA-N,O=c1cc(OCCCOc2ccnc(SCc3ccc(F)cc3)n2)c2cc(F)ccc2o1,0.98939264
PTUWWNGMUPSKDC-UHFFFAOYSA-N,O=C(NC(Cc1ccc(O)cc1)C(=O)O)c1cc(-c2ccccc2)c(=O)n2c1sc1ccc(OC3CCCCC3)cc12,0.5669032
HWYRKZDETMXFKE-ZGFBMJKBSA-N,CC(C)[C@@H](NC(=O)OCc1ccccc1)C(=O)N[C@H](CC1CCCCC1)C(=O)N[C@@H](C=O)C[C@H]1CCNC1=O,0.7817183
IYBHFZISLRFUPL-JBACZVJFSA-N,Nc1cccn([C@@H](CC2CC2)C(=O)N[C@@H](C[C@@H]2CCNC2=O)C(=O)C(=O)NCc2ccccc2)c1=O,0.803583
MUNFBYOTGGMQOS-XMMPIXPASA-N,CC(C)(C)c1ccc(N(C(=O)c2c[nH]cn2)[C@@H](C(=O)NC2CCCCC2)c2cccnc2)cc1,0.9352696
CCHRSRKMOLSGMR-KBKYZLAFSA-N,CC(=O)N[C@@H](CCc1nc2ccccc2s1)C(=O)N[C@@H](CN)C(=O)NCC(=O)NC/C=C/C(=O)O,0.4380527
HPKJGHVHQWJOOT-ZJOUEHCJSA-N,O=C[C@H](C[C@@H]1CCNC1=O)NC(=O)[C@H](CC1CCCCC1)NC(=O)c1cc2ccccc2[nH]1,0.9119855
AZTASKRPWMAJOD-VGOFMYFVSA-N,NC(=S)N/N=C/c1ccc(-c2ccc([N+](=O)[O-])cc2)o1,0.9970817
BUOSOLLSZIGEML-OAQYLSRUSA-N,CC(C)(C)OC(=O)N[C@@H]1CCN(c2ccc3cccc(OCC(=O)NCc4ccccc4)c3n2)C1,0.9951649
PROCLCZZFLLLMZ-UHFFFAOYSA-N,N#Cc1ccc(S(=O)(=O)N2CCN(C(=O)c3cc(O)c(O)c(O)c3)C(C(=O)NCc3ccc(-c4ccccc4)cc3)C2)cc1,0.7689884
QMPBBNUOBOFBFS-UHFFFAOYSA-N,Cn1cnc(Cn2c(=O)[nH]/c(=N\c3cc4cn(C)nc4cc3Cl)n(Cc3cc(F)c(F)cc3F)c2=O)n1,0.09508795
CARKXKGAXCPLDO-YVBSNHPSSA-N,CCS(=O)(=O)N1C/C(=C\c2ccc(Cl)cc2)C(=O)[C@]2(C1)[C@@H](c1ccc(Cl)cc1)CN(C)[C@@]21C(=O)Nc2ccc(Cl)cc21,0.033447746
ZPYRPLKFPICBCL-XACXPKIDSA-N,CN1C[C@H](c2ccccc2)[C@]2(CN(S(C)(=O)=O)C/C(=C\c3ccccc3)C2=O)[C@]12C(=O)Nc1ccc(Cl)cc12,0.020688701
QPTRCMKGPYHAKR-UHFFFAOYSA-N,COc1ccccc1CNC(=O)CSc1c[nH]c2c(Br)cccc12,0.9970644
PRLIOOFJTHOJPZ-UHFFFAOYSA-N,Nc1ccccc1-n1sc2ccccc2c1=O,0.69592214
PPPSWBCFHWAKFZ-UHFFFAOYSA-N,COc1ccccc1CNC(=O)CSc1c[nH]c2cccc(Br)c12,0.9980191
ASJKQODISKSGEL-GXDHUFHOSA-N,CS(=O)(=O)Oc1ccc(C(=O)/C=C2/C(=O)Nc3ccccc32)cc1,0.8988304
LCFTYIIQOFJNEV-UHFFFAOYSA-N,COc1ccccc1CNC(=O)CSc1c[nH]c2cc(Br)ccc12,0.9985794
AXFLRTFFXWYKJJ-UHFFFAOYSA-N,COc1ccccc1CN(C)C(=O)CSc1c[nH]c2ccccc12,0.99522156
JZMXCENGODLQED-UHFFFAOYSA-N,CC(C)Cn1sc2ccccc2c1=O,0.92828333
OSHNCJIDUNDZJF-YUQJVSQNSA-N,COc1ccc(/C=C2\CN(S(C)(=O)=O)C[C@@]3(C2=O)[C@@H](c2ccc(OC)c(OC)c2)CN(C)[C@@]32C(=O)Nc3ccccc32)cc1OC,0.05627219
WEGOLTFKIFSOIH-YCMTUVLUSA-N,CN1C[C@H](c2ccc(F)cc2)[C@]2(CN(S(C)(=O)=O)C/C(=C\c3ccc(F)cc3)C2=O)[C@]12C(=O)Nc1ccc(Cl)cc12,0.07015314
MXZWWIYCAKLVCA-UHFFFAOYSA-N,CCCCOC(=O)c1c(Cl)c(Cl)c(Cl)c(Cl)c1-c1c2cc(I)c(=O)c(I)c-2oc2c(I)c(O)c(I)cc12,0.75892186
JHDIUUFGPILEJO-UHFFFAOYSA-N,CNC(=O)Cn1c(=O)[nH]/c(=N\c2ccc(OC(F)F)cc2C)n(Cc2cc(F)c(F)c(F)c2)c1=O,0.5673225
MXTDWNUJBPWLKN-UHFFFAOYSA-N,CC(C)(C)OC(=O)N1CCN(c2ccc3cccc(OCC(=O)NCc4ccccc4)c3n2)CC1,0.99716896
YWWMQXXOXRPZCC-UHFFFAOYSA-N,O=C(O)c1ccc(OCCCCCn2c(=O)ccn(CCCCCOc3ccc(Br)cc3)c2=O)cc1,0.9892281
AGFNHUWABBPXMZ-SFYKDHMMSA-N,CC(=O)N1CSC[C@H]1C(=O)N[C@H](C(=O)N[C@@H](CC(C)C)C(=O)NCC(=O)OCCCN1C(=O)C=CC1=O)C(C)(C)C,0.6753439
GBFDUEHBZPUKMB-VIZOYTHASA-N,NC(=S)N/N=C/c1ccc(-c2ccc(C(=O)O)cc2)o1,0.998679
BSPZFJDYQHDZNR-GXIXOUGGSA-N,CC(C)C[C@@H](NC(=O)OCc1ccccc1)C(=O)N[C@H](C[C@H]1CCNC1=O)C(O)S(=O)(=O)O,0.010714809
QTGORSKTHIBLJT-FIVJMQNTSA-N,O=C(/C=C/c1ccccc1)N[C@@H](CC1CCCCC1)C(=O)N[C@@H](C[C@@H]1CCNC1=O)C(=O)C(=O)NCc1ccccc1,0.4145775
MMVYUHFDLZLNDJ-UHFFFAOYSA-N,Cc1ccc(N2CCN(C)CC2)cc1C(=O)NC1(c2cc(-c3cnn(C)c3)nc3ccccc23)CC1,0.9366986
GUBDCSAAGRTMKG-CUWPLCDZSA-N,O=C[C@H](C[C@@H]1CCNC1=O)NC(=O)[C@H](Cc1ccc(F)cc1)NC(=O)c1cc2ccccc2[nH]1,0.62409645
RJWLAIMXRBDUMH-ULQDDVLXSA-N,CSCC[C@@H](C=O)NC(=O)[C@H](CC(C)C)NC(=O)[C@H](CC(C)C)NC(C)=O,0.98129725
BRFDPJYHCJVJEP-ZJOUEHCJSA-N,O=C[C@H](C[C@@H]1CCNC1=O)NC(=O)[C@H](Cc1ccccc1)NC(=O)c1cc2ccccc2[nH]1,0.8498752
RWNPWYHREODZKW-SRPIJEGYSA-N,CC(=O)N[C@@H](CCc1ccc(O)cc1)C(=O)N[C@@H](CN)C(=O)NCC(=O)NC/C=C/C(=O)O,0.73831224
QXBHVMNLTVALLC-VGOFMYFVSA-N,NC(=S)N/N=C/c1ccc(-c2cccc([N+](=O)[O-])c2)o1,0.99798006
ODVWLYKAIGIEPE-UHFFFAOYSA-N,Nc1ccc(S(=O)(=O)N2CCN(C(=O)c3cc(O)c(O)c(O)c3)C(C(=O)NCc3ccc(-c4ccccc4)cc3)C2)cc1,0.81928504
BUOSOLLSZIGEML-NRFANRHFSA-N,CC(C)(C)OC(=O)N[C@H]1CCN(c2ccc3cccc(OCC(=O)NCc4ccccc4)c3n2)C1,0.9951649
SFOAMIQSXRHIDA-UHFFFAOYSA-N,CCCCCCOC(=O)c1c(Cl)c(Cl)c(Cl)c(Cl)c1-c1c2cc(I)c(=O)c(I)c-2oc2c(I)c(O)c(I)cc12,0.73456854
JONKCGVALIFOJI-OCUUXUKKSA-N,C=S(=O)(CC)N1C/C(=C\c2ccc(F)cc2)C(=O)[C@]2(C1)[C@@H](c1ccc(F)cc1)CN(C)[C@@]21C(=O)Nc2ccccc21,0.02692221
QQOFPYYPPIHGNV-NONDCYEXSA-N,COP(=O)(OC)N1C/C(=C\c2ccccc2)C(=O)[C@@]2(C1)[C@H](c1ccccc1)CN(C)[C@]21C(=O)Nc2ccc(Cl)cc21,0.019004017
TUCOTTOSWOLVMJ-UHFFFAOYSA-N,CN(Cc1ccccc1)C(=O)CSc1c[nH]c2ccccc12,0.99682
BKCDKWJRHGJSRF-UHFFFAOYSA-N,O=c1c2ccccc2sn1CCO,0.9142188
GOSIAGRSMKNKPR-UHFFFAOYSA-N,O=C(CSc1c[nH]c2ccc(Br)cc12)NCc1ccc(Cl)c(Cl)c1,0.996911
DPILAZGUIAXGTN-UHFFFAOYSA-N,Cc1ncc(OC(=O)c2cccc3[nH]ccc23)cc1Cl,0.98745304
ZUGRGKZJSHHZGX-UHFFFAOYSA-N,Cc1cc(C(=O)Oc2cncc(Cl)c2)c2cc[nH]c2c1,0.9908174
KWLOKUMNWAEMHY-UHFFFAOYSA-N,CCCNC(=O)n1sc2ccccc2c1=O,0.9847739
MFYVCHMRAJZMLR-UHFFFAOYSA-N,O=C(CSc1[nH]c2ccccc2c1SCC(=O)Nc1ccc(Cl)c(Cl)c1)Nc1ccc(Cl)c(Cl)c1,0.98997
FNWCKZGIMVPZTN-UHFFFAOYSA-N,COc1ccccc1CNC(=O)CSc1c[nH]c2ccc(Br)cc12,0.99847776
KRXMYBAZKJBJAB-UHFFFAOYSA-N,Cc1ccc(-n2sc3ccccc3c2=O)cc1,0.8394705
NHWITSYUVIJHRS-WTAJHKDLSA-N,C=C1CC[C@@H]2[C@](C)(COC(C)=O)[C@H](OC(C)O)CC[C@@]2(C)[C@@H]1CC(SC(=S)N1CCN(C(c2ccccc2)c2ccc(Cl)cc2)CC1)C1=CCOC1=O,0.0054685953
SFLYWAKKJPPSFS-IGCPHGIMSA-N,Cc1n[nH]c2c1C(c1ccc([N+](=O)[O-])cc1)C1=C(N=C(N(C)C)NC1N/N=C/C1O[C@H](CO)[C@@H](O)[C@H](O)[C@H]1O)N2,0.0017857688
NELOAMWPFFAQDU-UHFFFAOYSA-N,COc1ccc2c(c1)C(=O)C(=O)N2Cc1cn(CC(=O)Nc2ccc(C(C)=O)cc2)nn1,0.9896577
NLZNSSWGRVBWIX-REVBKLEOSA-N,COC(=O)CC[C@H](NC(=O)[C@H](Cc1c[nH]c2ccccc12)NC(=O)OCc1ccccc1)C(=O)N[C@@H](Cc1cnc[nH]1)C(=O)NC(CC(=O)OC)C(=O)CF,0.48243734
ASJKQODISKSGEL-GXDHUFHOSA-N,CS(=O)(=O)Oc1ccc(C(=O)/C=C2/C(=O)Nc3ccccc32)cc1,0.8988304
KLCHVIOETGTNDS-UHFFFAOYSA-N,Cc1cccc(CSc2nccc(OCCOc3cc(=O)oc4ccccc34)n2)c1,0.9750972
KNNCWKZPHLIGAD-ONKIVUJISA-N,OC[C@@H]1[C@@H](O)[C@H](O)[C@@H](O)CN1CCCCCC12CC(C1)C2,0.8496327
YREMPYYYCXBPID-OFAXGOBFSA-N,CC(=O)N[C@H](C(=O)N[C@H](C(=O)N[C@@H](CC(C)C)C(=O)NCC(=O)OCCN1C(=O)C=CC1=O)C(C)(C)C)C(C)C,0.5174364
PGZIGPUVOXAGCU-AWEZNQCLSA-N,CC(=O)N[C@H](C(=O)NCC(=O)OCCN1C(=O)C=CC1=O)C(C)C,0.95567954
WJGBKYIDFKRSKX-UHFFFAOYSA-N,Cc1n[nH]c2c1C(c1cccs1)C1=C(N=C(N(C)C)N3N=C(c4ccc(Cl)cc4)NC13)N2,0.010128087
AIZGXTUUNIJAEY-DTEOHWLHSA-N,C=C1CC[C@@H]2[C@](C)(COC(C)=O)[C@H](OC(C)O)CC[C@@]2(C)[C@@H]1CC(SC(=S)N1CCN(C(c2ccc(F)cc2)c2ccc(F)cc2)CC1)C1=CCOC1=O,0.008281841
XIDSLNRVMMPVBZ-UHFFFAOYSA-N,O=C(CSc1c[nH]c2cccc(Br)c12)NCc1ccc(Cl)c(Cl)c1,0.9972373
GTTHESNNWLOVLD-UHFFFAOYSA-N,O=c1c2ccccc2sn1Cc1ccccc1,0.7309211
FSFLGRDOGLYDFS-UHFFFAOYSA-N,CCOc1ccccc1CN(OC)C(=O)CSc1c[nH]c2cccc(Br)c12,0.98597485
DAIJWARWMVCTPJ-UHFFFAOYSA-N,Cc1ccc2[nH]ccc2c1C(=O)Oc1cncc(Cl)c1,0.9959
ZIFJJRRCTKAIGB-UHFFFAOYSA-N,COC(=O)c1ccc(-n2sc3ccccc3c2=O)cc1,0.9769512
OUNROJVGCGSCFI-UHFFFAOYSA-N,O=C(CSc1c[nH]c2ccccc12)Nc1ccc(Cl)c(Cl)c1,0.9976439
GYVKPAVYPMIITO-UHFFFAOYSA-N,CCCCNC(=O)n1sc2ccccc2c1=O,0.9849749
MLTLPJROQNHOKO-UHFFFAOYSA-N,O=C(Oc1cncc(Cl)c1)c1cc(F)cc2[nH]ccc12,0.9899116
KVWAOMXRMPOOQG-LBOJAEDFSA-N,CCS(=O)(=O)N1C/C(=C\c2ccc(Cl)cc2)C(=O)[C@]2(C1)[C@@H](c1ccc(Cl)cc1)CN(C)[C@@]21C(=O)Nc2ccccc21,0.023282226
NHWITSYUVIJHRS-WTAJHKDLSA-N,C=C1CC[C@@H]2[C@](C)(COC(C)=O)[C@H](OC(C)O)CC[C@@]2(C)[C@@H]1CC(SC(=S)N1CCN(C(c2ccccc2)c2ccc(Cl)cc2)CC1)C1=CCOC1=O,0.0054685953
JFBYMSCGFLFIGP-UHFFFAOYSA-N,CC(=O)c1ccc(NC(=O)Cn2cc(CN3C(=O)C(=O)c4ccccc43)nn2)cc1,0.989451
MVPQJUFFTWWKBT-HVLXEHQLSA-N,COC(=O)C[C@H](NC(=O)[C@H](C)NC(=O)[C@H](NC(=O)[C@H](Cc1ccc(O)cc1)NC(=O)OCc1ccccc1)C(C)C)C(=O)CF,0.6411758
PWKMNWCHICTDMH-UHFFFAOYSA-N,Cc1cccc(NC(=O)CSc2c(C)[nH]c3ccccc23)c1,0.99073863
NKORYKWDZIQXSP-XNTDXEJSSA-N,CCS(=O)(=O)Oc1ccc(C(=O)/C=C2/C(=O)Nc3ccc(Cl)cc32)cc1,0.9489398
ZOLFTGHFMWRRCQ-NPPFBWRTSA-N,CC(=O)N1CSC[C@H]1C(=O)N[C@H](C(=O)N[C@@H](CC(C)C)C(=O)NCC(=O)OCCN1C(=O)C=CC1=O)C(C)(C)C,0.6843709
HWZACFHGFLSIRQ-JTQLQIEISA-N,CC[C@H](NC(C)=O)C(=O)NCC(=O)OCCN1C(=O)C=CC1=O,0.9636957
QYENXTYKACLCGO-KZNAEPCWSA-N,CC(C)C[C@@H](NC(=O)OCc1ccccc1)C(=O)N[C@@H](C=O)C[C@H]1CCNC1=O,0.8624336
QDIMHKWNHMVDJB-WBAXXEDZSA-N,COc1cccc2[nH]c(C(=O)N[C@@H](CC(C)C)C(=O)N[C@@H](C[C@@H]3CCNC3=O)C(=O)CO)cc12,0.40336955
FQKALOFOWPDTED-WBAXXEDZSA-N,COc1cccc2[nH]c(C(=O)N[C@@H](CC(C)C)C(=O)N[C@@H](C[C@@H]3CCNC3=O)C(=O)COP(=O)(O)O)cc12,0.3937908
RUHYGYHBVKWREW-GXRSIYKFSA-N,CC(C)C[C@@H](NC(=O)[C@H](NC(=O)OCc1ccccc1)C(C)C)C(=O)N[C@@H](C=O)C[C@H]1CCNC1=O,0.67871505
VMZVIDMBNWRCBB-HNNXBMFYSA-N,CC(=O)N[C@H](C(=O)NCC(=O)OCCCN1C(=O)C=CC1=O)C(C)C,0.96931523
UKKYCNCWSWDENN-WDJPJFJCSA-N,CC(=O)N[C@H](C(=O)N[C@H](C(=O)N[C@@H](CC(C)C)C(=O)NCC(=O)OCCCN1C(=O)C=CC1=O)C(C)(C)C)C(C)C,0.630132
XVYLNHVEAOOEGI-FAIWKWDXSA-N,OC[C@@H]1[C@@H](O)[C@H](O)[C@@H](O)CN1CCCCCOCC12CC3CC(CC(C3)C1)C2,0.9669489
PAVOOVPPTDMDLO-RVDMUPIBSA-N,CS(=O)(=O)N(c1ccc(C(=O)/C=C2/C(=O)Nc3ccccc32)cc1)S(C)(=O)=O,0.8708952
CFHTXXKOTGPMQU-UHFFFAOYSA-N,CCOc1cccc(NC(=O)CSc2cn(C(=O)OC(C)(C)C)c3ccccc23)c1,0.9962154
NKSMTZPELOATFX-HZUJVAHNSA-N,COC(=O)C[C@H](NC(=O)[C@H](C)NC(=O)[C@H](NC(=O)CCc1ccccc1)C(C)C)C(=O)CF,0.82480204
MWAMIDMOJGJSKK-UHFFFAOYSA-N,NO[S+]([O-])c1ccc(NC(=O)Cn2cc(CN3C(=O)C(=O)c4cc(OC(F)(F)F)ccc43)nn2)cc1,0.9539859
RMKXHDRTRISBCB-YCMTUVLUSA-N,CN1C[C@H](c2ccc(Cl)cc2)[C@]2(CN(S(C)(=O)=O)C/C(=C\c3ccc(Cl)cc3)C2=O)[C@]12C(=O)Nc1ccc(Cl)cc12,0.03651718
IRBBDJYBNHNLKO-UHFFFAOYSA-N,O=C(NCc1ccco1)n1sc2ccccc2c1=O,0.9826314
IUYFODOLXCDVEV-UHFFFAOYSA-N,Cc1c(Cl)cncc1OC(=O)c1cccc2[nH]ccc12,0.9377064
JRSBMUWHGBISID-UHFFFAOYSA-N,COc1cccc(NC(=O)CSc2c[nH]c3ccccc23)c1,0.998164
JROSKNTUYSPHGX-UHFFFAOYSA-N,O=C(Oc1cncc(Cl)c1)c1cccc2c1CCN2,0.99517953
HTGWNSJHOKFSEN-UHFFFAOYSA-N,Cc1c[nH]c2cccc(C(=O)Oc3cncc(Cl)c3)c12,0.9959508
KDMQSUUXKLZVNU-UHFFFAOYSA-N,O=c1c2ccccc2sn1-c1ccccc1,0.71851254
JROSKNTUYSPHGX-UHFFFAOYSA-N,O=C(Oc1cncc(Cl)c1)c1cccc2c1CCN2,0.99517953
PGVFVGUGIJCERX-RPPGKUMJSA-N,Cc1n[nH]c2c1C(c1ccc([N+](=O)[O-])cc1)c1c(N/N=C/c3ccc(Br)cc3)nc(N(C)C)nc1N2,0.0751035
OEDYFNFRLNGOCR-ZQHMDUQPSA-N,C=C1CC[C@@H]2[C@](C)(COC(C)=O)[C@H](OC(C)O)CC[C@@]2(C)[C@@H]1CC(SC(=S)N1CCc2ccccc2[C@@H]1c1ccccc1)C1=CCOC1=O,0.02552491
YGHCNXCGOVTXGN-UHFFFAOYSA-N,O=C(CSc1c[nH]c2ccccc12)NCc1ccc(Cl)c(Cl)c1,0.9958572
ACLZBMSEUGWFIO-KBXCAEBGSA-N,CC(=O)N1CSC[C@H]1C(=O)N[C@H](C(=O)NCC(=O)OCCCN1C(=O)C=CC1=O)C(C)(C)C,0.8358749
POTPADDPWDZZEZ-NSHDSACASA-N,CC(=O)N1CSC[C@H]1C(=O)NCC(=O)OCCCN1C(=O)C=CC1=O,0.89695305
FSFLGRDOGLYDFS-UHFFFAOYSA-N,CCOc1ccccc1CN(OC)C(=O)CSc1c[nH]c2cccc(Br)c12,0.98597485
CQOAHWAPCQGQNC-UHFFFAOYSA-N,NO[S+]([O-])c1ccc(NC(=O)Cn2cc(CN3C(=O)C(=O)c4ccccc43)nn2)cc1,0.98949206
OEDYFNFRLNGOCR-XNWJNKOUSA-N,C=C1CC[C@@H]2[C@](C)(COC(C)=O)[C@H](OC(C)O)CC[C@@]2(C)[C@@H]1CC(SC(=S)N1CCc2ccccc2[C@H]1c1ccccc1)C1=CCOC1=O,0.02552491
NMUWZFNBPTXVEK-LGJNPRDNSA-N,Cc1ccc(/C=N/Nc2nc(N(C)C)nc3c2C(c2ccc([N+](=O)[O-])cc2)c2c(C)n[nH]c2N3)cc1,0.027654264
KZAVRKCUYNPFSL-UHFFFAOYSA-N,C=CCc1cn(CC=C)c2cccc(C(=O)Oc3cncc(Cl)c3)c12,0.9932359
CPXPGFUBQYOVQL-UHFFFAOYSA-N,O=c1c2ccccc2sn1CCCc1ccccc1,0.9056175
BOSZJNSICHFHMA-UHFFFAOYSA-N,O=C(Oc1cncc(Cl)c1)c1cccc2[nH]ccc12,0.987673
YKETVOGYIZZFGR-UHFFFAOYSA-N,CN(Cc1ccccc1)C(=O)CSc1c[nH]c2c(Br)cccc12,0.99587005
XZZLYYYXSWYYKL-UHFFFAOYSA-N,O=c1c2ccccc2sn1-c1ccc(Cl)cc1,0.7482933
LFMRWHCIESXQIW-UHFFFAOYSA-N,COc1cccc2[nH]c(C(=O)Oc3cncc(Cl)c3)cc12,0.9968004
QPAMZFBGFIOWBO-UHFFFAOYSA-N,Cc1cccc(NC(=O)CSc2c[nH]c3ccccc23)c1,0.998524
KNURQGGJBBBYHV-UHFFFAOYSA-N,O=C(CN1C(C(=O)c2ccc(F)c(Cl)c2)C(=O)c2ccc(F)cc2S1(=O)=O)Nc1ccc(C(F)(F)F)cc1,0.894048
RIEQBAIORONNKN-RPPGKUMJSA-N,Cc1n[nH]c2c1C(c1ccc([N+](=O)[O-])cc1)c1c(N/N=C/c3ccc(Cl)cc3)nc(N(C)C)nc1N2,0.05581412
XPSKUDGEBCYOOS-UHFFFAOYSA-N,COc1ccc2c(c1)C(=O)C(=O)N2Cc1cn(CC(=O)Nc2ccc([S+]([O-])ON)cc2)nn1,0.92055255
FATZKUQQYDHMNU-LNMRYCPJSA-N,COc1ccccc1CNC(=O)[C@@H]1CN2CCC1C[C@H]2Cn1cc(-c2cccc(O)c2)nn1,0.94141954
NQSNTEYVKFJYTJ-VPGIWFEVSA-N,CC[C@H](C)[C@@H](NC(=O)CCc1ccccc1)C(=O)N[C@H](CCC(=O)OC)C(=O)N[C@@H](C(=O)N[C@H](CC(=O)OC)C(=O)CF)[C@@H](C)O,0.71513647
CFVPWMXIGWWNAV-UHFFFAOYSA-N,O=C(NCCNC(=S)Nc1ccc(O)c(O)c1)c1cc(=O)c2c(O)cccc2o1,0.92153656
TXCHUBHNNMCEIA-UHFFFAOYSA-N,COc1ccccc1CNC(=O)CSc1c[nH]c2ccccc12,0.9974854
CYUHVRDTEYEWJT-GHRIWEEISA-N,CCS(=O)(=O)N(c1ccc(C(=O)/C=C2/C(=O)Nc3ccccc32)cc1)S(=O)(=O)CC,0.9503997
HCWXJOREARTCJT-JTQLQIEISA-N,CC(=O)N1CSC[C@H]1C(=O)NCC(=O)OCCN1C(=O)C=CC1=O,0.9127306
PLMDWPOJRAYWPS-SUMWQHHRSA-N,CC(=O)N1CSC[C@H]1C(=O)N[C@H](C(=O)NCC(=O)OCCN1C(=O)C=CC1=O)C(C)(C)C,0.841792
XSTDJVKYGOVXQQ-KBXCAEBGSA-N,CC[C@H](NC(C)=O)C(=O)N[C@H](C(=O)NCC(=O)OCCCN1C(=O)C=CC1=O)C(C)(C)C,0.7475107
WBRKFSSMEYRPGH-NSHDSACASA-N,CC[C@H](NC(C)=O)C(=O)NCC(=O)OCCCN1C(=O)C=CC1=O,0.9739972
WZECSTGWQTZCIY-SFQUDFHCSA-N,CCS(=O)(=O)N(c1ccc(C(=O)/C=C2/C(=O)Nc3ccc(Cl)cc32)cc1)S(=O)(=O)CC,0.9514177
MFYVCHMRAJZMLR-UHFFFAOYSA-N,O=C(CSc1[nH]c2ccccc2c1SCC(=O)Nc1ccc(Cl)c(Cl)c1)Nc1ccc(Cl)c(Cl)c1,0.98997
VWYDFSSLCZLUGB-TZIBIFCZSA-N,CC[C@H](C)[C@H](N)C1=N[C@H](C(=O)N[C@@H](CC(C)C)C(=O)N[C@H](CCC(=O)O)C(=O)N[C@H](C(=O)N[C@H]2CCCCNC(=O)[C@H](CC(N)=O)NC(=O)[C@@H](CC(=O)O)NC(=O)[C@H](Cc3ncc[nH]3)NC(=O)[C@@H](Cc3ccccc3)NC(=O)[C@H]([C@@H](C)CC)NC(=O)[C@@H](CCCN)NC2=O)[C@@H](C)CC)CS1,0.08594912
SXCZFXIYKMIMMF-UHFFFAOYSA-N,NO[S+]([O-])c1ccc(NC(=O)Cn2cc(CN3C(=O)C(=O)c4cc(F)ccc43)nn2)cc1,0.95956695
CFHTXXKOTGPMQU-UHFFFAOYSA-N,CCOc1cccc(NC(=O)CSc2cn(C(=O)OC(C)(C)C)c3ccccc23)c1,0.9962154
SCOBQUKCPDSHPB-UHFFFAOYSA-N,O=c1c2ccccc2sn1Cc1ccco1,0.8964782
XBVPAGLILYEOGS-UHFFFAOYSA-N,C=CCn1ccc2c(C(=O)Oc3cncc(Cl)c3)cccc21,0.99621326
VHCDTESYHOZJIB-UHFFFAOYSA-N,O=C(CSc1c[nH]c2c(Br)cccc12)N(Cc1ccccc1)Cc1ccccc1,0.9978522
FZYRAOYAYPHAMW-UHFFFAOYSA-N,CCCN1C(=O)C(=O)c2cc(C(=O)OC)ccc21,0.9820872
ZCJHLBHJGLCVRU-UHFFFAOYSA-N,O=C1C2C3C=CC(C3)C2C(=O)C2C3C=CC(C3)C12,0.08347165
BTOVWCZBXBSAQA-UHFFFAOYSA-N,Cn1c(C(=O)NCCCNC(=O)n2cc(F)c(=O)[nH]c2=O)cc2ccccc21,0.98876196
LXCISDRRPFVQLC-AJNGGQMLSA-N,CSCC[C@H](NC(=O)[C@H](CCCCN)NC(=O)[C@H](CS)NC(C)=O)C(=O)N[C@@H](CS)C(N)=O,0.97969455
VXYQVSHWFNVJAE-UHFFFAOYSA-N,O=C(O)c1cccc2c1NC(c1cccc(Br)c1)C1CC=CC21,0.577021
GWZBIBSVFWEANJ-UHFFFAOYSA-N,COc1cc2c(cc1F)C1(NCC2)C(=O)Nc2ccc(F)cc21,0.3788376
YFGDWYKLGMSVNE-UHFFFAOYSA-N,Cc1cccn(O)c1=S,0.9685326
HWKXYLQVRLBWNG-UHFFFAOYSA-N,CC(C)c1cnc2c(c1SCC(=O)Nc1ccc(F)cc1)c(=O)n(C)c(=O)n2C,0.57538587
UNCPYHNWMSLFFV-UHFFFAOYSA-N,Cc1cccc(C(=O)Oc2c(C)cccc2C(=O)Oc2cncc(Cl)c2)c1O,0.9850736
OEVKRDQVDJTPII-UHFFFAOYSA-N,Cc1cc(O)c2c(c1)C(=O)c1c(NCCCN)c(O)cc(O)c1C2=O,0.9065977
BBASZYFNPJOYPZ-UHFFFAOYSA-N,O=C(O)c1ccc(CSc2nc3cc(F)c(Oc4ccc(F)cc4)cc3[nH]2)cc1,0.99608994
RYGJIKURQDMMQZ-IHOKFDBFSA-N,C[C@H](NC(=O)C(c1cccnc1)N(C(=O)c1ccco1)c1ccc(-c2ccccc2)cc1)c1ccccc1,0.9602276
MPPXDRWYFZATIY-UHFFFAOYSA-N,O=C(c1cc(=O)[nH]c(=O)[nH]1)N1CCC(c2cc(Cl)c(Cl)c(Cl)c2)CC1,0.9742321
FFIQMOBVMCFVRF-GCJJNJNJSA-N,CC(=O)C1C(=O)C=C2Oc3c(-c4csc(N/N=C/c5ccc(Br)s5)n4)c(O)c(C)c(O)c3[C@@]2(C)C1=O,0.12242266
QNTKVQQLMHZOKP-NEJDVEAASA-N,OC[C@H]1O[C@@](CO)(OC[C@@]2(OC[C@@]3(OC[C@@]4(O[C@H]5O[C@H](CO)[C@@H](O)[C@H](O)[C@H]5O)O[C@H](CO)[C@@H](O)[C@@H]4O)O[C@H](CO)[C@@H](O)[C@@H]3O)O[C@H](CO)[C@@H](O)[C@@H]2O)[C@@H](O)[C@@H]1O,0.021400021
UUVBJRJJCQBXEQ-UHFFFAOYSA-N,CC(C)(C)OC(=O)C1CCC(C(=O)Nc2nc3c(Cl)cccc3o2)CC1,0.99101615
BYUGVEOEFPQOBM-UHFFFAOYSA-N,Cc1cc(O)c2c(c1S(=O)(=O)O)C(=O)c1cc(O)cc(O)c1C2=O,0.86996394
QWZUXAFHGWAEOX-UHFFFAOYSA-N,Cc1ccc(C(=O)Oc2cncc(Cl)c2)c(O)c1,0.9981998
GKNNUFVSPINFPF-UHFFFAOYSA-N,Cc1ccc2c(Nc3ccc(F)cc3)c(C(=O)N3CCCCCC3)cnc2n1,0.9874374
RCWJCTXRXJZSQK-UHFFFAOYSA-N,Cc1ccn(O)c(=S)c1,0.967004
XPATXODQXQXQDM-UHFFFAOYSA-N,COc1cc2c(cc1F)C1(NCC2)C(=O)Nc2ccc(Cl)cc21,0.37181506
CMKDXTIMQMLGFL-UHFFFAOYSA-N,COc1cc2c(cc1OC)C1(NCC2)C(=S)Nc2ccc(Cl)cc21,0.24452226
IGKDWUOAKOWPTF-XMCUXHSSSA-N,CC(=O)N[C@@H](CS)C(=O)N1CCCC1C(=O)N[C@@H](CS)C(N)=O,0.9953695
YQWFLPRHIACOBN-UHFFFAOYSA-N,O=C(NCCCNC(=O)n1cc(F)c(=O)[nH]c1=O)c1cc2ccccc2[nH]1,0.9596134
QDIMHKWNHMVDJB-WBAXXEDZSA-N,COc1cccc2[nH]c(C(=O)N[C@@H](CC(C)C)C(=O)N[C@@H](C[C@@H]3CCNC3=O)C(=O)CO)cc12,0.40336955
SIONLJQSJGOTQF-UHFFFAOYSA-N,CCCCN1C(=O)C(=O)c2cc(C(=O)OC)ccc21,0.97399354
HENVEYFKOOGIOO-UHFFFAOYSA-N,COC(=O)c1ccc2c(c1)C(=O)C(=O)N2C,0.9727237
UPFRLUKDHMINPH-UHFFFAOYSA-N,CCCN1C(=O)C(=O)c2cc(C(N)=O)ccc21,0.99165
PEXDVTLKRDUWFO-UHFFFAOYSA-N,COc1cc2c(cc1F)C1(NCC2)C(=O)Nc2ccc(C)cc21,0.31910026
PKWLBFNBNSTQST-UHFFFAOYSA-N,O=C(O)c1ccccc1C(=O)Nc1ccc(-c2nnc(-c3ccccc3)o2)cc1,0.9979286
GKWQAKBXTSURPB-YGIYOFKLSA-N,CN[C@@H]1[C@H](O[C@@H]2[C@H](O[C@H]3[C@H](O)[C@@H](CP(=O)(O)O)[C@H](N=C(N)N)[C@@H](O)[C@@H]3N=C(N)N)O[C@@H](O)[C@]2(O)CCP(=O)(O)O)O[C@@H](CO)[C@H](O)[C@H]1O,0.032208644
GBVXANLRSHPVHG-DUCMRRHSSA-N,CC(=O)C1C(=O)C=C2Oc3c(-c4csc(N/N=C/c5sccc5C)n4)c(O)c(C)c(O)c3[C@@]2(C)C1=O,0.20475517
IUVWGSZCNPXIOJ-NGYBGAFCSA-N,Cc1cc([N+](=O)[O-])c(-c2ccc(/C=N/NC(=O)c3nonc3N)o2)cc1Cl,0.9699536
SAFVOXFFNIPXBI-JMDOFIGRSA-N,Cc1oc2nc1C(=O)N[C@](C)(C(=O)NC1CCCN(c3ccc(CCN)cc3)C1)c1nc(c(C)o1)C(=O)N[C@](C)(C(=O)NC1CCN(c3ccc(CCN)cc3)CC1)c1nc(c(C)o1)C(=O)N[C@]2(C)C(=O)NC1CCN(c2ccc(CCN)cc2)CC1,0.024932314
NTNYHMJYSGPGCQ-UHFFFAOYSA-N,NC(=O)c1ccc2c(c1)C(=O)C(=O)N2Cc1ccc2ccccc2c1,0.98560834
HPKJGHVHQWJOOT-ZJOUEHCJSA-N,O=C[C@H](C[C@@H]1CCNC1=O)NC(=O)[C@H](CC1CCCCC1)NC(=O)c1cc2ccccc2[nH]1,0.9119855
AKYONPXEPTZZJI-SAMNPIAGSA-N,Cc1oc2nc1C(=O)N[C@](C)(C(=O)Nc1cc(N(C)C)ccc1CCN)c1nc(c(C)o1)C(=O)N[C@](C)(C(=O)Nc1cc(N(C)C)ccc1CCN)c1nc(c(C)o1)C(=O)N[C@]2(C)C(=O)Nc1cc(N(C)C)ccc1CCN,0.17723715
OYTNHSXZOSSYJN-CNHKJKLMSA-N,Cc1cc(-c2ccc(/C=N/NC(=O)Cn3nnnc3N)o2)c([N+](=O)[O-])cc1C,0.9936906
YGFVTMGDFIQLFQ-DUCMRRHSSA-N,CC(=O)C1C(=O)C=C2Oc3c(-c4csc(N/N=C/c5ccc(C)s5)n4)c(O)c(C)c(O)c3[C@@]2(C)C1=O,0.20007831
HNNDUVLZXRMTPS-ALYQPIBKSA-N,OC[C@H]1O[C@H](O[C@H]2O[C@H](CO)[C@@H](O)[C@H](O)[C@H]2O[C@H]2O[C@H](CO)[C@@H](O)[C@H](O)[C@H]2O[C@H]2O[C@H](CO)[C@@H](O)[C@H](O)[C@H]2O[C@H]2O[C@H](CO)[C@@H](O)[C@H](O)[C@H]2O[C@H]2O[C@H](CO)[C@@H](O)[C@H](O)[C@H]2O)[C@H](O)[C@@H](O)[C@@H]1O,0.42692968
RAKAPPJABUBSGD-UHFFFAOYSA-N,O=C(CC12CC3CC(CC(C3)C1)C2)C(=O)Nc1cccc(OCCCN2CCOCC2)c1,0.21918619
RWEBGWSVJMVETK-UHFFFAOYSA-N,COc1cc2c(cc1F)C1(NCC2)C(=O)Nc2c(Br)cc(Br)cc21,0.49326792
BSPZFJDYQHDZNR-ASPXRTSYSA-N,CC(C)C[C@H](NC(=O)OCc1ccccc1)C(=O)N[C@@H](CC1CCNC1=O)C(O)S(=O)(=O)O,0.010714809
UJCHIZDEQZMODR-BYPYZUCNSA-N,CC(=O)N[C@@H](CS)C(N)=O,0.99353397
VDNGDPGHZKPFHH-UHFFFAOYSA-N,NC(=O)c1ccc2c(c1)C(=O)C(=O)N2Cc1cc2ccccc2s1,0.98913014
DKYBERVCUALHHG-UHFFFAOYSA-N,CCCCN1C(=O)C(=O)c2cc(I)ccc21,0.99033654
QXWSJHHADNHGQN-UHFFFAOYSA-N,COc1ccccc1CNC(=O)CSc1cn(C)c2ccccc12,0.9987464
ZRTLOGMPZXDOQV-AUOPALFESA-N,COc1ccc2c(c1)c(CC(=O)NCCCCCCC(=O)N[C@H](C(=O)C1N[C@H](C(=O)N[C@@H](C)c3ccc(-c4scnc4C)cc3)C[C@H]1O)C(C)(C)C)c(C)n2C(=O)c1ccc(Cl)cc1,0.39255446
QWTUCZRORXAMPV-UHFFFAOYSA-N,O=C1C(=O)N(CN2CCOCC2)c2ccc(Cl)cc21,0.90956175
SWBHRTWJNUKJGX-RNFRBKRXSA-N,CC(=O)N[C@H](CS)C(=O)NCC(=O)N[C@H](CS)C(N)=O,0.9791058
GKDZSGOSTQSGNT-UHFFFAOYSA-N,CC(C)Cn1c(C(=O)NCCCNC(=O)n2cc(F)c(=O)[nH]c2=O)cc2cc(C(F)(F)F)ccc21,0.95294577
PXPZZZZQRNCWHX-UHFFFAOYSA-N,CC(C)Cn1c(C(=O)NCCCNC(=O)n2cc(F)c(=O)[nH]c2=O)cc2ccccc21,0.98627716
QEQGAIPVZYHYPA-UHFFFAOYSA-N,COc1ccc2c(c1OC)CCNC21C(=O)Nc2ccc(F)cc21,0.23934358
WFUZYNUZYKCZJW-UHFFFAOYSA-N,COc1cccc(-c2ccnc3nc(N4CCCCC4)[nH]c(=O)c23)c1,0.92135525
NYCMWBOOSPXSNB-UHFFFAOYSA-N,Cc1ccc(=S)n(O)c1,0.9725844
KJJOZDJMVAQFFW-WOQJSSNBSA-N,CCCCCCCCCCCCCCCC(C)Cc1nnc(SCC(O)CO)n1/N=C/c1cn(Cc2ccccc2)c2ccccc12,0.94339913
GBFDUEHBZPUKMB-VIZOYTHASA-N,NC(=S)N/N=C/c1ccc(-c2ccc(C(=O)O)cc2)o1,0.998679
NOKOJEOPQLLCNL-ZDCRTTOTSA-N,Cc1oc2nc1C(=O)N[C@](C)(C(=O)OC(C)C)c1nc(c(C)o1)C(=O)N[C@](C)(C(=O)OC(C)C)c1nc(c(C)o1)C(=O)N[C@]2(C)C(=O)OC(C)C,0.17286557
UWCNYUKPPQGNMZ-LZYBPNLTSA-N,COc1ccc(-c2ccc(/C=N/NC(N)=S)o2)cc1OC,0.998386
HCURYSQJGREHOP-FRKPEAEDSA-N,N#Cc1cc(-c2ccc(/C=N/NC(N)=S)o2)ccc1O,0.9963625
WZBUVKGUABINJT-ZVHZXABRSA-N,Cc1c(NC(=S)N/N=C/c2ccc(-c3ccc([N+](=O)[O-])cc3)o2)c(=O)n(-c2ccccc2)n1C,0.9955397
JGJJCXBQYAWUFV-CJNGLKHVSA-N,[C-]#[N+]c1ccc(CNC(=O)[C@@H]2CCC[C@H](Nc3nc(C)nc(NC)n3)C2)c(C(F)(F)F)c1,0.97831947
KVLOEFKBTCCASR-UHFFFAOYSA-N,Cc1cccc(=S)n1O,0.97461885
RGWVVEFOFSTTPY-UHFFFAOYSA-N,Cc1cc(C)c2c(N3CCCC3)nc(C(=O)N3CCCCC3)nc2n1,0.9936094
VJJXLMKFVBUDIS-UHFFFAOYSA-N,CN1C(=O)C2(NCCc3cc4c(cc32)OCCO4)c2cc(Cl)ccc21,0.36363676
SNJXBRHNYDZGKX-UHFFFAOYSA-N,CCn1c(C(=O)NCCCNC(=O)n2cc(F)c(=O)[nH]c2=O)cc2ccccc21,0.98666114
GMABJXHOHFHSLT-AJNGGQMLSA-N,CSCC[C@H](NC(=O)[C@H](CS)NC(C)=O)C(=O)N[C@@H](CCCCN)C(=O)N[C@@H](CS)C(N)=O,0.97969455
NAXBTMOXVUBTMT-UHFFFAOYSA-N,CC(C)Cn1c(C(=O)NCCCNC(=O)n2cc(F)c(=O)[nH]c2=O)cc2cc(F)ccc21,0.97361946
QLDDTGDDLGYCQR-UHFFFAOYSA-N,O=C1C(=O)N(CN2CCOCC2)c2ccc([N+](=O)[O-])cc21,0.9117807
UTASNHDUPWMLJY-FIZWSPBBSA-N,COc1ccc2c(c1)c(CC(=O)NCCN1CCN(C(=O)CCC(=O)N[C@H](C(=O)C3N[C@H](C(=O)N[C@@H](C)c4ccc(-c5scnc5C)cc4)C[C@H]3O)C(C)(C)C)CC1)c(C)n2C(=O)c1ccc(Cl)cc1,0.56643516
FDVVVCKJTOJTHY-UHFFFAOYSA-N,Cn1cc(SCC(=O)NCc2ccc(Cl)c(Cl)c2)c2ccccc21,0.99737346
FHXKQEFQCDBMSD-UHFFFAOYSA-N,CCCN1C(=O)C(=O)c2cc(I)ccc21,0.98985183
RPMOZTXHJDAKOV-UHFFFAOYSA-N,O=c1sc2ccccc2n1Cc1ccccc1,0.9822206
MHGOPQDELUOKPE-UHFFFAOYSA-N,O=C1C(=O)N(CO)c2ccccc21,0.9868128
CIONIIWSVPYOSP-UHFFFAOYSA-N,O=C(NCCCNC(=O)n1cc(F)c(=O)[nH]c1=O)c1cc2ccccc2n1Cc1ccccc1,0.9932239
OEBVSVQILHVAJO-UHFFFAOYSA-N,CC(C)Cn1c(C(=O)NCCCNC(=O)n2cc(F)c(=O)[nH]c2=O)cc2cc(OC(F)(F)F)ccc21,0.94545114
XUNUNZAURVDKGP-SRVKXCTJSA-N,CC(=O)N[C@@H](CS)C(=O)N[C@@H](Cc1ccc(O)c(O)c1)C(=O)N[C@@H](CS)C(N)=O,0.981752
JTSLALYXYSRPGW-UHFFFAOYSA-N,N#Cc1ccc(-c2cnc3[nH]cc(NC(=O)c4cccnc4)c3c2)cc1,0.9966832
RGLIAWGLDXUKKZ-UHFFFAOYSA-N,On1c(=S)ccc2ccccc21,0.95682377
LOQOGNHVALJWKW-UHFFFAOYSA-N,CON(C)C(=O)C(=O)N(C)c1ccc(NC(=O)CC23CC4CC(CC(C4)C2)C3)cc1,0.9783951
SSFMNWVQVIILOH-YWIBTEMISA-N,CCCCCCCCCCCCCCCC(C)Cc1nnc(SCCO)n1/N=C/c1cn(Cc2ccccc2)c2ccccc12,0.96373415
IDBWWEGDLCFCTD-VNEMRZQUSA-N,Cc1cc(C(=O)N[C@@H](C)C(=O)N[C@H](C(=O)N[C@@H](CC(C)C)C(=O)N[C@H](/C=C/C(=O)OCc2ccccc2)C[C@@H]2CCNC2=O)C(C)C)no1,0.0744037
FBRLIBPBDRBKDM-HJOGWXRNSA-N,Cc1oc2nc1C(=O)N[C@](C)(C(=O)O)c1nc(c(C)o1)C(=O)N[C@](C)(C(=O)O)c1nc(c(C)o1)C(=O)N[C@]2(C)C(=O)O,0.08134274
GBFDUEHBZPUKMB-VIZOYTHASA-N,NC(=S)N/N=C/c1ccc(-c2ccc(C(=O)O)cc2)o1,0.998679
SIWCXZAWSGRAIS-VJOZVQJDSA-N,Cc1oc2nc1C(=O)N[C@](C)(C(=O)Nc1cccc(CCN)c1)c1nc(c(C)o1)C(=O)N[C@](C)(C(=O)Nc1cccc(CCN)c1)c1nc(c(C)o1)C(=O)N[C@]2(C)C(=O)Nc1ccc(CCN)cc1,0.71157086
FYEGXKYSNJHGJJ-FRKPEAEDSA-N,NC(=O)c1ccc(-c2ccc(/C=N/NC(N)=S)o2)cc1,0.99887425
ROOAWSGVWLPDFX-XWGVYQGASA-N,CC(C)(C)OC(=O)Nc1cccn(C(=O)N[C@@H](CC2CC2)C(=O)N[C@@H](C[C@@H]2CCNC2=O)C(=O)C(=O)NCc2ccccc2)c1=O,0.7083853
VJTLXWPIIWQBLS-VLNAADLNSA-N,CC(=O)C1C(=O)C=C2Oc3c(-c4csc(N/N=C/c5cccs5)n4)c(O)c(C)c(O)c3[C@@]2(C)C1=O,0.23665592
LJFHPWXJDBHGHG-UHFFFAOYSA-N,Cc1ccc(S(=O)(=O)N2CCC(C(=O)NC3CCCCCC3)CC2)c(C)c1,0.997129
QSOTWVWXSUXKJA-UHFFFAOYSA-N,CC1CCN(c2nc3ncn(-c4ccccc4)c(=S)c3c(=O)[nH]2)CC1,0.96305513
RTPXYUZLLYULJQ-UHFFFAOYSA-N,On1ccc2ccccc2c1=S,0.96645474
CJTVDIBZBUWIFC-UHFFFAOYSA-N,COc1ccc(-c2cnc3[nH]cc(C#Cc4cccnc4)c3c2)cc1OC,0.9958513
YCEZTGFHPHYSGF-UHFFFAOYSA-N,CC(C)Cc1ccc(C(C)C(=O)Oc2cncc(Cl)c2)cc1,0.98564506
KXTFBCOEROZFIG-UHFFFAOYSA-N,O=C1Nc2c(Br)cc(Br)cc2C12NCCc1cc3c(cc12)OCCO3,0.3568733
YHWUKRCQVMSDIV-UHFFFAOYSA-N,Cc1ccc2c(c1)cc(C(=O)NCCCNC(=O)n1cc(F)c(=O)[nH]c1=O)n2CC(C)C,0.95638907
ZRUIMDMDIRQCKV-UHFFFAOYSA-N,O=C1C(=O)N(CN2CCOCC2)c2ccccc21,0.9715684
AFZSMODLJJCVPP-UHFFFAOYSA-N,c1ccc2sc(SSc3nc4ccccc4s3)nc2c1,0.16092081
FVRVCKWJOSBBDD-UHFFFAOYSA-N,CN1C(=O)C(=O)c2cc(I)ccc21,0.98372966
HXHWSAZORRCQMX-UHFFFAOYSA-N,CCCSc1ccc2nc(NC(=O)OC)[nH]c2c1,0.99070716
ASVPWOBASOPKEC-IIBYNOLFSA-N,C[C@@]1(O)CCN(C(=O)CCCc2nc3ccccc3[nH]2)C[C@H]1n1ccc(=O)[nH]c1=O,0.7276527
WOZSCQDILHKSGG-UHFFFAOYSA-N,CC(C)(C)C(=O)OCOP(=O)(COCCn1cnc2c(N)ncnc21)OCOC(=O)C(C)(C)C,0.96580917
JDEUJNQLQIMIJM-YMTOWFKASA-N,C[C@@]1(O)CN(C(=O)CCC(=O)O)CC[C@H]1n1ccc(=O)[nH]c1=O,0.92866987
VSQQQLOSPVPRAZ-DSYKOEDSSA-N,O=c1[nH]c(=O)n([C@H]2C[C@@H](O)[C@H](CO)O2)cc1C(F)(F)F,0.62783265
SQANVQYLDPEULW-ZHKQUFGTSA-N,CC(C)c1nc(CNC(=O)N[C@@H](C(=O)N[C@H](Cc2ccccc2)C[C@H](O)[C@@H](Cc2ccccc2)NC(=O)OCc2cncs2)C(C)C)cs1,0.5137858
CSKDFZIMJXRJGH-DEPYFDJDSA-N,O=C(NN1C(=O)[C@H]2[C@@H]3C=C[C@@H]([C@@H]4C[C@H]34)[C@@H]2C1=O)c1ccc(C(F)(F)F)cc1,0.21455024
QDGZDCVAUDNJFG-PRJMDXOYSA-N,C=C1[C@@H](CO)[C@@H](O)C[C@H]1n1cnc2c(=O)[nH]c(N)nc21,0.35234758
GMEYOGCJRWNADB-YUKKFKLSSA-N,Nc1nc(N)c2c(n1)O[C@@]1(COCCN(C(=O)/C=C/C(=O)O)C1)C2,0.83961856
UDTJYKKDSCDXBX-ZIMYNFRDSA-N,C[C@@H](O)[C@@H]1C(=O)N2C(C(=O)O)=C(O[C@H]3CN[C@@H](C(=O)Nc4cccc(C(=O)O)c4)C3)C[C@H]12,0.011829892
RHWKPHLQXYSBKR-BMIGLBTASA-N,C[C@@H]1CCO[C@H]2Cn3cc(C(=O)NCc4ccc(F)cc4F)c(=O)c(O)c3C(=O)N12,0.029349063
KEJCWVGMRLCZQQ-GHLMCRBVSA-N,CO/N=C(\C(=O)N[C@H]1C(=O)N2C(C(=O)O[C@H](C)OC(C)=O)=C(COC(N)=O)CS[C@H]12)c1ccco1,0.20151
RXZBWNGUTUDXCB-MEBBXXQBSA-N,Cc1cn([C@@H]2CN(C(=O)CCC(=O)O)CC[C@@]2(C)O)c(=O)[nH]c1=O,0.46339473
BCEHBSKCWLPMDN-QFYYESIMSA-N,C[C@@H](c1ncncc1F)[C@@](O)(Cn1cncn1)c1ccc(F)cc1F,0.9693934
LCQXIDKTBJQMLZ-CQSZACIVSA-N,Cc1cn([C@@H]2CCCN(C(=O)OCc3nc4ccccc4n3C)C2)c(=O)[nH]c1=O,0.9545175
HBKNVIRXFLPDKH-XOBRGWDASA-N,C[C@]1(O)CCN(C(=O)CCCN2C(=O)NC3(CCCC3)C2=O)C[C@@H]1n1ccc(=O)[nH]c1=O,0.24602142
OHKOGUYZJXTSFX-JXVAYASWSA-N,CC1(C)S[C@@H]2[C@@H](NC(=O)[C@H](C(=O)O)c3ccsc3)C(=O)N2[C@@H]1C(=O)O,0.95746845
IWUCXVSUMQZMFG-UOPPWDSKSA-N,NC(=O)c1ncn([C@H]2O[C@@H](CO)[C@H](O)[C@H]2O)n1,0.23372461
ONERCQLZGHDOTI-UONOGXRCSA-N,NCCCCC(=O)N1C[C@@H](O)[C@@H](n2ccc3c(C(N)=O)ccnc32)C1,0.97389627
ALERUQYUFZBIHS-JPYJTQIMSA-N,Cc1cc2nc(CCC(=O)N3CC[C@](C)(O)[C@H](n4cc(C)c(=O)[nH]c4=O)C3)[nH]c2cc1C,0.2568085
YUAAOPBFCUAMJG-VBKZILBWSA-N,C[C@@]1(O)CCN(C(=O)c2cccc(OCC(=O)O)c2)C[C@@H]1n1cnc2c(N)ncnc21,0.92878705
NFROZTBQJQWVRS-QRWLVFNGSA-N,Cc1ccc2nc(OCC(=O)N3CC[C@](C)(O)[C@H](n4ccc(=O)[nH]c4=O)C3)[nH]c2c1,0.4607826
HOXAYMWMKBXYJG-OILHZVAOSA-N,Cc1ccc2c(c1)OC(C)(C)[C@@H]1C[C@@H]3CN(C(=O)COCC(=O)O)CC[C@H]3O[C@@H]21,0.4310957
WPVFJKSGQUFQAP-RKDXNWHRSA-N,CC(C)[C@@H](N)C(=O)OC[C@@H](CO)OCn1cnc2c(=O)[nH]c(N)nc21,0.4231245
GQBGFQRZBCABJE-CABCVRRESA-N,Cc1ccc2[nH]c(COCC(=O)N3C[C@@H](n4cnc5c(N)ncnc54)[C@@H](O)C3)nc2c1,0.7988755
VVTCGQGHJYBJLX-MISXGVKJSA-N,Nc1ncnc2c1ncn2[C@@H]1CCCC[C@H](NCCCC(=O)O)[C@H]1O,0.9233779
JNVHYRKCRHIEMR-LZWOXQAQSA-N,NCCOc1cccc(C(=O)N2C[C@@H](O)[C@@H](N3CN=C4C3=NC=N[C@@H]4N)C2)c1,0.918781
IWOVIOGQWDMTHH-IERDGZPVSA-N,Cc1cn([C@@H]2CN(C(=O)COc3nc4ccccc4n3C)CC[C@]2(C)O)c(=O)[nH]c1=O,0.07759405
PQWCWNXJULEGDW-BDJLRTHQSA-N,Cc1cn([C@@H]2CN(C(=O)CCCC(=O)O)CC[C@@]2(C)O)c(=O)[nH]c1=O,0.43112838
UMQDQRMAFULSCM-RNJXMRFFSA-N,Cc1cn([C@@H]2C[C@H](N=[N+2]#N)[C@@H](CO[P@@](=O)(O)O[P@@](=O)(O)O[P+](=O)(=O)[O-])O2)c(=O)[nH]c1=O,0.5104436
ZPRUSEUEAPKMBP-JSGCOSHPSA-N,Cc1[nH]c(=O)[nH]c1C(=O)CCCCC(=O)N1C[C@H](O)[C@@H](n2cc(C)c(=O)[nH]c2=O)C1,0.63698983
SLLFACHWAOAFMT-UHFFFAOYSA-N,CCOc1ccc(CCC(=O)O)cc1-c1cc(-c2ccc(F)cc2)n(Cc2ccccc2)n1,0.9825339
BCEHBSKCWLPMDN-QFYYESIMSA-N,C[C@@H](c1ncncc1F)[C@@](O)(Cn1cncn1)c1ccc(F)cc1F,0.9693934
LSQZJLSUYDQPKJ-RMIALFOJSA-N,CC1(C)S[C@H]2[C@@H](NC(=O)[C@@H](N)c3ccc(O)cc3)C(=O)N2[C@H]1C(=O)O,0.7008673
XNKLLVCARDGLGL-HTQZYQBOSA-N,Cc1cn([C@H]2C=C[C@H](CO)O2)c(=O)[nH]c1=O,0.42770636
XQSPYNMVSIKCOC-RITPCOANSA-N,Nc1nc(=O)n([C@H]2CS[C@@H](CO)O2)cc1F,0.7078511
IASPBORHOMBZMY-UHFFFAOYSA-N,O=C(Nc1ccccc1-c1cn2c(CN3CCNCC3)csc2n1)c1cnc2ccccc2n1,0.9869043
FRACPXUHUTXLCX-DDKRZIBASA-N,CC(C)(C)OC(=O)Nc1cccn([C@@H](CC2CC2)C(=O)N[C@@H](C[C@H]2CCNC2=O)[C@@H](O)C(=O)NCc2ccccc2)c1=O,0.10989894
BYPKBFGNLXCERX-CHWSQXEVSA-N,O=C(O)COc1cccc(C(=O)N2C[C@@H](O)[C@H](n3cc(Cl)c(=O)[nH]c3=O)C2)c1,0.7005764
ORFOPKXBNMVMKC-SYODWGPNSA-N,CC(C)(O/N=C(\C(=O)N[C@H]1C(=O)N2C(C(=O)O)=C(C[n+]3ccccc3)CS[C@H]12)c1csc(N)n1)C(=O)[O-],0.0043523903
IQFYYKKMVGJFEH-GJMOJQLCSA-N,Cc1cn([C@H]2C[C@@H](O)[C@H](CO)O2)c(=O)[nH]c1=O,0.82909787
HEFNNWSXXWATRW-JTQLQIEISA-N,CC(C)Cc1ccc([C@H](C)C(=O)O)cc1,0.9899624
UFTYLSAJFHNBJK-LURJTMIESA-N,C[C@@H](OCCn1cnc2c(N)ncnc21)P(=O)(O)O,0.95621157
LAHWUFPJEOEXLA-PSTGCABASA-N,Cc1cn(C[C@]2(O)CC[C@@H](N(C)C(=O)CCC(=O)O)C[C@H]2O)c(=O)[nH]c1=O,0.25877237
ZUGCRBMNFSAUOC-YRNVUSSQSA-N,COc1cc(O)c(C(=O)/C=C/c2ccc(O)cc2)cc1CC=C(C)C,0.84603447
HCQUMJYLWCSLLR-QYWGDWMGSA-N,COc1c(C(C)C)cc2c(c1O)[C@@]1(C)CCCC(C)(C)[C@@H]1C[C@@H]2O,0.031542663
RHMXXJGYXNZAPX-UHFFFAOYSA-N,Cc1cc(O)c2c(c1)C(=O)c1cc(O)cc(O)c1C2=O,0.9776962
AJHWPFYAIBXMKJ-JCGIZDLHSA-N,CC1=C[C@]2(O)CC[C@H]3C(C)(C)CCC[C@]3(C)C2=CC1=O,0.0069358917
DWDOXTINEVOYSV-FFZOFVMBSA-N,CC(C)C1=C[C@]2(O)CC[C@H]3C(C)(C)CCC[C@]3(C)C2=CC1=O,0.006120327
JIPPMKUXMDLGCD-YRNDCAJDSA-N,CC(=O)O[C@@H]1C(=O)[C@@H]2CC[C@@H]3[C@]1(C2)C(=O)[C@@H](O)[C@@H]1C(C)(C)C[C@]2(O)C(=O)OC[C@@]132,0.0005682045
UCOLOGFFOJGXGN-HEPPIXLFSA-N,CC1=CC[C@@H]2[C@@H](C1)c1c(/C=C/c3ccc(O)cc3)cc(O)cc1OC2(C)C,0.15501118
HICKZJMJOXACIR-UHFFFAOYSA-N,COc1cc(OC)c2c(c1)C(=O)c1cc(C)cc(OC)c1C2=O,0.9640733
UPBJEHBYZUPVDF-JUALLIRVSA-N,COc1cc([C@@H]2CC(=O)c3c(cc(O)c(C/C=C(\C)CCC=C(C)C)c3O)O2)cc(OC)c1O,0.013245931
GTEXSOHUVFEXMJ-BGEOSOQGSA-N,CC1=CC[C@@H]2[C@@H](C1)c1c(O)cc(/C=C/c3ccc(O)cc3)cc1OC2(C)C,0.089220576
RQJGBVDTAFXEIJ-UHFFFAOYSA-N,Cc1c(-c2ccc(O)c(O)c2)oc2cc(O)cc(O)c2c1=O,0.9236597
WPZLJHVSIPEPJH-UAAWYHEHSA-N,CC[C@H](C)C[C@@H](C)/C=C(\C)[C@@]1(C)O[C@@](C)(c2c3c(cn(C)c2=O)[C@@]2(OC)CCC(=O)C[C@H]2O3)CC[C@H]1C,0.020125953
ICCCTINORQADKA-UHFFFAOYSA-N,CC(c1ccc(O)c(O)c1)c1cc(=O)c2c(O)cccc2o1,0.86856765
QHCQSGYWGBDSIY-HZPDHXFCSA-N,CCCCc1cc(O)c2c(c1)OC(C)(C)[C@@H]1CCC(C)=C[C@@H]21,0.089746
CKSUSXRQDWUSGT-QGGQDBDUSA-N,C=C1CC[C@H]2[C@@](C)(CCC[C@]2(C)C(=O)O)[C@@H]1C/C=C(\C)[C@@H]1CCc2c(O)c(CC3C(=O)C(C(C)=O)C(=O)C(C)(C)C3=O)c(O)c(C(=O)CCC)c2C1,0.0042826817
UAXIYOKLPAVKKO-VEZXFZPBSA-N,O=C1C[C@H](c2ccc(O)cc2)c2c(cc(O)c3c2O[C@H](c2ccc(O)c(O)c2)[C@H](OC(=O)c2cc(O)c(O)c(O)c2)C3)O1,0.04324684
IEPKWJCBNGNVDF-WQIPHUEGSA-N,COc1cc(-c2oc3cc(O)cc(O)c3c(=O)c2O[C@@H]2O[C@H](CO[C@@H]3O[C@@H](C)[C@H](O)[C@@H](O)[C@H]3O)[C@@H](O)[C@H](O)[C@H]2O)cc(O)c1O,0.055036638
KJXSIXMJHKAJOD-GJZGRUSLSA-N,O=C1c2c(O)cc(O)cc2O[C@@H](c2cc(O)c(O)c(O)c2)[C@H]1O,0.67058074
USVIPPRFYRVOQB-SXUAVWAJSA-N,CCN1C(=O)CCC1c1c(O)cc(O)c2c1O[C@@H](c1cc(O)c(O)c(O)c1)[C@@H](OC(=O)c1cc(O)c(O)c(O)c1)C2,0.13265195
XGAIRODEJLQNBI-UHFFFAOYSA-N,O=c1c(CCC2CO2)c(-c2ccc(O)c(O)c2)oc2cc(O)cc(O)c12,0.761308
WPZLJHVSIPEPJH-UAAWYHEHSA-N,CC[C@H](C)C[C@@H](C)/C=C(\C)[C@@]1(C)O[C@@](C)(c2c3c(cn(C)c2=O)[C@@]2(OC)CCC(=O)C[C@H]2O3)CC[C@H]1C,0.020125953
XPHFOBQVOVBHDP-SCMBCXDZSA-N,CC[C@H](C)C[C@@H](C)/C=C(\C)[C@@]1(C)O[C@@](C)(c2c3c(cn(C)c2=O)[C@@]2(OC)CCC(OC)(OC)C[C@H]2O3)CC[C@H]1C,0.002803316
HAHYQYHDHMZCIB-UHFFFAOYSA-N,O=c1c(COCCO)c(-c2ccc(O)c(O)c2)oc2cc(O)cc(O)c12,0.8870884
CKSUSXRQDWUSGT-RZNGMERMSA-N,C=C1CC[C@H]2[C@@](C)(CCC[C@]2(C)C(=O)O)[C@@H]1C/C=C(\C)[C@H]1CCc2c(O)c(CC3C(=O)C(C(C)=O)C(=O)C(C)(C)C3=O)c(O)c(C(=O)CCC)c2C1,0.0042826817
USVIPPRFYRVOQB-STYNEHFQSA-N,CCN1C(=O)CCC1c1c(O)cc(O)c2c1O[C@H](c1cc(O)c(O)c(O)c1)[C@H](OC(=O)c1cc(O)c(O)c(O)c1)C2,0.13265195
OISNUAGADFFZMC-CHXLFPOFSA-N,CCN1C(=O)CC[C@@H]1c1c(O)cc2c(c1O)C[C@@H](OC(=O)c1cc(O)c(O)c(O)c1)[C@@H](c1ccc(O)c(O)c1)O2,0.20869672
PATPZEUUPZHPHI-ITUUZZBWSA-N,C[C@H]1CC[C@@H]2[C@@H](C(=O)c3c(O)c([C@]4(O)CCC(O)(O)[C@@H]5O[C@@H]54)c[nH]c3=O)[C@@H](C)C=C[C@H]2C1,0.0037200751
JWPZQWKMASEBNO-SQMJIZMMSA-N,O=C(/C=C/c1ccc(O)c(O)c1)O[C@@H]1Cc2c(O)cc(O)cc2O[C@@H]1c1ccc(O)c(O)c1,0.8646307
PELKIIPDZWDSKX-ZBKNUEDVSA-N,CC(C)(O)C1Cc2cc(/C=C3\OC(=O)C(c4cc5c(cc4O)OC(C)(C)C(O)C5)C3=O)ccc2O1,0.044778638
WPZLJHVSIPEPJH-XNPWINIOSA-N,CC[C@H](C)C[C@@H](C)/C=C(\C)[C@@]1(C)O[C@@](C)(c2c3c(cn(C)c2=O)[C@@]2(OC)CCC(=O)C[C@H]2O3)CC[C@@H]1C,0.020125953
YXWXVUSGNDTEJY-LRXDAGSUSA-N,C[C@@H]1C[C@H](C)[C@H]2c3c(ccn(O)c3=O)O[C@H](C)[C@@]2(C)C1,0.062418368
KQMVAGISDHMXJJ-UHFFFAOYSA-N,COc1cc(O)c2c(=O)c(-c3ccc(O)cc3)coc2c1,0.9923388
JGEWWECZHHEMFT-ZLONGOGWSA-N,CC[C@H](/C=C/C=C/C=C/C(=O)c1c(O)c(C2=CCC(O)CC2)cn(O)c1=O)CO,0.10450829
WIRRQLQRDSREEG-UHFFFAOYSA-N,O=c1oc2cc(O)cc(O)c2c2oc3cc(O)ccc3c12,0.8170075
DJQRTLNVHQQQCS-FYOYPEGLSA-N,CC(C)C[C@H](NC(=O)OCc1ccccc1)C(=O)N[C@@H](CC1CCNC1=O)C(C)S(=O)(=O)O,0.2545198
DWCXXICTUDDKTB-JQWIXIFHSA-N,CC1=CC(=O)[C@@]2(O[C@H]2C(=O)CC(C)C)C(=O)N1,0.2822954
PVMAFRKRHGVJOS-KHOZXUSZSA-N,O=C(OC[C@H]1C[C@@H](OC(=O)c2cc(O)c(O)c(O)c2)[C@H](OC(=O)c2cc(O)c(O)c(O)c2)[C@@H](OC(=O)c2cc(O)c(O)c(O)c2)[C@@H]1O)c1cc(O)c(O)c(O)c1,0.56833136
JXGIYKRRPGCLFV-JOCHJYFZSA-N,CC(C)(C)NC(=O)[C@@H](c1cccnc1)N(C(=O)c1ccco1)c1ccc(C(C)(C)C)cc1,0.4475756
DWCXXICTUDDKTB-ZYHUDNBSSA-N,CC1=CC(=O)[C@]2(O[C@@H]2C(=O)CC(C)C)C(=O)N1,0.2822954
QLTWQIOYJXJUJH-WFEKMPBRSA-N,C[C@@H]1C[C@H](C)[C@@H](c2c(O)cc[nH]c2=O)[C@H](C)[C@@](C)(O)C1,0.028691188
CQWUIBZRNKFXRS-UHFFFAOYSA-N,O=C(Oc1ccc(O)c(O)c1)c1cc(=O)c2c(O)cccc2o1,0.97011167
REIDKNJPKCZOCD-QPJJXVBHSA-N,CC(=O)Oc1ccc(/C=C/C(=O)OC2Cc3c(O)cc(O)cc3OC2c2cc(O)c(O)c(O)c2)cc1,0.6811071
BNLVODKLELGOBT-DUXPYHPUSA-N,O=C(/C=C/c1ccc(O)c(O)c1)OC1Cc2c(O)cc(O)cc2OC1c1cc(O)c(O)c(O)c1,0.7193202
PQBATSTYUATBBZ-DLCKZTKESA-N,O=C(O[C@H]1Cc2c(O)cc(O)cc2OC1c1cc(O)c(O)c2c(=O)c(O)cc(C3Oc4cc(O)cc(O)c4C[C@H]3O)cc12)c1ccc(O)c(O)c1O,0.3846734
ZUIXFZJBOJTTET-OWOJBTEDSA-N,Oc1cc(/C=C/c2cc(O)c(O)c(O)c2)cc(O)c1O,0.9922693
MSTNVJDHQJXVFI-UHFFFAOYSA-N,CC(C)=CCc1cc(C2CCc3ccc(O)cc3O2)cc(O)c1O,0.9506138
QAHZLNKOVIYDGB-UHFFFAOYSA-N,Cc1ccc(-c2oc3ccccc3c(=O)c2O)cc1,0.9942035
MCJWZZBYWKEBAV-STZSEOLCSA-N,O=C1c2ccc(O)c([C@@H]3OC(O)C(O)C(O)[C@H]3O)c2OCC1c1ccc(O)cc1,0.038545426
INFKGIQNEZSZMS-ZBKSJXDOSA-N,CC(=O)Oc1cc2c(cc1C(C)C)C=CC1C(C)(C)[C@@H](OC(C)=O)CC[C@]21C,0.11566599
BNLVODKLELGOBT-DUXPYHPUSA-N,O=C(/C=C/c1ccc(O)c(O)c1)OC1Cc2c(O)cc(O)cc2OC1c1cc(O)c(O)c(O)c1,0.7193202
IPHQLOCHDZNFAY-GQCTYLIASA-N,CC(=O)Oc1ccc(/C=C/C(=O)OC2Cc3c(O)cc(O)cc3OC2c2cc(O)c(O)c(O)c2)cc1OC(C)=O,0.3258963
MSTNVJDHQJXVFI-UHFFFAOYSA-N,CC(C)=CCc1cc(C2CCc3ccc(O)cc3O2)cc(O)c1O,0.9506138
HCQUMJYLWCSLLR-QYWGDWMGSA-N,COc1c(C(C)C)cc2c(c1O)[C@@]1(C)CCCC(C)(C)[C@@H]1C[C@@H]2O,0.031542663
SPVBYUUOYMVKJL-ZECJCAIXSA-N,COC(=O)C[C@H](c1ccc(O)cc1)c1c(O)cc(O)c2c1O[C@H](c1cc(O)c(O)c(O)c1)[C@H](OC(=O)c1cc(O)c(O)c(O)c1)C2,0.16598886
ALVPFGSHPUPROW-UHFFFAOYSA-N,CCCSSCCC,0.8927702
FCBIKWDKLODCOY-TZRRMPRUSA-N,COc1cc([C@@H]2Oc3cc4c(cc3C(=O)[C@H]2O)CC[C@@](C)(CCCCO)O4)ccc1O,0.068601094
UFCLZKMFXSILNL-BMPVICKZSA-N,O=C(/C=C/c1ccc(O)c(O)c1)O[C@@H]1[C@@H](O)C[C@@](O)(C(=O)O)C[C@H]1OC(=O)/C=C/c1ccc(O)c(O)c1,0.9795401
YFDKIHAZVQFLRC-HXUWFJFHSA-N,COC(=O)[C@]1(C)CCCc2c1ccc1c2C(=O)C(=O)c2c(C)coc2-1,0.5128045
YSTPAHQEHQSRJD-SECBINFHSA-N,CC1=CC(=O)[C@@H](C(C)C)CC1,0.94473
LQGUBLBATBMXHT-UHFFFAOYSA-N,Cc1cc(O)c2c(c1)C(=O)c1cccc(O)c1C2=O,0.98810196
VFLDPWHFBUODDF-KYPMKJFLSA-N,COc1cc(/C=C\C(=O)CC(=O)/C=C/c2ccc(O)c(OC)c2)ccc1O,0.9979267
OVSQVDMCBVZWGM-QLNOSOPISA-N,O=c1c(O[C@H]2O[C@H](CO)[C@H](O)[C@@H](O)[C@H]2O)c(-c2ccc(O)c(O)c2)oc2cc(O)cc(O)c12,0.036995675
YAAJRTVBAVFJQG-CYBMUJFWSA-N,CC(=O)c1c(O)cc(O)cc1C[C@@H]1Cc2cc(O)cc(O)c2C(=O)O1,0.35162076
RTIXKCRFFJGDFG-UHFFFAOYSA-N,O=c1cc(-c2ccccc2)oc2cc(O)cc(O)c12,0.97108465
REFJWTPEDVJJIY-UHFFFAOYSA-N,O=c1c(O)c(-c2ccc(O)c(O)c2)oc2cc(O)cc(O)c12,0.9714201
XFDQJKDGGOEYPI-UHFFFAOYSA-O,COc1cc(-c2[o+]c3cc(O)cc(O)c3cc2O)ccc1O,0.960234
SEOVTRFCIGRIMH-UHFFFAOYSA-N,O=C(O)Cc1c[nH]c2ccccc12,0.9911855
GADIKQPUNWAMEB-UHFFFAOYSA-N,CCc1c(C(=O)OC)ncc2[nH]c3cc(OC)c(OC)cc3c12,0.9788384
IKIIZLYTISPENI-YRIDSSQKSA-N,O=C(O)[C@@H]1O[C@H](Oc2cc3oc(-c4ccccc4)cc(=O)c3c(O)c2O)[C@@H](O)[C@H](O)[C@H]1O,0.0051673586
FEFAIBOZOKSLJR-UHFFFAOYSA-N,CC(C)C1=Cc2ccc3c(c2C(=O)C1=O)CCCC3(C)C,0.9429915
UYHHGHQLVKQIQK-OAHLLOKOSA-N,CNc1ccc([C@H]2CCN3Cc4ccccc4N=C23)cc1C(=O)OC,0.97133607
BYVWXQRJRYELNP-AFYYWNPRSA-N,O=C1C(c2ccc(O)c(O)c2)Oc2cc(O)cc(O)c2[C@H]1O,0.12386894
BPRXODFDYBYPRA-MJAJTENYSA-N,COc1cc([C@H]2OC[C@@H]2c2cc(/C=C/C(=O)NCCc3ccc(O)cc3)cc(OC)c2O)ccc1O,0.12997973
TYCLBPSZSGTWCX-UHFFFAOYSA-N,Oc1ccc(Cc2ncc[nH]2)cc1Oc1cccc(Cc2ncc[nH]2)c1,0.9922335
REFJWTPEDVJJIY-UHFFFAOYSA-N,O=c1c(O)c(-c2ccc(O)c(O)c2)oc2cc(O)cc(O)c12,0.9714201
VCCRNZQBSJXYJD-UHFFFAOYSA-N,O=c1c(O)c(-c2ccccc2)oc2cc(O)cc(O)c12,0.97007364
FFERWTFUZDSRQX-UXHICEINSA-N,O=C1c2ccccc2N[C@H]1[C@H]1c2ccccc2-n2c1nc1ccccc1c2=O,0.21047693
SPCXZDDGSGTVAW-XIDUGBJDSA-N,CC1=C2[C@H](CC1)[C@H](C)CC[C@@H]1[C@H]2C1(C)C,0.34706157
DILWBGJKPDDTLS-UHFFFAOYSA-N,C=CC(C)(C)c1c2c(c(O)c3c(=O)c4cccc(O)c4oc13)CCC(C)(C)O2,0.21328288
RRAFCDWBNXTKKO-UHFFFAOYSA-N,C=CCc1ccc(O)c(OC)c1,0.9942365
YWQKYQPYGMDGFG-GTNSWQLSSA-N,CCOC(=O)[C@H]1N=Cc2[nH]c3cccc(OC(C)C)c3c2[C@@H]1C,0.14814995
DWDOXTINEVOYSV-AHRSYUTCSA-N,CC(C)C1=C[C@@]2(O)CC[C@@H]3C(C)(C)CCC[C@@]3(C)C2=CC1=O,0.006120327
PFTAWBLQPZVEMU-HIFRSBDPSA-N,Oc1cc(O)c2c(c1)O[C@@H](c1ccc(O)c(O)c1)[C@H](O)C2,0.9692963
FTVWIRXFELQLPI-CYBMUJFWSA-N,O=C1C[C@H](c2ccc(O)cc2)Oc2cc(O)cc(O)c21,0.9823532
ZBHUUXLHDOUMKM-REZTVBANSA-N,CC(C)=CCC/C(C)=C/Cc1cc(-c2coc3cc(O)ccc3c2=O)ccc1O,0.19957912
ZRMWSCPMGTWKPO-IHLOFXLRSA-N,COc1ccc2cc1Oc1ccc(cc1)C[C@@H]1c3cc(c(OC)cc3CCN1C)Oc1cc3c(c(OC)c1O)CCN(C)[C@H]3C2,0.26648358
AIONOLUJZLIMTK-CQSZACIVSA-N,COc1ccc([C@H]2CC(=O)c3c(O)cc(O)cc3O2)cc1O,0.9770856
VEVZSMAEJFVWIL-UHFFFAOYSA-O,Oc1cc(O)c2cc(O)c(-c3ccc(O)c(O)c3)[o+]c2c1,0.98276824
NSMMPEJLOMMKCX-ILELCVFRSA-N,CCCCCCCCCCC/C=C1/C(=O)O[C@H](C)[C@H]1O,0.60013354
VMZGZQGCIBFDJR-WUKNDPDISA-N,CN(C)CCCN(CCCCNC(=O)c1ccccc1)C(=O)/C=C/c1ccccc1,0.99545586
VFLDPWHFBUODDF-FCXRPNKRSA-N,COc1cc(/C=C/C(=O)CC(=O)/C=C/c2ccc(O)c(OC)c2)ccc1O,0.9979267
LRLXAXGCQUOKIO-ATYLQFJESA-N,[H]/N=C(\N)NCCCCNC(=O)/C=C/c1cc(OC)c2c(c1)[C@@H](C(=O)NCCCCN/C(N)=N/[H])[C@H](c1ccc(O)cc1)O2,0.2745697
VMXHAVNNYIGUTL-SZMSYODNSA-N,CC1=C(/C=C/C(C)=C/C=C/C(C)=C/C=C/C=C(C)/C=C/C=C(\C)CCC(=O)[C@]2(C)C[C@H](O)CC2(C)C)C(C)(C)C[C@@H](O)C1,0.019322796
GKHOGRMKNUUWFH-SHWYRAPHSA-N,O=C(/C=C\c1ccc(O)c(O)c1)O[C@@H]1[C@H](O)CC[C@H]1OC(=O)/C=C/c1ccc(O)c(O)c1,0.7660155
ULSUXBXHSYSGDT-UHFFFAOYSA-N,COc1ccc(-c2cc(=O)c3c(OC)c(OC)c(OC)c(OC)c3o2)cc1,0.98354006
KZNIFHPLKGYRTM-UHFFFAOYSA-N,O=c1cc(-c2ccc(O)cc2)oc2cc(O)cc(O)c12,0.9817425
BYRGGBMULKTYME-QHCPKHFHSA-N,CC(C)=CCC[C@@]1(C)CCc2c(c(C)cc3c2[nH]c2cc(O)ccc23)O1,0.8968461
UTEFVWWPMXBETL-SXGWCWSVSA-N,COc1cc(CCC(=O)NCCc2ccc(O)cc2)ccc1Oc1cc(/C=C\C(=O)NCCc2ccc(O)cc2)cc(OC)c1O,0.7716969
HARGZZNYNSYSGJ-SNVBAGLBSA-N,Cc1cccc2c3c(ccc12)C1=C(C(=O)C3=O)[C@H](C)CO1,0.8873092
SCHKABUWAYOIBY-WEVVVXLNSA-N,COc1cc(/C=C/C(=O)NCCCCn2c(C=O)ccc2CO)ccc1O,0.9975304
FAFKEIMQBPAMNO-FRKPEAEDSA-N,C=C(/C(C)=C/C)c1c(OC)c2c(c3c(-c4ccccc4)cc(=O)oc13)OC(C)(C)C=C2,0.727213
ZQSIJRDFPHDXIC-UHFFFAOYSA-N,O=c1c(-c2ccc(O)cc2)coc2cc(O)ccc12,0.99439573
UBJVUCKUDDKUJF-UHFFFAOYSA-N,C=CCSCC=C,0.98623115
RZDVRZOFWDUODE-JSOSNVBQSA-N,COc1ccc2cc1Oc1ccc(cc1)C[C@@H]1c3cc(c(OC)cc3CCN1C)Oc1cc3c(c(OC)c1OC)CCN(C)[C@H]3C2,0.82040066
LNTHITQWFMADLM-UHFFFAOYSA-N,O=C(O)c1cc(O)c(O)c(O)c1,0.9906199
RPMNUQRUHXIGHK-SLNHTJRHSA-N,C[C@@H]1O[C@H](O[C@H]2[C@H](Oc3cc(O)c4c(=O)cc(-c5ccc(O)cc5)oc4c3)O[C@H](CO)[C@@H](O)[C@@H]2O)[C@H](O)[C@H](O)[C@H]1O,0.008188688
FTQXELOPBMFYKP-DYLAAIIWSA-N,COc1ccc2c(c1)N[C@@H]1[C@@H]2CCN[C@@H]1C,0.5113207
HCQUMJYLWCSLLR-WHSLLNHNSA-N,COc1c(C(C)C)cc2c(c1O)[C@]1(C)CCCC(C)(C)[C@H]1C[C@H]2O,0.031542663
LSHVYAFMTMFKBA-CTNGQTDRSA-N,O=C(O[C@@H]1Cc2c(O)cc(O)cc2O[C@H]1c1ccc(O)c(O)c1)c1cc(O)c(O)c(O)c1,0.9853976
SGAWOGXMMPSZPB-UHFFFAOYSA-N,CC1=C(C=O)C(C)(C)CC=C1,0.944547
XGVJWXAYKUHDOO-KSYCFECVSA-N,O[C@@H]1[C@H]2c3cc4c(cc3CN3CCC(=C[C@@H]1O)[C@H]23)OCO4,0.8819736
DROARAMNSGFOAW-NJWMRHRVSA-N,O=C(O[C@H]1Cc2c(O)cc(O)cc2O[C@@H]1c1cc(O)c(O)c(O)c1)[C@H]1C[C@@H](O)[C@H](O)[C@@H](O)C1,0.31820816
LTUGUGXKMMPGRF-HNNXBMFYSA-N,COc1cc2c3c(c4cc(OC)c(OC)cc4c2cc1OC)CN1CCCC[C@H]1C3,0.78478384
YDDGKXBLOXEEMN-XAKUNQSDSA-N,O=C(/C=C/c1ccc(O)c(O)c1)O[C@H](C(=O)O)[C@@H](OC(=O)/C=C/c1ccc(O)c(O)c1)C(=O)O,0.93929356
NGSWKAQJJWESNS-ZZXKWVIFSA-N,O=C(O)/C=C/c1ccc(O)cc1,0.99737465
RDWZVQVSXRSNDS-PZMYXVABSA-N,COc1cc([C@H]2O[C@@H](c3ccc(O)c(OC)c3)[C@H](C(=O)Cc3ccc(O)cc3C(=O)O)[C@H]2C(=O)Cc2ccc(O)cc2C(=O)O)ccc1O,0.05314393
YIICVSCAKJMMDJ-SNVBAGLBSA-N,O[C@@H]1CCN2Cc3ccccc3N=C12,0.92768884
VYKJHZPVMQESSZ-SNMMKEDWSA-N,O=C(O)[C@@H](Cc1ccc(O)c(O)c1)OC/C=C\c1ccc(O)c2c1[C@H](C(=O)O[C@H](Cc1ccc(O)c(O)c1)C(=O)O)O[C@@H]2c1ccc(O)c(O)c1,0.0061375573
HARGZZNYNSYSGJ-JTQLQIEISA-N,Cc1cccc2c3c(ccc12)C1=C(C(=O)C3=O)[C@@H](C)CO1,0.8873092
ABDQTIKKAYGHNV-UHFFFAOYSA-N,O=c1c(O)c(-c2cccc(O)c2)oc2cc(O)cc(O)c12,0.9594497
MTRCSFCAOFJJGL-QUDODWQYSA-N,C=CC/C(=N\OSOOO)S[C@@H]1O[C@H](CO)[C@@H](O)[C@H](O)[C@@H]1O,0.011463381
XBAHULAFZOLUBT-VIFPVBQESA-N,CO[C@H]1C=CC2=NC3=C(CCN=C3C)C2=C1,0.082289115
XVFMGWDSJLBXDZ-UHFFFAOYSA-O,Oc1ccc(-c2[o+]c3cc(O)cc(O)c3cc2O)cc1,0.9921915
JRSJLGASDWZQGF-VKDZGMKNSA-N,COC(=O)/C(=C\c1ccc(O)c(O)c1)Oc1ccc(/C=C/C(=O)O[C@@H](Cc2ccc(O)c(O)c2)C(=O)O)cc1O,0.84879434
AYDKOFQQBHRXEW-OKTNMODBSA-N,CC1(C)C[C@H]2C3=CC[C@@H]4[C@@]5(C)CC[C@@H](O)C(C)(C)[C@@H]5CC[C@@]4(C)[C@@]3(C)C[C@@H](O)[C@]2(CO)[C@@H](O)[C@@H]1O,0.015449815
OWGUBYRKZATRIT-QPJJXVBHSA-N,COc1cc(O)cc(O)c1C(=O)/C=C/c1ccc(O)cc1,0.99681723
OUGNWRCWQLUXHX-CVXRCJAMSA-N,COc1cc(C)c2c(=O)cc(C[C@@H](C)O)oc2c1[C@@H]1O[C@@H](CO)[C@@H](O)[C@@H](O)[C@@H]1OC(=O)/C=C/c1ccc(O)cc1,0.03599905
KSEBMYQBYZTDHS-HWKANZROSA-N,COc1cc(/C=C/C(=O)O)ccc1O,0.99840015
VSHUQLRHTJOKTA-XBXARRHUSA-N,O=C(/C=C/c1ccc(O)c(O)c1)NCCc1ccc(O)cc1,0.99832886
XDUXBBDRILEIEZ-IBGZPJMESA-N,Cc1coc2c1C(=O)C(=O)c1c-2ccc2c1CCC[C@@]2(C)CO,0.7714117
WRYLYDPHFGVWKC-SNVBAGLBSA-N,CC1=CC[C@](O)(C(C)C)CC1,0.93893504
QDAQTXSEIPFKEE-NUTIFNJFSA-N,COc1cc(/C=C/C(=O)N[C@@H](O)C(=O)c2ccc(O)cc2)ccc1O,0.8155952
MZSGWZGPESCJAN-IGIASEDTSA-N,O=C(/C=C/c1ccc(O/C(=C/c2ccc(O)c(O)c2)C(=O)O)c(O)c1)O[C@@H](Cc1ccc(O)c(O)c1)C(=O)O,0.7027671
SSEUDFYBEOIWGF-CQSZACIVSA-N,COc1cc2c3c(c4cc(OC)c(OC)cc4c2cc1OC)CN1CCC[C@@H]1C3,0.76005787
XLTSBDOZTUSCMX-UHFFFAOYSA-N,CC(C)C1=CC(=O)C=CC1=O,0.8882245
PFTAWBLQPZVEMU-UKRRQHHQSA-N,Oc1cc(O)c2c(c1)O[C@H](c1ccc(O)c(O)c1)[C@H](O)C2,0.9692963
HARQODABMDXYTD-FJIJXJHWSA-N,CC(=O)c1cc2c(cc1C(C)C)C=C[C@@H]1C(C)(C)[C@H](C(C)=O)CC[C@@]21C,0.15978394
ZUGCRBMNFSAUOC-YRNVUSSQSA-N,COc1cc(O)c(C(=O)/C=C/c2ccc(O)cc2)cc1CC=C(C)C,0.84603447
IQPNAANSBPBGFQ-UHFFFAOYSA-N,O=c1cc(-c2ccc(O)c(O)c2)oc2cc(O)cc(O)c12,0.97389865
LNCIXDIFZNXBDP-HNRBIFIRSA-N,CN1CCCN(CCCCN2CCCN(C)[C@H](c3ccccc3)CC2=O)C(=O)C[C@@H]1c1ccccc1,0.7026973
RHMXXJGYXNZAPX-UHFFFAOYSA-N,Cc1cc(O)c2c(c1)C(=O)c1cc(O)cc(O)c1C2=O,0.9776962
PHZOWSSBXJXFOR-PTGZALFTSA-N,C=CC/C(=N\OS(=O)(=O)O)S[C@@H]1O[C@H](CO)[C@@H](O)[C@H](O)[C@H]1O,0.003897212
VOCGSQHKPZSIKB-FQEVSTJZSA-N,COc1cc2c(cc1CC=C(C)C)C(=O)C[C@@H](c1ccc(O)cc1)O2,0.976002
ZQSIJRDFPHDXIC-UHFFFAOYSA-N,O=c1c(-c2ccc(O)cc2)coc2cc(O)ccc12,0.99439573
VFLDPWHFBUODDF-FCXRPNKRSA-N,COc1cc(/C=C/C(=O)CC(=O)/C=C/c2ccc(O)c(OC)c2)ccc1O,0.9979267
LSEDQFLRUJOXDX-IQJVAEQNSA-N,OC[C@@H]1O[C@H](O[C@@H](CCCCc2ccc(O)c(O)c2)CCc2ccc(O)c(O)c2)[C@@H](O)[C@H](O)[C@H]1O,0.4693142
OIEMCIKPOVGWLI-UHFFFAOYSA-N,O=C(CCC(=O)N(O)CCCCCN1C(=O)CCC1=O)NCCCCCN(O)C(=O)Cc1ccccc1,0.87233347
GVKKJJOMQCNPGB-SNVBAGLBSA-N,C[C@@H]1COC2=C1C(=O)C(=O)c1c2ccc2c1CCCC2(C)C,0.8554997
HYXITZLLTYIPOF-UHFFFAOYSA-N,Cc1coc2c1C(=O)C(=O)c1c-2ccc2c1CCCC2(C)C,0.91947395
CJHDBEPXEKGBDW-VMPITWQZSA-N,NCCCCNC(=O)/C=C/c1ccc(O)cc1,0.99845254
UXIVGJWMQVRKJZ-KWBMFXBPSA-N,COC(=O)[C@@]1(C)CC[C@]2(C)CC[C@]3(C)C(=CC(=O)[C@H]4[C@]5(C)CC[C@@H](O[C@@H]6O[C@H](C(=O)CO)[C@@H](O)[C@H](O)[C@H]6O[C@H]6O[C@@H](C(=O)CO)[C@@H](O)[C@@H](O)[C@H]6O)C(C)(C)[C@H]5CC[C@@]43C)[C@H]2C1,0.1114445
REFJWTPEDVJJIY-UHFFFAOYSA-N,O=c1c(O)c(-c2ccc(O)c(O)c2)oc2cc(O)cc(O)c12,0.9714201
GKHOGRMKNUUWFH-RXBUKYKGSA-N,O=C(/C=C/c1ccc(O)c(O)c1)O[C@@H]1[C@H](O)CC[C@H]1OC(=O)/C=C/c1ccc(O)c(O)c1,0.7660155
NCEUUOJBSVCOQU-UHFFFAOYSA-N,C=CCc1cc2c(cc1O)oc(=O)c1c3ccc(O)cc3oc21,0.9172494
GRWFGVWFFZKLTI-IUCAKERBSA-N,CC1=CC[C@H]2C[C@@H]1C2(C)C,0.90462863
CZDNLUMNELLDDD-BIPCAJJSSA-N,O=C1CCC=C[C@@]1(O)C(=O)OCc1ccccc1O[C@H]1O[C@H](CO)[C@@H](O)[C@H](O)[C@H]1O,0.1970606
AJERVVHSERWGFL-FXVWLTTGSA-N,C=C(C)[C@H](Cc1c(OC)ccc(C(=O)/C=C/c2ccc(O)cc2)c1O)OO,0.7806655
IKGXIBQEEMLURG-MZQQJHOSSA-N,C[C@@H]1O[C@@H](OC[C@@H]2O[C@H](Oc3c(-c4ccc(O)c(O)c4)oc4cc(O)cc(O)c4c3=O)[C@@H](O)[C@H](O)[C@H]2O)[C@H](O)[C@H](O)[C@H]1O,0.017532187
QUEMNJXBRHOUNX-FJFCSAGJSA-N,C[C@]1(C(=O)O)CC[C@@]2(C)CC[C@@H]3C(=CC(=O)[C@H]4[C@H]3CC[C@H]3C[C@@H](O[C@@H]5O[C@H](C(=O)O)[C@@H](O)[C@H](O)[C@H]5O[C@@H]5O[C@H](C(=O)O)[C@@H](O)[C@@H](O)[C@@H]5O)CC[C@@]34C)[C@@H]2C1,0.009040968
XLTLOPRYDVGSEG-OZFXOPILSA-N,CC1(C)CC[C@]23CO[C@@]4(C=C[C@H]5[C@]6(C)CC[C@H](O[C@@H]7O[C@@H](O[C@@H]8O[C@@H](O)[C@@H](O)[C@H](O)[C@@H]8O)[C@@H](O[C@@H]8O[C@H](CO)[C@@H](O)[C@H](O)[C@H]8O)[C@H](O)[C@@H]7O)[C@@](C)(CO)[C@H]6CC[C@]5(C)[C@]4(C)C[C@@H]2O)[C@H]3C1,0.0020530734
NSMMPEJLOMMKCX-SUKJIKOTSA-N,CCCCCCCCCCC/C=C1\C(=O)O[C@H](C)[C@H]1O,0.60013354
AZOCLKLJIKZOLF-XUHQJRGCSA-N,O=C(/C=C/c1ccc(O[C@H](C(=O)O)[C@@H](O)c2ccc(O)c(O)c2)c(O)c1)O[C@@H](Cc1ccc(O)c(O)c1)C(=O)O,0.58300596
COHYTHOBJLSHDF-BUHFOSPRSA-N,O=C1/C(=C2\Nc3ccccc3C2=O)Nc2ccccc21,0.8523592
SATMZMMKDDTOSQ-UHFFFAOYSA-N,Cc1nccc2c1[nH]c1cc(O)ccc12,0.98880893
GAEQWKVGMHUUKO-UHFFFAOYSA-N,Cc1cc2c([nH]c3ccccc32)c2c1OC(C)(C)C=C2,0.9572485
RHMXXJGYXNZAPX-UHFFFAOYSA-N,Cc1cc(O)c2c(c1)C(=O)c1cc(O)cc(O)c1C2=O,0.9776962
IGTCYLQHMDCGHA-CCEZHUSRSA-N,O=CNCCCCN(CCCNC(=O)c1ccccc1)C(=O)/C=C/c1ccccc1,0.9925207
PANKHBYNKQNAHN-MQQNZMFNSA-N,CC(/C=C/C=C(\C)C(=O)O)=C\C=C\C=C(C)\C=C\C=C(/C)C(=O)O,0.026885357
SDIVYZXRQHWCKF-SECBINFHSA-N,O=c1c2ccccc2nc2n1CC[C@H]2O,0.9468445
KZNIFHPLKGYRTM-UHFFFAOYSA-N,O=c1cc(-c2ccc(O)cc2)oc2cc(O)cc(O)c12,0.9817425
PMOWTIHVNWZYFI-AATRIKPKSA-N,O=C(O)/C=C/c1ccccc1O,0.99658847
CAPUGADOGHKUQS-YDNDUVNHSA-N,COc1ccc2c(c1)N1C(=O)C[C@@H]3OCC=C4CN5CC[C@@]26[C@@H]5C[C@@H]4[C@H]3[C@@H]16,0.0062272414
XROUKQJUPSQEJF-YPCIICBESA-N,COc1cc(/C=C/C(=O)CC(=O)/C=C/c2ccc(O)c(OO)c2)ccc1O,0.99720275
WMBWREPUVVBILR-GHTZIAJQSA-N,O=C(O[C@H]1Cc2c(O)cc(O)cc2O[C@@H]1c1cc(O)c(O)c(O)c1)c1cc(O)c(O)c(O)c1,0.97358096
SBHXYTNGIZCORC-ZDUSSCGKSA-N,O=C1C[C@@H](c2ccc(O)c(O)c2)Oc2cc(O)cc(O)c21,0.9457508
BQSJTQLCZDPROO-UHFFFAOYSA-N,Cc1nc(-c2ccc(OCC(C)C)c(C#N)c2)sc1C(=O)O,0.9165574
OXJKSVCEIOYZQL-ODPGBAFUSA-N,O=c1c(O[C@H]2O[C@@H](CO)[C@@H](O)[C@@H]2O)c(-c2cc(O)c(O)c(O)c2)oc2cc(O)cc(O)c12,0.020591075
FPLMIPQZHHQWHN-UHFFFAOYSA-N,COc1ccc(-c2oc3cc(O)cc(O)c3c(=O)c2O)cc1O,0.9658372
JPUDEIBVUZNDCK-FCXRPNKRSA-N,COc1ccc(/C=C/C(=O)CC(=O)/C=C/c2ccc(O)c(OC)c2)cc1O,0.9971533
ABVFJXLTKCYFCU-GFCCVEGCSA-N,Nc1ccccc1[C@H]1CCn2c1nc1ccccc1c2=O,0.9382713
NFVYQWIJCKHXPY-HRFLEFDHSA-N,CC[C@@H]1C=CCC[C@@]2(C[C@H]3CC[C@@]4(C(=O)OCCCCCCCCCCCCCCCCCC(=O)N(CCCN)CCCC(N)=O)C[C@]5(CCC[C@H](C)O5)N=C(N2)N34)O1,0.011285281
VWHYFMQKJYFLCC-DUXPYHPUSA-N,O=C(/C=C/CCc1ccc(O)c(O)c1)CCc1ccc(O)c(O)c1,0.940061
TUFLVKBJDSZLAW-UHFFFAOYSA-N,COc1cc(OC)c2ccc(=O)oc2c1O,0.96986884
GVKKJJOMQCNPGB-SNVBAGLBSA-N,C[C@@H]1COC2=C1C(=O)C(=O)c1c2ccc2c1CCCC2(C)C,0.8554997
CRDNMYFJWFXOCH-YPKPFQOOSA-N,O=C1Nc2ccccc2/C1=C1/Nc2ccccc2C1=O,0.7875848
PSFDQSOCUJVVGF-UHFFFAOYSA-N,Cc1nccc2c1[nH]c1ccccc12,0.9758448
CLZDRNKNWXDFQT-HCEBPPTQSA-N,O=C(O[C@H](Cc1ccc(O)c(O)c1)C(=O)O)C1=Cc2ccc(O)c(O)c2[C@H](C(=O)O[C@@H](Cc2ccc(O)c(O)c2)C(=O)O)[C@H]1c1ccc(O)c(O)c1,0.0053854003
HUWICDSAMDEDAM-HSRKKVFISA-N,O=C(OO[C@@H]1O[C@H](OC(=O)c2cc(O)c(O)c(O)c2)[C@@H](OC(=O)c2cc(O)c(O)c(O)c2)[C@H](OC(=O)c2cc(O)c(O)c(O)c2)[C@H]1O)c1cc(O)c(O)c(O)c1,0.49357644
RLJGTGKXUCBJPF-MPUGBXDSSA-N,COc1cc(C)c2c(=O)cc(C(O)(O)C(C)=O)oc2c1[C@@H]1O[C@@H](CO)[C@@H](O)[C@@H](O)[C@@H]1OC(=O)/C=C/c1ccccc1,0.05186706
LUKBXSAWLPMMSZ-OWOJBTEDSA-N,Oc1ccc(/C=C/c2cc(O)cc(O)c2)cc1,0.9971227
WTARULDDTDQWMU-IUCAKERBSA-N,C=C1CC[C@H]2C[C@@H]1C2(C)C,0.9182964
MZRGPMSVJSTWGI-QUTULZHUSA-N,CCO[C@@H]1C(=O)C=C[C@@H](OC=O)[C@]1(O)C(=O)OCc1ccccc1O[C@@H]1O[C@H](COC(=O)c2ccccc2)[C@@H](OC(=O)c2ccccc2)[C@H](O)[C@H]1O,0.13336377
TVWPPWLGMUSNNX-UHFFFAOYSA-N,C=CCc1cc(-c2oc3cc(O)c(CC=C)c(O)c3c(=O)c2O)cc(O)c1O,0.7813602
IYRMWMYZSQPJKC-UHFFFAOYSA-N,O=c1c(O)c(-c2ccc(O)cc2)oc2cc(O)cc(O)c12,0.9678211
PQBITFIHFKWRFS-FTQOQOITSA-N,COC(=O)[C@@]1(C)CC[C@]2(C)CC[C@]3(C)C(=CC(=O)[C@H]4[C@]5(C)CC[C@@H](O[C@@H]6O[C@H](C(=O)NN)[C@@H](O)[C@H](O)[C@H]6O[C@H]6O[C@@H](C(=O)NN)[C@@H](O)[C@@H](O)[C@H]6O)C(C)(C)[C@H]5CC[C@@]43C)[C@H]2C1,0.095497064
MZSGWZGPESCJAN-MOWZVGOISA-N,O=C(/C=C/c1ccc(O/C(=C\c2ccc(O)c(O)c2)C(=O)O)c(O)c1)O[C@@H](Cc1ccc(O)c(O)c1)C(=O)O,0.7027671
KVYNYRIOAYQBFK-ODMAYWLASA-N,[H]/N=C(\N)NCCCCNC(=O)/C=C/c1ccc2c(c1)[C@@H](C(=O)NCCCCN/C(N)=N/[H])[C@H](c1ccc(O)cc1)O2,0.08531471
XCDQFROEGGNAER-NNEHRPRASA-N,C[C@@H]1[C@@H](O)CC[C@H]2[C@@]1(C)CC[C@@H]1[C@]2(C)CC[C@@]2(C)[C@@H]3CC(C)(C)CC[C@@]3(C)CC[C@]12C,0.05322835
QTUCSHJOGPJHIM-MZVGWLCOSA-N,C[C@@H]1[C@@H](O[C@@H](CCCCc2ccc(O)c(O)c2)CCc2ccc(O)c(O)c2)O[C@@H](O)[C@H](O)[C@H]1O,0.039768193
CEBIAOODBQSTTK-UHFFFAOYSA-N,CC(=O)NCCCCCN(O)C(=O)CCC(=O)NCCCCCN(O)C(=O)Cc1ccccc1,0.9202893
TZBJGXHYKVUXJN-UHFFFAOYSA-N,O=c1c(-c2ccc(O)cc2)coc2cc(O)cc(O)c12,0.9809192
DOHSSXZMQRXAPZ-INHBTNCSSA-N,C[C@@H]1O[C@@H](O[C@H]2CC[C@]3(C)[C@H](CC[C@@]4(C)[C@H]3C=C[C@@H]3[C@H]5CC(C)(C)CC[C@]5(CO)[C@H](O)C[C@]34C)[C@]2(C)O)[C@@H](O)[C@@H](O[C@@H]2O[C@H](CO)[C@@H](O)[C@H](O)[C@H]2O)[C@@H]1O,0.0015498305
YDQWDHRMZQUTBA-UHFFFAOYSA-N,O=C1c2cccc(O)c2C(=O)c2c(O)cc(CO)cc21,0.9907829
JXFZHMCSCYADIX-XVNBXDOJSA-N,COc1cc(/C=C/C(=O)Nc2ccc(O)cc2C(=O)O)ccc1O,0.9967981
YVPXVXANRNDGTA-URLMMPGGSA-N,COc1ccc2cc1Oc1ccc(cc1)C[C@@H]1c3c(cc4c(c3Oc3cc5c(cc3OC)CCN(C)[C@H]5C2)OCO4)CCN1C,0.28861848
YABIJLLNNFURIJ-UHFFFAOYSA-N,CC(C)=CCc1cc2c(cc1O)oc(=O)c1c3ccc(O)cc3oc21,0.9675172
CAGSJLJFRUTERD-ZCIJVQOHSA-N,C[C@@H]1[C@@H](O)[C@H](O)[C@@H](O)O[C@H]1[C@@H](CCc1ccc(O)c(O)c1)CC(=O)CCc1ccc(O)c(O)c1,0.02138156
TZBJGXHYKVUXJN-UHFFFAOYSA-N,O=c1c(-c2ccc(O)cc2)coc2cc(O)cc(O)c12,0.9809192
LSHVYAFMTMFKBA-TZIWHRDSSA-N,O=C(O[C@@H]1Cc2c(O)cc(O)cc2O[C@@H]1c1ccc(O)c(O)c1)c1cc(O)c(O)c(O)c1,0.9853976
UYBHWSVYGLVLEM-QTBYGSMXSA-N,C=C(C)[C@H]1CC[C@]2(C(=O)O)CC[C@@H]3[C@H](CC[C@@H]4[C@]3(C)CC[C@@H]3C(C)(C)C(=O)CC[C@@]43C)[C@H]12,0.016623598
VXNWJKFKJUYKNY-UHFFFAOYSA-N,C=CCc1ccc(C(C)=O)c(OC)c1,0.98853135
LAWAARLALKUFQQ-AUSIDOKSSA-N,COc1ccc2c3c(c4cc(OC)c(OC)cc4c2c1)CN1CCC[C@@H]1[C@H]3O,0.6687044
XHEFDIBZLJXQHF-UHFFFAOYSA-N,O=c1c(O)c(-c2ccc(O)c(O)c2)oc2cc(O)ccc12,0.9949143
ABWRSFGMUNFXLV-ZBRBORSZSA-N,COc1cc2c(cc1O)[C@]13CCN4CC5=CCO[C@H]6CC(=O)N2[C@@H]1[C@@H]6[C@H]5C[C@H]43,0.008861169
SRVFFFJZQVENJC-RDBSUJKOSA-N,CCOC(=O)[C@H]1O[C@@H]1C(=O)N[C@H](CC(C)C)C(=O)NCCC(C)C,0.9764565
ZDSHHVKRPQDWHF-WEVVVXLNSA-N,C=C(Cc1c(OC)ccc(C(=O)/C=C/c2ccc(O)cc2)c1O)OO,0.9575398
AUIKOEBHPNLVIV-IZPAUZPXSA-N,O=C(/C=C/c1ccc(O)c(O)c1)NCC[C@@H]1CNc2ccccc21,0.9543074
YJVMDLQSCPBESM-BPWQLTPQSA-N,CC1(C)CC[C@]2(CO)C(=O)C[C@]3(C)C(=CC[C@H]4[C@]5(C)CC[C@@H](O)C(C)(C)[C@H]5CC[C@@]43C)[C@H]2C1,0.10534416
OPCNBYUJAGAASS-QRWLVFNGSA-N,C[C@H]1OC(c2ccccc2O)=N[C@@H]1C(=O)NCCCNCCCNC(=O)c1cccc(O)c1O,0.667613
DEMKZLAVQYISIA-GGRNZYNVSA-N,O=C1C[C@H](c2ccc(O[C@H]3O[C@H](CO)[C@H](O)[C@H](O)[C@@H]3O)cc2)Oc2cc(O)ccc21,0.9228295
KYWSCMDFVARMPN-AXWYSAQTSA-N,C[C@@H]1O[C@@H](O[C@H]2CC[C@]3(C)[C@H](CC[C@@]4(C)[C@H]3C=C[C@]35OC[C@@]6(CCC(C)(C)C[C@@H]63)[C@@H](O)C[C@@]45C)[C@]2(C)CO)[C@@H](O)[C@@H](O[C@@H]2O[C@H](CO)[C@@H](O)[C@H](O)[C@H]2O)[C@@H]1O,0.000740543
IYRMWMYZSQPJKC-UHFFFAOYSA-N,O=c1c(O)c(-c2ccc(O)cc2)oc2cc(O)cc(O)c12,0.9678211
OBGPEBYHGIUFBN-UHFFFAOYSA-N,CC(C)=CCc1cc(-c2coc3cc(O)ccc3c2=O)ccc1O,0.9784918
CMJGAYUQSLJSCR-ULIPXBITSA-N,O=C1OC[C@H](Cc2ccc3c(c2)OCO3)/C1=C\c1ccc2c(c1)OCO2,0.46951243
XMOCLSLCDHWDHP-SWLSCSKDSA-N,Oc1cc(O)c2c(c1)O[C@H](c1cc(O)c(O)c(O)c1)[C@@H](O)C2,0.9124069
OJYLAHXKWMRDGS-UHFFFAOYSA-N,COc1cc(CCC(C)=O)ccc1O,0.994524
BYIUQAPTUVOGEC-STROVDMWSA-N,O=C(O[C@@H]1O[C@H](OC(=O)c2cc(O)c(O)c(O)c2)[C@@H](OC(=O)c2cc(O)c(O)c(O)c2)[C@H](OC(=O)c2cc(O)c(O)c(O)c2)[C@H]1O)c1cc(O)c(O)c(O)c1,0.41254145
LPLVUJXQOOQHMX-FLWAPPOHSA-N,CC1(C)[C@H]2CC[C@@]3(C)[C@@H](C(=O)C=C4[C@H]5C[C@@](C)(C(=O)O)CC[C@]5(C)CC[C@]43C)[C@]2(C)CC[C@H]1O[C@@H]1O[C@H](C(=O)O)[C@@H](O)[C@H](O)[C@H]1O[C@H]1O[C@@H](C(=O)O)[C@@H](O)[C@@H](O)[C@H]1O,0.078662686
IAKHMKGGTNLKSZ-INIZCTEOSA-N,COc1cc2c(c(OC)c1OC)-c1ccc(OC)c(=O)cc1[C@@H](NC(C)=O)CC2,0.9923924
IYGYMKDQCDOMRE-ZWKOTPCHSA-N,CN1CCc2cc3c(cc2[C@H]1[C@@H]1OC(=O)c2c1ccc1c2OCO1)OCO3,0.18320358
NYCCSNKAKDPMKQ-JXYRPZLXSA-N,OC[C@H]1O[C@H](Oc2cccc(/C=C/c3ccc(O)cc3)c2)[C@@H](O)[C@H](O)[C@@H]1O,0.96651524
OJFGQVZAISEIPG-IJIVKGSJSA-N,O=C(/C=C/c1ccc(O)c(O)c1)CC(=O)/C=C/c1ccc(O)c(O)c1,0.99764097
UZROCPSMHKOYDS-CQSZACIVSA-N,Nc1ccccc1[C@H]1CCN2Cc3ccccc3N=C12,0.80259013
YMGFTDKNIWPMGF-WNQDSSHSSA-N,O=C(/C=C/c1ccc(O)c(O)c1/C=C/c1ccc(O)c(O)c1)O[C@@H](Cc1ccc(O)c(O)c1)C(=O)O,0.8603996
KCWHZHZEQUHBCW-HNNXBMFYSA-N,Oc1ccc(CCCC[C@H](O)CCc2ccc(O)c(O)c2)cc1O,0.9624628
IOUVKUPGCMBWBT-QNDFHXLGSA-N,O=C(CCc1ccc(O)cc1)c1c(O)cc(O)cc1O[C@@H]1O[C@H](CO)[C@@H](O)[C@H](O)[C@H]1O,0.7945911
QRYRORQUOLYVBU-VLIAUNLRSA-N,CC(C)c1cc2c(c(O)c1O)[C@]1(C(=O)O)CCCC(C)(C)[C@H]1CC2,0.07154562
RERZNCLIYCABFS-UHFFFAOYSA-N,COc1ccc2c3c([nH]c2c1)C(C)=NCC3,0.981847
PHPGTEVCWLIQIT-BQYYLDSTSA-N,CC1(C)[C@H]2CC[C@@]3(C)[C@@H](C(=O)C=C4[C@H]5C[C@@](C)(C(=O)O)CC[C@]5(C)CC[C@]43C)[C@]2(C)CC[C@H]1O[C@@H]1O[C@H](C(=O)N[C@H](SCc2ccccc2)C(=O)O)[C@@H](O)[C@H](O)[C@H]1O[C@H]1O[C@@H](C(=O)N[C@H](CSCc2ccccc2)C(=O)O)[C@@H](O)[C@@H](O)[C@H]1O,0.04182748
SUYLTDFWHNXGDX-LFAPAAFUSA-N,O=C(O[C@H](Cc1ccc(O)c(O)c1)C(=O)O)[C@@H]1[C@H](C(=O)O[C@@H](Cc2ccc(O)c(O)c2)C(=O)O)[C@@H](c2ccc(O)c(O)c2)[C@@H]1c1ccc(O)c(O)c1,0.0064217197
JGTYOOKXGOJQII-IBUQTYFYSA-N,CO[C@H]1[C@H](O[C@@H]2O[C@H](CO)[C@H](O)[C@H](O)[C@@H]2O)[C@@H](O)[C@H](O[C@H]2CC[C@@]3(C)[C@@H](CC[C@]4(C)[C@@H]3C=CC3=C5CC(C)(C)CC[C@@]5(CO)[C@H](O)C[C@]34C)[C@]2(C)CO)O[C@@H]1C,0.0005380361
YDQWDHRMZQUTBA-UHFFFAOYSA-N,O=C1c2cccc(O)c2C(=O)c2c(O)cc(CO)cc21,0.9907829
QUQPHWDTPGMPEX-XPMSIJAISA-N,COc1ccc([C@H]2CC(=O)c3c(O)cc(O[C@@H]4O[C@H](CO[C@@H]5O[C@H](C)[C@H](O)[C@H](O)[C@@H]5O)[C@H](O)[C@@H](O)[C@H]4O)cc3O2)cc1O,0.15093988
YUSWMAULDXZHPY-UHFFFAOYSA-N,O=c1cc(-c2ccc(O)c(-c3c(O)cc(O)c4c(=O)cc(-c5ccc(O)cc5)oc34)c2)oc2cc(O)cc(O)c12,0.792096
DLBOMVFEFWKKHS-NXBHMOJESA-N,O=C(O[C@@H]1[C@H](Oc2ccc(O)cc2COC(=O)[C@@]2(O)[C@H](O)C=CC(=O)[C@@H]2O)O[C@H](CO)[C@@H](O)[C@@H]1O)c1ccccc1,0.06921526
WEEGYLXZBRQIMU-WAAGHKOSSA-N,CC1(C)O[C@]2(C)CC[C@H]1CC2,0.8191581
CYQRDZPBFHTFJZ-ASGMLYFASA-N,C[C@@H]1OC(c2ccccc2O)=N[C@@H]1C(=O)NCCCN(CCCNC(=O)c1cccc(O)c1O)C(=O)[C@H]1N=C(c2ccccc2O)O[C@H]1C,0.047077417
CXHQWFDNPRYKLR-CRGSBIFKSA-N,O=C1c2c(O)cccc2[C@H]([C@@H]2O[C@H](CO)[C@H](O)[C@H](O)[C@H]2O)c2cc(O)cc(O)c21,0.0070680073
XXAKVORQXOAQMW-OSCSTCBISA-N,CC[C@H](C)[C@@H](NC(=O)[C@@H](C)NC)C(=O)N1CC[C@@H]2Oc3ccc(OC)c(c3)CCNC(=O)[C@@H](C)NC(=O)[C@@H]21,0.4670731
AKIHYQWCLCDMMI-VMPITWQZSA-N,[H]/N=C(/N)NCCCCNC(=O)/C=C/c1ccc(O)cc1,0.995365
RHVPEFQDYMMNSY-UHFFFAOYSA-N,CC1=NCCc2c1[nH]c1cc(O)ccc21,0.97089136
IIVCIAROSDNLCL-VUUSOMOASA-N,CC1(C)[C@H]2CC[C@@]3(C)[C@@H](C(=O)C=C4[C@H]5C[C@@](C)(C(=O)O)CC[C@]5(C)CC[C@]43C)[C@]2(C)CC[C@H]1O[C@@H]1O[C@H](C(=O)N[C@H]2O[C@@H](CO)[C@@H](O)[C@H](O)[C@@H]2NC=O)[C@@H](O)[C@H](O)[C@H]1O[C@H]1O[C@@H](C(=O)N[C@H]2O[C@@H](CO)[C@H](O)[C@H](O)[C@@H]2NC=O)[C@@H](O)[C@@H](O)[C@H]1O,0.06839307
OQWKEEOHDMUXEO-BQYQJAHWSA-N,CCCCC/C=C/C(=O)CCc1ccc(O)c(OC)c1,0.993704
CAGSJLJFRUTERD-VKECQMBHSA-N,C[C@@H]1[C@@H](O)[C@H](O)[C@@H](O)O[C@H]1[C@H](CCc1ccc(O)c(O)c1)CC(=O)CCc1ccc(O)c(O)c1,0.02138156
XPEQUGZSJRBTLJ-UHFFFAOYSA-N,O=C(CCc1ccc(O)c(O)c1)CC(=O)CCc1ccc(O)c(O)c1,0.9829503
GCCUNTZRCHAEMO-FCISZPQZSA-N,CC1(C)[C@H]2CC[C@@]3(C)[C@@H](C(=O)C=C4[C@H]5C[C@@](C)(C(=O)c6c[nH]c(=O)[nH]c6=O)CC[C@]5(C)CC[C@]43C)[C@]2(C)CC[C@H]1O[C@@H]1O[C@H](C(=O)c2c[nH]c(=O)[nH]c2=O)[C@@H](O)[C@H](O)[C@H]1O[C@H]1O[C@@H](C(=O)c2c[nH]c(=O)[nH]c2=O)[C@@H](O)[C@@H](O)[C@H]1O,0.27085608
OVBPIULPVIDEAO-GFCCVEGCSA-N,Nc1nc2ncc(CNc3ccc(C(=O)N[C@H](CCC(=O)O)C(=O)O)cc3)nc2c(=O)[nH]1,0.78935134
INVSLAPXYYHYAD-SKSBSBCQSA-N,COc1ccc2c(c1)N1C(=O)C[C@@H]3OCC=C4CN5CC[C@@]26[C@H]1[C@@H]3[C@H]4C[C@]56O,0.0035430875
OBGPEBYHGIUFBN-UHFFFAOYSA-N,CC(C)=CCc1cc(-c2coc3cc(O)ccc3c2=O)ccc1O,0.9784918
KYWSCMDFVARMPN-ASWPDFGGSA-N,C[C@@H]1O[C@@H](O[C@H]2CC[C@]3(C)[C@H](CC[C@@]4(C)[C@H]3C=C[C@]35OC[C@@]6(CCC(C)(C)C[C@@H]63)[C@H](O)C[C@@]45C)[C@]2(C)CO)[C@@H](O)[C@@H](O[C@@H]2O[C@H](CO)[C@@H](O)[C@H](O)[C@H]2O)[C@@H]1O,0.000740543
KGUHFCVSCDQVEU-GEXKASOQSA-N,C=C(C)[C@H]1CC[C@]2(C(=O)O)CC[C@@H]3[C@H](CC[C@@H]4[C@]3(C)CC[C@@H]3C(C)(C)[C@H](O)CC[C@@]43C)[C@H]12,0.01541004
WMBWREPUVVBILR-WIYYLYMNSA-N,O=C(O[C@@H]1Cc2c(O)cc(O)cc2O[C@@H]1c1cc(O)c(O)c(O)c1)c1cc(O)c(O)c(O)c1,0.97358096
KZNIFHPLKGYRTM-UHFFFAOYSA-N,O=c1cc(-c2ccc(O)cc2)oc2cc(O)cc(O)c12,0.9817425
ZUGCRBMNFSAUOC-YRNVUSSQSA-N,COc1cc(O)c(C(=O)/C=C/c2ccc(O)cc2)cc1CC=C(C)C,0.84603447
XGVJWXAYKUHDOO-KSYCFECVSA-N,O[C@@H]1[C@H]2c3cc4c(cc3CN3CCC(=C[C@@H]1O)[C@H]23)OCO4,0.8819736
IQPNAANSBPBGFQ-UHFFFAOYSA-N,O=c1cc(-c2ccc(O)c(O)c2)oc2cc(O)cc(O)c12,0.97389865
CGBLBCRVDKYKCU-ZHACJKMWSA-N,CSC(=O)NCCCN(CCCCNC=O)C(=O)/C=C/c1ccccc1,0.9742337
VWHYFMQKJYFLCC-DUXPYHPUSA-N,O=C(/C=C/CCc1ccc(O)c(O)c1)CCc1ccc(O)c(O)c1,0.940061
MWMMPGDUPHYPAA-FPYGCLRLSA-N,O=c1oc(/C=C/c2ccc(O)cc2)nc2ccc(O)cc12,0.9881146
GNZSCHDPXFZGRO-FVCCEPFGSA-N,C=C1CCC[C@@]2(C)CC[C@H](CO)[C@@H](O)[C@]12O,0.025377462
YMHFBUOKLSWOQF-NSHGMRRFSA-N,CN1CCc2cc3c(cc2[C@H]1[C@@H]1O[C@H](O)c2c1ccc1c2OCO1)OCO3,0.05542852
QISBNGLMCHHHFG-HNQUOIGGSA-N,O=c1cc(O)oc(/C=C/c2ccc(O)c(O)c2)c1,0.99014705
IKMDFBPHZNJCSN-UHFFFAOYSA-N,O=c1c(O)c(-c2cc(O)c(O)c(O)c2)oc2cc(O)cc(O)c12,0.9610899
IYGYMKDQCDOMRE-ZWKOTPCHSA-N,CN1CCc2cc3c(cc2[C@H]1[C@@H]1OC(=O)c2c1ccc1c2OCO1)OCO3,0.18320358
AIONOLUJZLIMTK-CQSZACIVSA-N,COc1ccc([C@H]2CC(=O)c3c(O)cc(O)cc3O2)cc1O,0.9770856
YUSWMAULDXZHPY-UHFFFAOYSA-N,O=c1cc(-c2ccc(O)c(-c3c(O)cc(O)c4c(=O)cc(-c5ccc(O)cc5)oc34)c2)oc2cc(O)cc(O)c12,0.792096
RLAWBFSVSTZLIY-UHFFFAOYSA-N,Oc1cccc(Cc2ncc[nH]2)c1Oc1ccccc1Cc1ncc[nH]1,0.9934111
WMHJCSAICLADIN-WYWSWGBSSA-N,CC1=C(C=O)C(C)(C)C[C@H](O[C@@H]2O[C@H](CO)[C@@H](O)[C@H](O)[C@H]2O)C1,0.6737708
VOCGSQHKPZSIKB-HXUWFJFHSA-N,COc1cc2c(cc1CC=C(C)C)C(=O)C[C@H](c1ccc(O)cc1)O2,0.976002
AIGAZQPHXLWMOJ-UHFFFAOYSA-N,Cc1coc2c1C(=O)C(=O)c1c-2ccc2c(C)cccc12,0.94094485
FURJVCYQVDCGPY-JZKQVHKSSA-N,CC(C)c1cc2c(c(O)c1O)[C@]13CCCC(C)(C)[C@H]1C[C@H]2C(=O)OO3,0.0023691165
AIFRHYZBTHREPW-UHFFFAOYSA-N,c1ccc2c(c1)[nH]c1cnccc12,0.97886777
KZJWDPNRJALLNS-VPUBHVLGSA-N,CC[C@@H](CC[C@H](C)[C@@H]1CC[C@H]2[C@@H]3CC=C4C[C@@H](O)CC[C@]4(C)[C@H]3CC[C@@]21C)C(C)C,0.83211875
OPJNODHFKFAIBH-JMQWPVDRSA-N,O=C(/C=C/c1ccc(O)c(O)c1)NCCCCNCCCNC(=O)/C=C/c1ccc(O)c(O)c1,0.99729556
CXHQWFDNPRYKLR-CRGSBIFKSA-N,O=C1c2c(O)cccc2[C@H]([C@@H]2O[C@H](CO)[C@H](O)[C@H](O)[C@H]2O)c2cc(O)cc(O)c21,0.0070680073
WXTPOHDTGNYFSB-RMPHRYRLSA-N,OC[C@H]1O[C@@H](Oc2cc(O)cc(O)c2)[C@H](O)[C@@H](O)[C@@H]1O,0.9338803
ITYNGVSTWVVPIC-DHGKCCLASA-N,C=C1CC[C@@H]2[C@H]([C@@H]3[C@H](C)CC[C@H]13)C2(C)C,0.10844045
NPNNKDMSXVRADT-WEVVVXLNSA-N,COc1cc(/C=C/C(=O)NCCc2ccc(O)cc2)ccc1O,0.9991849
WLKFTWWPENDPDN-RMKNXTFCSA-N,C=CCc1cc(C(=O)/C=C/c2ccc(O)cc2)c(O)cc1O,0.9820856
IQPNAANSBPBGFQ-UHFFFAOYSA-N,O=c1cc(-c2ccc(O)c(O)c2)oc2cc(O)cc(O)c12,0.97389865
RHRMQQJITNWFMZ-CXUHLZMHSA-N,COc1cc(/C=C/C(=O)NCCc2ccc(Oc3ccc(CCNC(=O)C(=O)Cc4ccc(O)c(OC)c4)cc3)cc2)ccc1O,0.95985824
SSEUDFYBEOIWGF-AWEZNQCLSA-N,COc1cc2c3c(c4cc(OC)c(OC)cc4c2cc1OC)CN1CCC[C@H]1C3,0.76005787
MDBLUWPKZWARGG-RVFMGZSWSA-N,COC(=O)CCC(=O)O[C@@H]1C[C@@](OC(=O)/C=C/c2ccc(O)c(O)c2)(C(=O)O)C[C@H](OC(=O)/C=C/c2ccc(O)c(O)c2)[C@H]1O,0.96136606
KZMACGJDUUWFCH-UHFFFAOYSA-O,COc1cc(-c2[o+]c3cc(O)cc(O)c3cc2O)cc(OC)c1O,0.9314752
QYMDEOQLJUUNOF-UHFFFAOYSA-N,COc1ccc2[nH]c3c(c2c1)CCNC3,0.9909011
ZERULLAPCVRMCO-UHFFFAOYSA-N,CCCSCCC,0.9849577
JVXZRQGOGOXCEC-UHFFFAOYSA-N,O=c1cc(-c2ccc(O)cc2)oc2cc(O)c(O)c(O)c12,0.99408203
NLDDIKRKFXEWBK-AWEZNQCLSA-N,CCCCC[C@H](O)CC(=O)CCc1ccc(O)c(OC)c1,0.9901513
ZDOTZEDNGNPOEW-UHFFFAOYSA-N,O=c1c(O)c(-c2ccc(O)cc2)oc2c(O)c(O)cc(O)c12,0.9010051
QAIPRVGONGVQAS-DUXPYHPUSA-N,O=C(O)/C=C/c1ccc(O)c(O)c1,0.99804926
SUQWXNKVRJSLJG-VJTYHZGZSA-N,COc1cc(C)c2c(=O)cc(C[C@@H](C)O)oc2c1[C@@H]1O[C@@H](CO)[C@@H](C)[C@@H](O)[C@@H]1OC(=O)/C=C/c1ccccc1,0.03260703
UBAXRAHSPKWNCX-UHFFFAOYSA-N,C=CCSSSCC=C,0.88575083
MVIYWFBLVAFZID-AWEZNQCLSA-N,O=C(CCc1ccc(O)c(O)c1)C[C@@H](O)CCc1ccc(O)c(O)c1,0.95282084
HYXITZLLTYIPOF-UHFFFAOYSA-N,Cc1coc2c1C(=O)C(=O)c1c-2ccc2c1CCCC2(C)C,0.91947395
ZFAHNWWNDFHPOH-YFKPBYRVSA-N,C=CCSC[C@H](N)C(=O)O,0.9030868
REFJWTPEDVJJIY-UHFFFAOYSA-N,O=c1c(O)c(-c2ccc(O)c(O)c2)oc2cc(O)cc(O)c12,0.9714201
QXNWVJOHUAQHLM-QUCCMNQESA-N,CC(C)c1cc2c(cc1O)[C@]1(C)CCCC(C)(C)[C@H]1CC2,0.09699338
DBQOYAOBGQRKIK-HIBOQREESA-N,COc1ccc(-c2cc(=O)c3c(O)c(OC)c(O[C@@H]4O[C@H](CO[C@H]5O[C](C)[C@H](O)[C@@H](O)[C@@H]5O)[C@@H](O)[C@H](O)[C@H]4O)cc3o2)cc1,0.04872714
ZQSIJRDFPHDXIC-UHFFFAOYSA-N,O=c1c(-c2ccc(O)cc2)coc2cc(O)ccc12,0.99439573
ZWXLQYJRFHYYAO-KCXIHHOBSA-N,COc1cc(C)c2c(=O)cc(CC(C)=O)oc2c1[C@@H]1O[C@@H](CO)[C@@H](C)[C@@H](O)[C@@H]1OC(=O)/C=C/c1ccccc1,0.052285302
NLDDIKRKFXEWBK-CQSZACIVSA-N,CCCCC[C@@H](O)CC(=O)CCc1ccc(O)c(OC)c1,0.9901513
IKMDFBPHZNJCSN-UHFFFAOYSA-N,O=c1c(O)c(-c2cc(O)c(O)c(O)c2)oc2cc(O)cc(O)c12,0.9610899
PFRGXCVKLLPLIP-UHFFFAOYSA-N,C=CCSSCC=C,0.84388196
HFSDOBJCQNMPRQ-UHFFFAOYSA-N,CNOC(=O)c1cc2c(cn1)[nH]c1ccccc12,0.9936167
JKHRCGUTYDNCLE-UHFFFAOYSA-O,Oc1cc(O)c2cc(O)c(-c3cc(O)c(O)c(O)c3)[o+]c2c1,0.9584668
DKBOCUYXQDBLOY-RUZDIDTESA-N,CN1CCCCN(CCCCNC(=O)c2ccccc2)C(=O)[C@]1(O)C(=O)c1ccccc1,0.93160385
QGJZLNKBHJESQX-JWTUGZEHSA-N,C=C(C)[C@H]1CC[C@]2(C(=O)O)CC[C@]3(C)[C@H](CC[C@H]4[C@]5(C)CC[C@@H](O)C(C)(C)[C@H]5CC[C@@]43C)[C@H]12,0.9577097
KJSPSKUHMMEKCA-SIWDACQESA-N,COc1cc([C@@H](O)[C@@H]2C(=O)NCCc3cccc(c3)Oc3ccc(cc3)CCNC(=O)/C=C/Cc3cc(OC)c(O)c2c3)ccc1O,0.025178632
HGEFZKVVMSUQFS-UHFFFAOYSA-N,C=CCc1c(CCCc2ccc(O)cc2O)cc(O)c(O)c1CC=C,0.9099739
ITYNGVSTWVVPIC-XVIXHAIJSA-N,C=C1CC[C@@H]2[C@H]([C@@H]3[C@H](C)CC[C@@H]13)C2(C)C,0.10844045
GRQOHVDLWPRWAW-OYJCNGCPSA-N,O=C(/C=C1\c2cc(O)c(O)cc2[C@H](c2ccc(O)c(O)c2)[C@H]1C(=O)NCCc1ccc(O)cc1)NCCc1ccc(O)cc1,0.042369522
QYOIIVVCQDPNAG-XDMWQQQZSA-N,O=C1c2cc(CO)cc(O)c2C(=O)c2c1ccc([C@@]1([C@@H]3O[C@H](CO)[C@H](O)[C@H](O)[C@H]3O)c3cccc(O)c3C(=O)c3c(O)cc(O)cc31)c2O,0.04396164
BYSRPHRKESMCPO-LNOLUJMESA-N,Oc1cc(O)c2c(c1)O[C@]1(c3ccc(O)c(O)c3)Oc3cc(O)c4c(c3[C@@H]2[C@H]1O)O[C@H](c1ccc(O)c(O)c1)[C@@H](O)[C@@H]4c1c(O)cc(O)c2c1O[C@@H](c1ccc(O)c(O)c1)[C@H](O)C2,0.007306969
DOUMFZQKYFQNTF-GIZXNFQBSA-N,O=C(/C=C/c1ccc(O)c(O)c1)O[C@@H](Cc1ccc(O)c(O)c1)C(=O)O,0.95659673
BXNJHAXVSOCGBA-UHFFFAOYSA-N,COc1ccc2c(c1)[nH]c1c(C)nccc12,0.9953544
YDQWDHRMZQUTBA-UHFFFAOYSA-N,O=C1c2cccc(O)c2C(=O)c2c(O)cc(CO)cc21,0.9907829
YKPUWZUDDOIDPM-SOFGYWHQSA-N,COc1cc(CNC(=O)CCCC/C=C/C(C)C)ccc1O,0.9435667
GVKKJJOMQCNPGB-JTQLQIEISA-N,C[C@H]1COC2=C1C(=O)C(=O)c1c2ccc2c1CCCC2(C)C,0.8554997
MXXWOMGUGJBKIW-YPCIICBESA-N,O=C(/C=C/C=C/c1ccc2c(c1)OCO2)N1CCCCC1,0.99123317
FZKRWTVMKFSFSG-CYBMUJFWSA-N,CNc1ccc([C@H]2CCn3c2nc2ccccc2c3=O)cc1C(=O)OC,0.9660186
DQEAAVKYRCHQOQ-IEFPXSNCSA-N,C[C@H]1O[C@H](Oc2ccc3ccc(=O)oc3c2-c2c(O)ccc3ccc(=O)oc23)[C@H](O)[C@@H](O)[C@@H]1O,0.019384257
WKOLLVMJNQIZCI-UHFFFAOYSA-N,COc1cc(C(=O)O)ccc1O,0.9969007
IQPNAANSBPBGFQ-UHFFFAOYSA-N,O=c1cc(-c2ccc(O)c(O)c2)oc2cc(O)cc(O)c12,0.97389865
SGJNQVTUYXCBKH-HNQUOIGGSA-N,O=c1cc(O)cc(/C=C/c2ccc(O)c(O)c2)o1,0.9945958
