key,input,score
DWCXXICTUDDKTB-ZYHUDNBSSA-N,CC1=CC(=O)[C@]2(O[C@@H]2C(=O)CC(C)C)C(=O)N1,8.812728
ICCCTINORQADKA-UHFFFAOYSA-N,CC(c1ccc(O)c(O)c1)c1cc(=O)c2c(O)cccc2o1,10.255921
JXGIYKRRPGCLFV-JOCHJYFZSA-N,CC(C)(C)NC(=O)[C@@H](c1cccnc1)N(C(=O)c1ccco1)c1ccc(C(C)(C)C)cc1,3.576927
IEPKWJCBNGNVDF-WQIPHUEGSA-N,COc1cc(-c2oc3cc(O)cc(O)c3c(=O)c2O[C@@H]2O[C@H](CO[C@@H]3O[C@@H](C)[C@H](O)[C@@H](O)[C@H]3O)[C@@H](O)[C@H](O)[C@H]2O)cc(O)c1O,10.866425
DWCXXICTUDDKTB-JQWIXIFHSA-N,CC1=CC(=O)[C@@]2(O[C@H]2C(=O)CC(C)C)C(=O)N1,8.812728
REIDKNJPKCZOCD-QPJJXVBHSA-N,CC(=O)Oc1ccc(/C=C/C(=O)OC2Cc3c(O)cc(O)cc3OC2c2cc(O)c(O)c(O)c2)cc1,9.933426
JGEWWECZHHEMFT-ZLONGOGWSA-N,CC[C@H](/C=C/C=C/C=C/C(=O)c1c(O)c(C2=CCC(O)CC2)cn(O)c1=O)CO,11.521191
WPZLJHVSIPEPJH-UAAWYHEHSA-N,CC[C@H](C)C[C@@H](C)/C=C(\C)[C@@]1(C)O[C@@](C)(c2c3c(cn(C)c2=O)[C@@]2(OC)CCC(=O)C[C@H]2O3)CC[C@H]1C,12.84962
YXWXVUSGNDTEJY-LRXDAGSUSA-N,C[C@@H]1C[C@H](C)[C@H]2c3c(ccn(O)c3=O)O[C@H](C)[C@@]2(C)C1,8.02189
DJQRTLNVHQQQCS-FYOYPEGLSA-N,CC(C)C[C@H](NC(=O)OCc1ccccc1)C(=O)N[C@@H](CC1CCNC1=O)C(C)S(=O)(=O)O,7.671317
WPZLJHVSIPEPJH-XNPWINIOSA-N,CC[C@H](C)C[C@@H](C)/C=C(\C)[C@@]1(C)O[C@@](C)(c2c3c(cn(C)c2=O)[C@@]2(OC)CCC(=O)C[C@H]2O3)CC[C@@H]1C,12.84962
YOVZIUFWFJWPCD-UHFFFAOYSA-N,Oc1cc(O)c(Oc2cc(O)cc(O)c2-c2c(O)cc(O)cc2Oc2c(O)cc(O)cc2Oc2c(O)cc(O)c3c2Oc2c(O)cc(O)cc2O3)c(O)c1,10.202352
PQBATSTYUATBBZ-DLCKZTKESA-N,O=C(O[C@H]1Cc2c(O)cc(O)cc2OC1c1cc(O)c(O)c2c(=O)c(O)cc(C3Oc4cc(O)cc(O)c4C[C@H]3O)cc12)c1ccc(O)c(O)c1O,10.752282
XPHFOBQVOVBHDP-SCMBCXDZSA-N,CC[C@H](C)C[C@@H](C)/C=C(\C)[C@@]1(C)O[C@@](C)(c2c3c(cn(C)c2=O)[C@@]2(OC)CCC(OC)(OC)C[C@H]2O3)CC[C@H]1C,12.897538
DWDOXTINEVOYSV-FFZOFVMBSA-N,CC(C)C1=C[C@]2(O)CC[C@H]3C(C)(C)CCC[C@]3(C)C2=CC1=O,10.461589
WPZLJHVSIPEPJH-UAAWYHEHSA-N,CC[C@H](C)C[C@@H](C)/C=C(\C)[C@@]1(C)O[C@@](C)(c2c3c(cn(C)c2=O)[C@@]2(OC)CCC(=O)C[C@H]2O3)CC[C@H]1C,12.84962
JIPPMKUXMDLGCD-YRNDCAJDSA-N,CC(=O)O[C@@H]1C(=O)[C@@H]2CC[C@@H]3[C@]1(C2)C(=O)[C@@H](O)[C@@H]1C(C)(C)C[C@]2(O)C(=O)OC[C@@]132,11.617425
GTEXSOHUVFEXMJ-BGEOSOQGSA-N,CC1=CC[C@@H]2[C@@H](C1)c1c(O)cc(/C=C/c3ccc(O)cc3)cc1OC2(C)C,9.681602
QLTWQIOYJXJUJH-WFEKMPBRSA-N,C[C@@H]1C[C@H](C)[C@@H](c2c(O)cc[nH]c2=O)[C@H](C)[C@@](C)(O)C1,10.277835
QJYNZEYHSMRWBK-NIKIMHBISA-N,O=C(OC[C@H]1O[C@@H](OC(=O)c2cc(O)c(O)c(O)c2)[C@H](OC(=O)c2cc(O)c(O)c(O)c2)[C@@H](OC(=O)c2cc(O)c(O)c(O)c2)[C@@H]1OC(=O)c1cc(O)c(O)c(O)c1)c1cc(O)c(O)c(O)c1,13.384441
CQWUIBZRNKFXRS-UHFFFAOYSA-N,O=C(Oc1ccc(O)c(O)c1)c1cc(=O)c2c(O)cccc2o1,10.193156
INFKGIQNEZSZMS-ZBKSJXDOSA-N,CC(=O)Oc1cc2c(cc1C(C)C)C=CC1C(C)(C)[C@@H](OC(C)=O)CC[C@]21C,11.90704
HAHYQYHDHMZCIB-UHFFFAOYSA-N,O=c1c(COCCO)c(-c2ccc(O)c(O)c2)oc2cc(O)cc(O)c12,10.824566
KJXSIXMJHKAJOD-GJZGRUSLSA-N,O=C1c2c(O)cc(O)cc2O[C@@H](c2cc(O)c(O)c(O)c2)[C@H]1O,11.930479
KQMVAGISDHMXJJ-UHFFFAOYSA-N,COc1cc(O)c2c(=O)c(-c3ccc(O)cc3)coc2c1,9.605374
JWPZQWKMASEBNO-SQMJIZMMSA-N,O=C(/C=C/c1ccc(O)c(O)c1)O[C@@H]1Cc2c(O)cc(O)cc2O[C@@H]1c1ccc(O)c(O)c1,9.041216
BNLVODKLELGOBT-DUXPYHPUSA-N,O=C(/C=C/c1ccc(O)c(O)c1)OC1Cc2c(O)cc(O)cc2OC1c1cc(O)c(O)c(O)c1,10.61322
HCQUMJYLWCSLLR-QYWGDWMGSA-N,COc1c(C(C)C)cc2c(c1O)[C@@]1(C)CCCC(C)(C)[C@@H]1C[C@@H]2O,8.647184
PVMAFRKRHGVJOS-KHOZXUSZSA-N,O=C(OC[C@H]1C[C@@H](OC(=O)c2cc(O)c(O)c(O)c2)[C@H](OC(=O)c2cc(O)c(O)c(O)c2)[C@@H](OC(=O)c2cc(O)c(O)c(O)c2)[C@@H]1O)c1cc(O)c(O)c(O)c1,11.1347065
MSTNVJDHQJXVFI-UHFFFAOYSA-N,CC(C)=CCc1cc(C2CCc3ccc(O)cc3O2)cc(O)c1O,10.587826
MSTNVJDHQJXVFI-UHFFFAOYSA-N,CC(C)=CCc1cc(C2CCc3ccc(O)cc3O2)cc(O)c1O,10.587826
PELKIIPDZWDSKX-ZBKNUEDVSA-N,CC(C)(O)C1Cc2cc(/C=C3\OC(=O)C(c4cc5c(cc4O)OC(C)(C)C(O)C5)C3=O)ccc2O1,11.516999
UAXIYOKLPAVKKO-VEZXFZPBSA-N,O=C1C[C@H](c2ccc(O)cc2)c2c(cc(O)c3c2O[C@H](c2ccc(O)c(O)c2)[C@H](OC(=O)c2cc(O)c(O)c(O)c2)C3)O1,12.0220375
RQJGBVDTAFXEIJ-UHFFFAOYSA-N,Cc1c(-c2ccc(O)c(O)c2)oc2cc(O)cc(O)c2c1=O,10.86067
ZUIXFZJBOJTTET-OWOJBTEDSA-N,Oc1cc(/C=C/c2cc(O)c(O)c(O)c2)cc(O)c1O,10.009952
AJHWPFYAIBXMKJ-JCGIZDLHSA-N,CC1=C[C@]2(O)CC[C@H]3C(C)(C)CCC[C@]3(C)C2=CC1=O,10.535594
ZUGCRBMNFSAUOC-YRNVUSSQSA-N,COc1cc(O)c(C(=O)/C=C/c2ccc(O)cc2)cc1CC=C(C)C,10.092126
UPBJEHBYZUPVDF-JUALLIRVSA-N,COc1cc([C@@H]2CC(=O)c3c(cc(O)c(C/C=C(\C)CCC=C(C)C)c3O)O2)cc(OC)c1O,9.866353
OISNUAGADFFZMC-CHXLFPOFSA-N,CCN1C(=O)CC[C@@H]1c1c(O)cc2c(c1O)C[C@@H](OC(=O)c1cc(O)c(O)c(O)c1)[C@@H](c1ccc(O)c(O)c1)O2,9.896024
WIRRQLQRDSREEG-UHFFFAOYSA-N,O=c1oc2cc(O)cc(O)c2c2oc3cc(O)ccc3c12,11.3658285
CKSUSXRQDWUSGT-RZNGMERMSA-N,C=C1CC[C@H]2[C@@](C)(CCC[C@]2(C)C(=O)O)[C@@H]1C/C=C(\C)[C@H]1CCc2c(O)c(CC3C(=O)C(C(C)=O)C(=O)C(C)(C)C3=O)c(O)c(C(=O)CCC)c2C1,10.244692
QNLGNISMYMFVHP-UHFFFAOYSA-N,CC(C)=CCc1cc(-c2coc3cc(O)c(CC=C(C)C)c(O)c3c2=O)cc(O)c1O,12.144471
QAHZLNKOVIYDGB-UHFFFAOYSA-N,Cc1ccc(-c2oc3ccccc3c(=O)c2O)cc1,8.279106
USVIPPRFYRVOQB-SXUAVWAJSA-N,CCN1C(=O)CCC1c1c(O)cc(O)c2c1O[C@@H](c1cc(O)c(O)c(O)c1)[C@@H](OC(=O)c1cc(O)c(O)c(O)c1)C2,10.371131
WCGUUGGRBIKTOS-UHFFFAOYSA-N,CC1CCC2(C(=O)O)CCC3(C)C(=CCC4C5(C)CCC(O)C(C)(C)C5CCC43C)C2C1C,10.877068
MCJWZZBYWKEBAV-STZSEOLCSA-N,O=C1c2ccc(O)c([C@@H]3OC(O)C(O)C(O)[C@H]3O)c2OCC1c1ccc(O)cc1,9.701795
BNLVODKLELGOBT-DUXPYHPUSA-N,O=C(/C=C/c1ccc(O)c(O)c1)OC1Cc2c(O)cc(O)cc2OC1c1cc(O)c(O)c(O)c1,10.61322
MSTNVJDHQJXVFI-UHFFFAOYSA-N,CC(C)=CCc1cc(C2CCc3ccc(O)cc3O2)cc(O)c1O,10.587826
HCQUMJYLWCSLLR-QYWGDWMGSA-N,COc1c(C(C)C)cc2c(c1O)[C@@]1(C)CCCC(C)(C)[C@@H]1C[C@@H]2O,8.647184
PATPZEUUPZHPHI-ITUUZZBWSA-N,C[C@H]1CC[C@@H]2[C@@H](C(=O)c3c(O)c([C@]4(O)CCC(O)(O)[C@@H]5O[C@@H]54)c[nH]c3=O)[C@@H](C)C=C[C@H]2C1,8.568364
UCOLOGFFOJGXGN-HEPPIXLFSA-N,CC1=CC[C@@H]2[C@@H](C1)c1c(/C=C/c3ccc(O)cc3)cc(O)cc1OC2(C)C,9.741408
IPHQLOCHDZNFAY-GQCTYLIASA-N,CC(=O)Oc1ccc(/C=C/C(=O)OC2Cc3c(O)cc(O)cc3OC2c2cc(O)c(O)c(O)c2)cc1OC(C)=O,10.38678
HICKZJMJOXACIR-UHFFFAOYSA-N,COc1cc(OC)c2c(c1)C(=O)c1cc(C)cc(OC)c1C2=O,10.154197
XGAIRODEJLQNBI-UHFFFAOYSA-N,O=c1c(CCC2CO2)c(-c2ccc(O)c(O)c2)oc2cc(O)cc(O)c12,11.652329
RHMXXJGYXNZAPX-UHFFFAOYSA-N,Cc1cc(O)c2c(c1)C(=O)c1cc(O)cc(O)c1C2=O,11.721368
SPVBYUUOYMVKJL-ZECJCAIXSA-N,COC(=O)C[C@H](c1ccc(O)cc1)c1c(O)cc(O)c2c1O[C@H](c1cc(O)c(O)c(O)c1)[C@H](OC(=O)c1cc(O)c(O)c(O)c1)C2,11.771583
USVIPPRFYRVOQB-STYNEHFQSA-N,CCN1C(=O)CCC1c1c(O)cc(O)c2c1O[C@H](c1cc(O)c(O)c(O)c1)[C@H](OC(=O)c1cc(O)c(O)c(O)c1)C2,10.371131
YMOIZYZRBLAFFF-UHFFFAOYSA-N,Oc1cc(O)cc(Oc2cc(O)c(Oc3c(O)cc(O)cc3Oc3cc(O)c(Oc4cc(O)cc(O)c4Oc4cc(O)cc(O)c4Oc4cc(O)cc(O)c4Oc4cc(O)c(Oc5c(O)cc(O)cc5Oc5c(O)cc(Oc6c(O)cc(Oc7c(O)cc(Oc8c(O)cc(Oc9c(O)cc(Oc%10c(O)cc(Oc%11c(O)cc(O)cc%11O)cc%10O)cc9O)cc8O)cc7O)cc6O)cc5O)c(O)c4)c(O)c3)c(O)c2)c1,11.098776
QHCQSGYWGBDSIY-HZPDHXFCSA-N,CCCCc1cc(O)c2c(c1)OC(C)(C)[C@@H]1CCC(C)=C[C@@H]21,9.494429
CKSUSXRQDWUSGT-QGGQDBDUSA-N,C=C1CC[C@H]2[C@@](C)(CCC[C@]2(C)C(=O)O)[C@@H]1C/C=C(\C)[C@@H]1CCc2c(O)c(CC3C(=O)C(C(C)=O)C(=O)C(C)(C)C3=O)c(O)c(C(=O)CCC)c2C1,10.244692
GRQOHVDLWPRWAW-OYJCNGCPSA-N,O=C(/C=C1\c2cc(O)c(O)cc2[C@H](c2ccc(O)c(O)c2)[C@H]1C(=O)NCCc1ccc(O)cc1)NCCc1ccc(O)cc1,10.940404
CXHQWFDNPRYKLR-CRGSBIFKSA-N,O=C1c2c(O)cccc2[C@H]([C@@H]2O[C@H](CO)[C@H](O)[C@H](O)[C@H]2O)c2cc(O)cc(O)c21,9.303523
HARQODABMDXYTD-FJIJXJHWSA-N,CC(=O)c1cc2c(cc1C(C)C)C=C[C@@H]1C(C)(C)[C@H](C(C)=O)CC[C@@]21C,10.06187
LNTHITQWFMADLM-UHFFFAOYSA-N,O=C(O)c1cc(O)c(O)c(O)c1,11.891944
YSTPAHQEHQSRJD-SECBINFHSA-N,CC1=CC(=O)[C@@H](C(C)C)CC1,10.43365
XFDQJKDGGOEYPI-UHFFFAOYSA-O,COc1cc(-c2[o+]c3cc(O)cc(O)c3cc2O)ccc1O,10.711809
CZDNLUMNELLDDD-BIPCAJJSSA-N,O=C1CCC=C[C@@]1(O)C(=O)OCc1ccccc1O[C@H]1O[C@H](CO)[C@@H](O)[C@H](O)[C@H]1O,10.902533
KZNIFHPLKGYRTM-UHFFFAOYSA-N,O=c1cc(-c2ccc(O)cc2)oc2cc(O)cc(O)c12,11.158227
VFLDPWHFBUODDF-FCXRPNKRSA-N,COc1cc(/C=C/C(=O)CC(=O)/C=C/c2ccc(O)c(OC)c2)ccc1O,10.902253
VMZGZQGCIBFDJR-WUKNDPDISA-N,CN(C)CCCN(CCCCNC(=O)c1ccccc1)C(=O)/C=C/c1ccccc1,5.5526934
ZUGCRBMNFSAUOC-YRNVUSSQSA-N,COc1cc(O)c(C(=O)/C=C/c2ccc(O)cc2)cc1CC=C(C)C,10.092126
PFTAWBLQPZVEMU-HIFRSBDPSA-N,Oc1cc(O)c2c(c1)O[C@@H](c1ccc(O)c(O)c1)[C@H](O)C2,10.043974
GRWFGVWFFZKLTI-IUCAKERBSA-N,CC1=CC[C@H]2C[C@@H]1C2(C)C,9.904073
WXTPOHDTGNYFSB-RMPHRYRLSA-N,OC[C@H]1O[C@@H](Oc2cc(O)cc(O)c2)[C@H](O)[C@@H](O)[C@@H]1O,9.254838
NYCCSNKAKDPMKQ-JXYRPZLXSA-N,OC[C@H]1O[C@H](Oc2cccc(/C=C/c3ccc(O)cc3)c2)[C@@H](O)[C@H](O)[C@@H]1O,9.013241
HYXITZLLTYIPOF-UHFFFAOYSA-N,Cc1coc2c1C(=O)C(=O)c1c-2ccc2c1CCCC2(C)C,10.357454
IYRMWMYZSQPJKC-UHFFFAOYSA-N,O=c1c(O)c(-c2ccc(O)cc2)oc2cc(O)cc(O)c12,11.203029
AIONOLUJZLIMTK-CQSZACIVSA-N,COc1ccc([C@H]2CC(=O)c3c(O)cc(O)cc3O2)cc1O,10.524661
NCEUUOJBSVCOQU-UHFFFAOYSA-N,C=CCc1cc2c(cc1O)oc(=O)c1c3ccc(O)cc3oc21,9.95438
XXAKVORQXOAQMW-OSCSTCBISA-N,CC[C@H](C)[C@@H](NC(=O)[C@@H](C)NC)C(=O)N1CC[C@@H]2Oc3ccc(OC)c(c3)CCNC(=O)[C@@H](C)NC(=O)[C@@H]21,8.43488
WMHJCSAICLADIN-WYWSWGBSSA-N,CC1=C(C=O)C(C)(C)C[C@H](O[C@@H]2O[C@H](CO)[C@@H](O)[C@H](O)[C@H]2O)C1,9.181355
SCHKABUWAYOIBY-WEVVVXLNSA-N,COc1cc(/C=C/C(=O)NCCCCn2c(C=O)ccc2CO)ccc1O,10.170077
AKIHYQWCLCDMMI-VMPITWQZSA-N,[H]/N=C(/N)NCCCCNC(=O)/C=C/c1ccc(O)cc1,10.126095
AIGAZQPHXLWMOJ-UHFFFAOYSA-N,Cc1coc2c1C(=O)C(=O)c1c-2ccc2c(C)cccc12,9.941979
XPEQUGZSJRBTLJ-UHFFFAOYSA-N,O=C(CCc1ccc(O)c(O)c1)CC(=O)CCc1ccc(O)c(O)c1,10.461583
AIONOLUJZLIMTK-CQSZACIVSA-N,COc1ccc([C@H]2CC(=O)c3c(O)cc(O)cc3O2)cc1O,10.524661
UYBHWSVYGLVLEM-QTBYGSMXSA-N,C=C(C)[C@H]1CC[C@]2(C(=O)O)CC[C@@H]3[C@H](CC[C@@H]4[C@]3(C)CC[C@@H]3C(C)(C)C(=O)CC[C@@]43C)[C@H]12,10.681087
AYDKOFQQBHRXEW-OKTNMODBSA-N,CC1(C)C[C@H]2C3=CC[C@@H]4[C@@]5(C)CC[C@@H](O)C(C)(C)[C@@H]5CC[C@@]4(C)[C@@]3(C)C[C@@H](O)[C@]2(CO)[C@@H](O)[C@@H]1O,10.857902
NSMMPEJLOMMKCX-SUKJIKOTSA-N,CCCCCCCCCCC/C=C1\C(=O)O[C@H](C)[C@H]1O,10.303994
YKPUWZUDDOIDPM-SOFGYWHQSA-N,COc1cc(CNC(=O)CCCC/C=C/C(C)C)ccc1O,7.7769604
IQPNAANSBPBGFQ-UHFFFAOYSA-N,O=c1cc(-c2ccc(O)c(O)c2)oc2cc(O)cc(O)c12,11.362495
SSEUDFYBEOIWGF-AWEZNQCLSA-N,COc1cc2c3c(c4cc(OC)c(OC)cc4c2cc1OC)CN1CCC[C@H]1C3,3.98855
IQPNAANSBPBGFQ-UHFFFAOYSA-N,O=c1cc(-c2ccc(O)c(O)c2)oc2cc(O)cc(O)c12,11.362495
IYGYMKDQCDOMRE-ZWKOTPCHSA-N,CN1CCc2cc3c(cc2[C@H]1[C@@H]1OC(=O)c2c1ccc1c2OCO1)OCO3,11.663707
PHZOWSSBXJXFOR-PTGZALFTSA-N,C=CC/C(=N\OS(=O)(=O)O)S[C@@H]1O[C@H](CO)[C@@H](O)[C@H](O)[C@H]1O,12.291511
FFERWTFUZDSRQX-UXHICEINSA-N,O=C1c2ccccc2N[C@H]1[C@H]1c2ccccc2-n2c1nc1ccccc1c2=O,1.5384003
OXJKSVCEIOYZQL-ODPGBAFUSA-N,O=c1c(O[C@H]2O[C@@H](CO)[C@@H](O)[C@@H]2O)c(-c2cc(O)c(O)c(O)c2)oc2cc(O)cc(O)c12,10.19559
XGVJWXAYKUHDOO-KSYCFECVSA-N,O[C@@H]1[C@H]2c3cc4c(cc3CN3CCC(=C[C@@H]1O)[C@H]23)OCO4,9.9986725
YJVMDLQSCPBESM-BPWQLTPQSA-N,CC1(C)CC[C@]2(CO)C(=O)C[C@]3(C)C(=CC[C@H]4[C@]5(C)CC[C@@H](O)C(C)(C)[C@H]5CC[C@@]43C)[C@H]2C1,10.596646
OPCNBYUJAGAASS-QRWLVFNGSA-N,C[C@H]1OC(c2ccccc2O)=N[C@@H]1C(=O)NCCCNCCCNC(=O)c1cccc(O)c1O,8.210897
DOUMFZQKYFQNTF-GIZXNFQBSA-N,O=C(/C=C/c1ccc(O)c(O)c1)O[C@@H](Cc1ccc(O)c(O)c1)C(=O)O,10.341954
BYRGGBMULKTYME-QHCPKHFHSA-N,CC(C)=CCC[C@@]1(C)CCc2c(c(C)cc3c2[nH]c2cc(O)ccc23)O1,11.243088
MZSGWZGPESCJAN-IGIASEDTSA-N,O=C(/C=C/c1ccc(O/C(=C/c2ccc(O)c(O)c2)C(=O)O)c(O)c1)O[C@@H](Cc1ccc(O)c(O)c1)C(=O)O,9.94251
HARGZZNYNSYSGJ-JTQLQIEISA-N,Cc1cccc2c3c(ccc12)C1=C(C(=O)C3=O)[C@@H](C)CO1,9.020688
GCCUNTZRCHAEMO-FCISZPQZSA-N,CC1(C)[C@H]2CC[C@@]3(C)[C@@H](C(=O)C=C4[C@H]5C[C@@](C)(C(=O)c6c[nH]c(=O)[nH]c6=O)CC[C@]5(C)CC[C@]43C)[C@]2(C)CC[C@H]1O[C@@H]1O[C@H](C(=O)c2c[nH]c(=O)[nH]c2=O)[C@@H](O)[C@H](O)[C@H]1O[C@H]1O[C@@H](C(=O)c2c[nH]c(=O)[nH]c2=O)[C@@H](O)[C@@H](O)[C@H]1O,7.733284
RLAWBFSVSTZLIY-UHFFFAOYSA-N,Oc1cccc(Cc2ncc[nH]2)c1Oc1ccccc1Cc1ncc[nH]1,4.459469
ZQSIJRDFPHDXIC-UHFFFAOYSA-N,O=c1c(-c2ccc(O)cc2)coc2cc(O)ccc12,9.769311
QXNWVJOHUAQHLM-QUCCMNQESA-N,CC(C)c1cc2c(cc1O)[C@]1(C)CCCC(C)(C)[C@H]1CC2,8.596358
QGJZLNKBHJESQX-JWTUGZEHSA-N,C=C(C)[C@H]1CC[C@]2(C(=O)O)CC[C@]3(C)[C@H](CC[C@H]4[C@]5(C)CC[C@@H](O)C(C)(C)[C@H]5CC[C@@]43C)[C@H]12,11.08571
RZDVRZOFWDUODE-JSOSNVBQSA-N,COc1ccc2cc1Oc1ccc(cc1)C[C@@H]1c3cc(c(OC)cc3CCN1C)Oc1cc3c(c(OC)c1OC)CCN(C)[C@H]3C2,10.513099
VSHUQLRHTJOKTA-XBXARRHUSA-N,O=C(/C=C/c1ccc(O)c(O)c1)NCCc1ccc(O)cc1,11.726501
JRSJLGASDWZQGF-VKDZGMKNSA-N,COC(=O)/C(=C\c1ccc(O)c(O)c1)Oc1ccc(/C=C/C(=O)O[C@@H](Cc2ccc(O)c(O)c2)C(=O)O)cc1O,9.842878
ZDSHHVKRPQDWHF-WEVVVXLNSA-N,C=C(Cc1c(OC)ccc(C(=O)/C=C/c2ccc(O)cc2)c1O)OO,10.810464
QUQPHWDTPGMPEX-XPMSIJAISA-N,COc1ccc([C@H]2CC(=O)c3c(O)cc(O[C@@H]4O[C@H](CO[C@@H]5O[C@H](C)[C@H](O)[C@H](O)[C@@H]5O)[C@H](O)[C@@H](O)[C@H]4O)cc3O2)cc1O,8.601209
CRDNMYFJWFXOCH-YPKPFQOOSA-N,O=C1Nc2ccccc2/C1=C1/Nc2ccccc2C1=O,3.8377092
OWGUBYRKZATRIT-QPJJXVBHSA-N,COc1cc(O)cc(O)c1C(=O)/C=C/c1ccc(O)cc1,11.24834
DOHSSXZMQRXAPZ-INHBTNCSSA-N,C[C@@H]1O[C@@H](O[C@H]2CC[C@]3(C)[C@H](CC[C@@]4(C)[C@H]3C=C[C@@H]3[C@H]5CC(C)(C)CC[C@]5(CO)[C@H](O)C[C@]34C)[C@]2(C)O)[C@@H](O)[C@@H](O[C@@H]2O[C@H](CO)[C@@H](O)[C@H](O)[C@H]2O)[C@@H]1O,8.8307905
KZMACGJDUUWFCH-UHFFFAOYSA-O,COc1cc(-c2[o+]c3cc(O)cc(O)c3cc2O)cc(OC)c1O,11.358209
MDBLUWPKZWARGG-RVFMGZSWSA-N,COC(=O)CCC(=O)O[C@@H]1C[C@@](OC(=O)/C=C/c2ccc(O)c(O)c2)(C(=O)O)C[C@H](OC(=O)/C=C/c2ccc(O)c(O)c2)[C@H]1O,9.394841
XLTLOPRYDVGSEG-OZFXOPILSA-N,CC1(C)CC[C@]23CO[C@@]4(C=C[C@H]5[C@]6(C)CC[C@H](O[C@@H]7O[C@@H](O[C@@H]8O[C@@H](O)[C@@H](O)[C@H](O)[C@@H]8O)[C@@H](O[C@@H]8O[C@H](CO)[C@@H](O)[C@H](O)[C@H]8O)[C@H](O)[C@@H]7O)[C@@](C)(CO)[C@H]6CC[C@]5(C)[C@]4(C)C[C@@H]2O)[C@H]3C1,9.960715
GNZSCHDPXFZGRO-FVCCEPFGSA-N,C=C1CCC[C@@]2(C)CC[C@H](CO)[C@@H](O)[C@]12O,10.920644
PQBITFIHFKWRFS-FTQOQOITSA-N,COC(=O)[C@@]1(C)CC[C@]2(C)CC[C@]3(C)C(=CC(=O)[C@H]4[C@]5(C)CC[C@@H](O[C@@H]6O[C@H](C(=O)NN)[C@@H](O)[C@H](O)[C@H]6O[C@H]6O[C@@H](C(=O)NN)[C@@H](O)[C@@H](O)[C@H]6O)C(C)(C)[C@H]5CC[C@@]43C)[C@H]2C1,7.3667426
SRVFFFJZQVENJC-RDBSUJKOSA-N,CCOC(=O)[C@H]1O[C@@H]1C(=O)N[C@H](CC(C)C)C(=O)NCCC(C)C,7.4908533
SUYLTDFWHNXGDX-LFAPAAFUSA-N,O=C(O[C@H](Cc1ccc(O)c(O)c1)C(=O)O)[C@@H]1[C@H](C(=O)O[C@@H](Cc2ccc(O)c(O)c2)C(=O)O)[C@@H](c2ccc(O)c(O)c2)[C@@H]1c1ccc(O)c(O)c1,7.8278713
CXHQWFDNPRYKLR-CRGSBIFKSA-N,O=C1c2c(O)cccc2[C@H]([C@@H]2O[C@H](CO)[C@H](O)[C@H](O)[C@H]2O)c2cc(O)cc(O)c21,9.303523
JPUDEIBVUZNDCK-FCXRPNKRSA-N,COc1ccc(/C=C/C(=O)CC(=O)/C=C/c2ccc(O)c(OC)c2)cc1O,11.304622
DQEAAVKYRCHQOQ-IEFPXSNCSA-N,C[C@H]1O[C@H](Oc2ccc3ccc(=O)oc3c2-c2c(O)ccc3ccc(=O)oc23)[C@H](O)[C@@H](O)[C@@H]1O,12.297856
WTARULDDTDQWMU-IUCAKERBSA-N,C=C1CC[C@H]2C[C@@H]1C2(C)C,6.945673
SDIVYZXRQHWCKF-SECBINFHSA-N,O=c1c2ccccc2nc2n1CC[C@H]2O,3.7537062
AUIKOEBHPNLVIV-IZPAUZPXSA-N,O=C(/C=C/c1ccc(O)c(O)c1)NCC[C@@H]1CNc2ccccc21,8.331348
LSEDQFLRUJOXDX-IQJVAEQNSA-N,OC[C@@H]1O[C@H](O[C@@H](CCCCc2ccc(O)c(O)c2)CCc2ccc(O)c(O)c2)[C@@H](O)[C@H](O)[C@H]1O,9.886749
REFJWTPEDVJJIY-UHFFFAOYSA-N,O=c1c(O)c(-c2ccc(O)c(O)c2)oc2cc(O)cc(O)c12,11.751132
CMJGAYUQSLJSCR-ULIPXBITSA-N,O=C1OC[C@H](Cc2ccc3c(c2)OCO3)/C1=C\c1ccc2c(c1)OCO2,9.1432905
KCWHZHZEQUHBCW-HNNXBMFYSA-N,Oc1ccc(CCCC[C@H](O)CCc2ccc(O)c(O)c2)cc1O,11.014758
WEEGYLXZBRQIMU-WAAGHKOSSA-N,CC1(C)O[C@]2(C)CC[C@H]1CC2,8.554191
XMOCLSLCDHWDHP-SWLSCSKDSA-N,Oc1cc(O)c2c(c1)O[C@H](c1cc(O)c(O)c(O)c1)[C@@H](O)C2,11.144914
GVKKJJOMQCNPGB-SNVBAGLBSA-N,C[C@@H]1COC2=C1C(=O)C(=O)c1c2ccc2c1CCCC2(C)C,10.714438
COHYTHOBJLSHDF-BUHFOSPRSA-N,O=C1/C(=C2\Nc3ccccc3C2=O)Nc2ccccc21,4.836956
YAAJRTVBAVFJQG-CYBMUJFWSA-N,CC(=O)c1c(O)cc(O)cc1C[C@@H]1Cc2cc(O)cc(O)c2C(=O)O1,11.676353
IQPNAANSBPBGFQ-UHFFFAOYSA-N,O=c1cc(-c2ccc(O)c(O)c2)oc2cc(O)cc(O)c12,11.362495
ABWRSFGMUNFXLV-ZBRBORSZSA-N,COc1cc2c(cc1O)[C@]13CCN4CC5=CCO[C@H]6CC(=O)N2[C@@H]1[C@@H]6[C@H]5C[C@H]43,10.941804
MZRGPMSVJSTWGI-QUTULZHUSA-N,CCO[C@@H]1C(=O)C=C[C@@H](OC=O)[C@]1(O)C(=O)OCc1ccccc1O[C@@H]1O[C@H](COC(=O)c2ccccc2)[C@@H](OC(=O)c2ccccc2)[C@H](O)[C@H]1O,9.191679
HGEFZKVVMSUQFS-UHFFFAOYSA-N,C=CCc1c(CCCc2ccc(O)cc2O)cc(O)c(O)c1CC=C,10.582879
LTUGUGXKMMPGRF-HNNXBMFYSA-N,COc1cc2c3c(c4cc(OC)c(OC)cc4c2cc1OC)CN1CCCC[C@H]1C3,3.88353
HUWICDSAMDEDAM-HSRKKVFISA-N,O=C(OO[C@@H]1O[C@H](OC(=O)c2cc(O)c(O)c(O)c2)[C@@H](OC(=O)c2cc(O)c(O)c(O)c2)[C@H](OC(=O)c2cc(O)c(O)c(O)c2)[C@H]1O)c1cc(O)c(O)c(O)c1,12.409565
DEMKZLAVQYISIA-GGRNZYNVSA-N,O=C1C[C@H](c2ccc(O[C@H]3O[C@H](CO)[C@H](O)[C@H](O)[C@@H]3O)cc2)Oc2cc(O)ccc21,7.279208
VOCGSQHKPZSIKB-HXUWFJFHSA-N,COc1cc2c(cc1CC=C(C)C)C(=O)C[C@H](c1ccc(O)cc1)O2,9.29404
IGTCYLQHMDCGHA-CCEZHUSRSA-N,O=CNCCCCN(CCCNC(=O)c1ccccc1)C(=O)/C=C/c1ccccc1,9.533189
XVFMGWDSJLBXDZ-UHFFFAOYSA-O,Oc1ccc(-c2[o+]c3cc(O)cc(O)c3cc2O)cc1,10.175359
OQWKEEOHDMUXEO-BQYQJAHWSA-N,CCCCC/C=C/C(=O)CCc1ccc(O)c(OC)c1,9.793551
IKIIZLYTISPENI-YRIDSSQKSA-N,O=C(O)[C@@H]1O[C@H](Oc2cc3oc(-c4ccccc4)cc(=O)c3c(O)c2O)[C@@H](O)[C@H](O)[C@H]1O,8.642782
MVIYWFBLVAFZID-AWEZNQCLSA-N,O=C(CCc1ccc(O)c(O)c1)C[C@@H](O)CCc1ccc(O)c(O)c1,10.17556
ZQSIJRDFPHDXIC-UHFFFAOYSA-N,O=c1c(-c2ccc(O)cc2)coc2cc(O)ccc12,9.769311
IIVCIAROSDNLCL-VUUSOMOASA-N,CC1(C)[C@H]2CC[C@@]3(C)[C@@H](C(=O)C=C4[C@H]5C[C@@](C)(C(=O)O)CC[C@]5(C)CC[C@]43C)[C@]2(C)CC[C@H]1O[C@@H]1O[C@H](C(=O)N[C@H]2O[C@@H](CO)[C@@H](O)[C@H](O)[C@@H]2NC=O)[C@@H](O)[C@H](O)[C@H]1O[C@H]1O[C@@H](C(=O)N[C@H]2O[C@@H](CO)[C@H](O)[C@H](O)[C@@H]2NC=O)[C@@H](O)[C@@H](O)[C@H]1O,7.1914234
PFRGXCVKLLPLIP-UHFFFAOYSA-N,C=CCSSCC=C,10.946839
FZKRWTVMKFSFSG-CYBMUJFWSA-N,CNc1ccc([C@H]2CCn3c2nc2ccccc2c3=O)cc1C(=O)OC,6.637002
DROARAMNSGFOAW-NJWMRHRVSA-N,O=C(O[C@H]1Cc2c(O)cc(O)cc2O[C@@H]1c1cc(O)c(O)c(O)c1)[C@H]1C[C@@H](O)[C@H](O)[C@@H](O)C1,10.594781
XGVJWXAYKUHDOO-KSYCFECVSA-N,O[C@@H]1[C@H]2c3cc4c(cc3CN3CCC(=C[C@@H]1O)[C@H]23)OCO4,9.9986725
JXFZHMCSCYADIX-XVNBXDOJSA-N,COc1cc(/C=C/C(=O)Nc2ccc(O)cc2C(=O)O)ccc1O,6.000985
WKOLLVMJNQIZCI-UHFFFAOYSA-N,COc1cc(C(=O)O)ccc1O,9.510432
ITYNGVSTWVVPIC-XVIXHAIJSA-N,C=C1CC[C@@H]2[C@H]([C@@H]3[C@H](C)CC[C@@H]13)C2(C)C,8.481338
HYXITZLLTYIPOF-UHFFFAOYSA-N,Cc1coc2c1C(=O)C(=O)c1c-2ccc2c1CCCC2(C)C,10.357454
MZSGWZGPESCJAN-MOWZVGOISA-N,O=C(/C=C/c1ccc(O/C(=C\c2ccc(O)c(O)c2)C(=O)O)c(O)c1)O[C@@H](Cc1ccc(O)c(O)c1)C(=O)O,9.94251
OIEMCIKPOVGWLI-UHFFFAOYSA-N,O=C(CCC(=O)N(O)CCCCCN1C(=O)CCC1=O)NCCCCCN(O)C(=O)Cc1ccccc1,9.472084
DWDOXTINEVOYSV-AHRSYUTCSA-N,CC(C)C1=C[C@@]2(O)CC[C@@H]3C(C)(C)CCC[C@@]3(C)C2=CC1=O,10.461589
KJSPSKUHMMEKCA-SIWDACQESA-N,COc1cc([C@@H](O)[C@@H]2C(=O)NCCc3cccc(c3)Oc3ccc(cc3)CCNC(=O)/C=C/Cc3cc(OC)c(O)c2c3)ccc1O,11.21971
AZOCLKLJIKZOLF-XUHQJRGCSA-N,O=C(/C=C/c1ccc(O[C@H](C(=O)O)[C@@H](O)c2ccc(O)c(O)c2)c(O)c1)O[C@@H](Cc1ccc(O)c(O)c1)C(=O)O,13.544575
NSMMPEJLOMMKCX-ILELCVFRSA-N,CCCCCCCCCCC/C=C1/C(=O)O[C@H](C)[C@H]1O,10.303994
ABDQTIKKAYGHNV-UHFFFAOYSA-N,O=c1c(O)c(-c2cccc(O)c2)oc2cc(O)cc(O)c12,10.91698
VYKJHZPVMQESSZ-SNMMKEDWSA-N,O=C(O)[C@@H](Cc1ccc(O)c(O)c1)OC/C=C\c1ccc(O)c2c1[C@H](C(=O)O[C@H](Cc1ccc(O)c(O)c1)C(=O)O)O[C@@H]2c1ccc(O)c(O)c1,8.293053
IQPNAANSBPBGFQ-UHFFFAOYSA-N,O=c1cc(-c2ccc(O)c(O)c2)oc2cc(O)cc(O)c12,11.362495
YUSWMAULDXZHPY-UHFFFAOYSA-N,O=c1cc(-c2ccc(O)c(-c3c(O)cc(O)c4c(=O)cc(-c5ccc(O)cc5)oc34)c2)oc2cc(O)cc(O)c12,12.645572
FPLMIPQZHHQWHN-UHFFFAOYSA-N,COc1ccc(-c2oc3cc(O)cc(O)c3c(=O)c2O)cc1O,11.198246
RDWZVQVSXRSNDS-PZMYXVABSA-N,COc1cc([C@H]2O[C@@H](c3ccc(O)c(OC)c3)[C@H](C(=O)Cc3ccc(O)cc3C(=O)O)[C@H]2C(=O)Cc2ccc(O)cc2C(=O)O)ccc1O,10.812263
YMGFTDKNIWPMGF-WNQDSSHSSA-N,O=C(/C=C/c1ccc(O)c(O)c1/C=C/c1ccc(O)c(O)c1)O[C@@H](Cc1ccc(O)c(O)c1)C(=O)O,10.047749
REFJWTPEDVJJIY-UHFFFAOYSA-N,O=c1c(O)c(-c2ccc(O)c(O)c2)oc2cc(O)cc(O)c12,11.751132
BYVWXQRJRYELNP-AFYYWNPRSA-N,O=C1C(c2ccc(O)c(O)c2)Oc2cc(O)cc(O)c2[C@H]1O,10.666297
BYSRPHRKESMCPO-LNOLUJMESA-N,Oc1cc(O)c2c(c1)O[C@]1(c3ccc(O)c(O)c3)Oc3cc(O)c4c(c3[C@@H]2[C@H]1O)O[C@H](c1ccc(O)c(O)c1)[C@@H](O)[C@@H]4c1c(O)cc(O)c2c1O[C@@H](c1ccc(O)c(O)c1)[C@H](O)C2,10.996124
GAEQWKVGMHUUKO-UHFFFAOYSA-N,Cc1cc2c([nH]c3ccccc32)c2c1OC(C)(C)C=C2,10.260587
TZBJGXHYKVUXJN-UHFFFAOYSA-N,O=c1c(-c2ccc(O)cc2)coc2cc(O)cc(O)c12,10.521722
PFTAWBLQPZVEMU-UKRRQHHQSA-N,Oc1cc(O)c2c(c1)O[C@H](c1ccc(O)c(O)c1)[C@H](O)C2,10.043974
RERZNCLIYCABFS-UHFFFAOYSA-N,COc1ccc2c3c([nH]c2c1)C(C)=NCC3,6.527714
CLZDRNKNWXDFQT-HCEBPPTQSA-N,O=C(O[C@H](Cc1ccc(O)c(O)c1)C(=O)O)C1=Cc2ccc(O)c(O)c2[C@H](C(=O)O[C@@H](Cc2ccc(O)c(O)c2)C(=O)O)[C@H]1c1ccc(O)c(O)c1,10.657886
NGSWKAQJJWESNS-ZZXKWVIFSA-N,O=C(O)/C=C/c1ccc(O)cc1,10.550023
UTEFVWWPMXBETL-SXGWCWSVSA-N,COc1cc(CCC(=O)NCCc2ccc(O)cc2)ccc1Oc1cc(/C=C\C(=O)NCCc2ccc(O)cc2)cc(OC)c1O,9.78872
CYQRDZPBFHTFJZ-ASGMLYFASA-N,C[C@@H]1OC(c2ccccc2O)=N[C@@H]1C(=O)NCCCN(CCCNC(=O)c1cccc(O)c1O)C(=O)[C@H]1N=C(c2ccccc2O)O[C@H]1C,11.159699
JKHRCGUTYDNCLE-UHFFFAOYSA-O,Oc1cc(O)c2cc(O)c(-c3cc(O)c(O)c(O)c3)[o+]c2c1,11.651669
XCDQFROEGGNAER-NNEHRPRASA-N,C[C@@H]1[C@@H](O)CC[C@H]2[C@@]1(C)CC[C@@H]1[C@]2(C)CC[C@@]2(C)[C@@H]3CC(C)(C)CC[C@@]3(C)CC[C@]12C,10.166099
MXXWOMGUGJBKIW-YPCIICBESA-N,O=C(/C=C/C=C/c1ccc2c(c1)OCO2)N1CCCCC1,10.427455
LNCIXDIFZNXBDP-HNRBIFIRSA-N,CN1CCCN(CCCCN2CCCN(C)[C@H](c3ccccc3)CC2=O)C(=O)C[C@@H]1c1ccccc1,8.902514
YVPXVXANRNDGTA-URLMMPGGSA-N,COc1ccc2cc1Oc1ccc(cc1)C[C@@H]1c3c(cc4c(c3Oc3cc5c(cc3OC)CCN(C)[C@H]5C2)OCO4)CCN1C,10.656827
QYOIIVVCQDPNAG-XDMWQQQZSA-N,O=C1c2cc(CO)cc(O)c2C(=O)c2c1ccc([C@@]1([C@@H]3O[C@H](CO)[C@H](O)[C@H](O)[C@H]3O)c3cccc(O)c3C(=O)c3c(O)cc(O)cc31)c2O,10.123086
JVXZRQGOGOXCEC-UHFFFAOYSA-N,O=c1cc(-c2ccc(O)cc2)oc2cc(O)c(O)c(O)c12,11.13668
FTQXELOPBMFYKP-DYLAAIIWSA-N,COc1ccc2c(c1)N[C@@H]1[C@@H]2CCN[C@@H]1C,-10.03281
SUQWXNKVRJSLJG-VJTYHZGZSA-N,COc1cc(C)c2c(=O)cc(C[C@@H](C)O)oc2c1[C@@H]1O[C@@H](CO)[C@@H](C)[C@@H](O)[C@@H]1OC(=O)/C=C/c1ccccc1,12.798961
NPNNKDMSXVRADT-WEVVVXLNSA-N,COc1cc(/C=C/C(=O)NCCc2ccc(O)cc2)ccc1O,10.158841
XBAHULAFZOLUBT-VIFPVBQESA-N,CO[C@H]1C=CC2=NC3=C(CCN=C3C)C2=C1,7.1345677
PHPGTEVCWLIQIT-BQYYLDSTSA-N,CC1(C)[C@H]2CC[C@@]3(C)[C@@H](C(=O)C=C4[C@H]5C[C@@](C)(C(=O)O)CC[C@]5(C)CC[C@]43C)[C@]2(C)CC[C@H]1O[C@@H]1O[C@H](C(=O)N[C@H](SCc2ccccc2)C(=O)O)[C@@H](O)[C@H](O)[C@H]1O[C@H]1O[C@@H](C(=O)N[C@H](CSCc2ccccc2)C(=O)O)[C@@H](O)[C@@H](O)[C@H]1O,6.8972206
WRYLYDPHFGVWKC-SNVBAGLBSA-N,CC1=CC[C@](O)(C(C)C)CC1,8.845018
VWHYFMQKJYFLCC-DUXPYHPUSA-N,O=C(/C=C/CCc1ccc(O)c(O)c1)CCc1ccc(O)c(O)c1,10.444789
KZNIFHPLKGYRTM-UHFFFAOYSA-N,O=c1cc(-c2ccc(O)cc2)oc2cc(O)cc(O)c12,11.158227
GKHOGRMKNUUWFH-SHWYRAPHSA-N,O=C(/C=C\c1ccc(O)c(O)c1)O[C@@H]1[C@H](O)CC[C@H]1OC(=O)/C=C/c1ccc(O)c(O)c1,8.58215
OVSQVDMCBVZWGM-QLNOSOPISA-N,O=c1c(O[C@H]2O[C@H](CO)[C@H](O)[C@@H](O)[C@H]2O)c(-c2ccc(O)c(O)c2)oc2cc(O)cc(O)c12,9.46329
GVKKJJOMQCNPGB-JTQLQIEISA-N,C[C@H]1COC2=C1C(=O)C(=O)c1c2ccc2c1CCCC2(C)C,10.714438
TYCLBPSZSGTWCX-UHFFFAOYSA-N,Oc1ccc(Cc2ncc[nH]2)cc1Oc1cccc(Cc2ncc[nH]2)c1,9.549109
UYHHGHQLVKQIQK-OAHLLOKOSA-N,CNc1ccc([C@H]2CCN3Cc4ccccc4N=C23)cc1C(=O)OC,9.1313095
VXNWJKFKJUYKNY-UHFFFAOYSA-N,C=CCc1ccc(C(C)=O)c(OC)c1,8.328143
LUKBXSAWLPMMSZ-OWOJBTEDSA-N,Oc1ccc(/C=C/c2cc(O)cc(O)c2)cc1,9.458601
QRYRORQUOLYVBU-VLIAUNLRSA-N,CC(C)c1cc2c(c(O)c1O)[C@]1(C(=O)O)CCCC(C)(C)[C@H]1CC2,10.8532
UFCLZKMFXSILNL-BMPVICKZSA-N,O=C(/C=C/c1ccc(O)c(O)c1)O[C@@H]1[C@@H](O)C[C@@](O)(C(=O)O)C[C@H]1OC(=O)/C=C/c1ccc(O)c(O)c1,9.134196
KZNIFHPLKGYRTM-UHFFFAOYSA-N,O=c1cc(-c2ccc(O)cc2)oc2cc(O)cc(O)c12,11.158227
MWMMPGDUPHYPAA-FPYGCLRLSA-N,O=c1oc(/C=C/c2ccc(O)cc2)nc2ccc(O)cc12,5.28332
RHMXXJGYXNZAPX-UHFFFAOYSA-N,Cc1cc(O)c2c(c1)C(=O)c1cc(O)cc(O)c1C2=O,11.721368
NFVYQWIJCKHXPY-HRFLEFDHSA-N,CC[C@@H]1C=CCC[C@@]2(C[C@H]3CC[C@@]4(C(=O)OCCCCCCCCCCCCCCCCCC(=O)N(CCCN)CCCC(N)=O)C[C@]5(CCC[C@H](C)O5)N=C(N2)N34)O1,10.412368
QUEMNJXBRHOUNX-FJFCSAGJSA-N,C[C@]1(C(=O)O)CC[C@@]2(C)CC[C@@H]3C(=CC(=O)[C@H]4[C@H]3CC[C@H]3C[C@@H](O[C@@H]5O[C@H](C(=O)O)[C@@H](O)[C@H](O)[C@H]5O[C@@H]5O[C@H](C(=O)O)[C@@H](O)[C@@H](O)[C@@H]5O)CC[C@@]34C)[C@@H]2C1,10.070701
VWHYFMQKJYFLCC-DUXPYHPUSA-N,O=C(/C=C/CCc1ccc(O)c(O)c1)CCc1ccc(O)c(O)c1,10.444789
LSHVYAFMTMFKBA-TZIWHRDSSA-N,O=C(O[C@@H]1Cc2c(O)cc(O)cc2O[C@@H]1c1ccc(O)c(O)c1)c1cc(O)c(O)c(O)c1,10.211459
IOUVKUPGCMBWBT-QNDFHXLGSA-N,O=C(CCc1ccc(O)cc1)c1c(O)cc(O)cc1O[C@@H]1O[C@H](CO)[C@@H](O)[C@H](O)[C@H]1O,9.958063
RHVPEFQDYMMNSY-UHFFFAOYSA-N,CC1=NCCc2c1[nH]c1cc(O)ccc21,4.171774
VFLDPWHFBUODDF-FCXRPNKRSA-N,COc1cc(/C=C/C(=O)CC(=O)/C=C/c2ccc(O)c(OC)c2)ccc1O,10.902253
DKBOCUYXQDBLOY-RUZDIDTESA-N,CN1CCCCN(CCCCNC(=O)c2ccccc2)C(=O)[C@]1(O)C(=O)c1ccccc1,7.962699
XHEFDIBZLJXQHF-UHFFFAOYSA-N,O=c1c(O)c(-c2ccc(O)c(O)c2)oc2cc(O)ccc12,11.4487295
YIICVSCAKJMMDJ-SNVBAGLBSA-N,O[C@@H]1CCN2Cc3ccccc3N=C12,10.025706
ZWXLQYJRFHYYAO-KCXIHHOBSA-N,COc1cc(C)c2c(=O)cc(CC(C)=O)oc2c1[C@@H]1O[C@@H](CO)[C@@H](C)[C@@H](O)[C@@H]1OC(=O)/C=C/c1ccccc1,12.791972
QAIPRVGONGVQAS-DUXPYHPUSA-N,O=C(O)/C=C/c1ccc(O)c(O)c1,11.2373295
IYGYMKDQCDOMRE-ZWKOTPCHSA-N,CN1CCc2cc3c(cc2[C@H]1[C@@H]1OC(=O)c2c1ccc1c2OCO1)OCO3,11.663707
OJFGQVZAISEIPG-IJIVKGSJSA-N,O=C(/C=C/c1ccc(O)c(O)c1)CC(=O)/C=C/c1ccc(O)c(O)c1,11.692023
XDUXBBDRILEIEZ-IBGZPJMESA-N,Cc1coc2c1C(=O)C(=O)c1c-2ccc2c1CCC[C@@]2(C)CO,11.914115
SGAWOGXMMPSZPB-UHFFFAOYSA-N,CC1=C(C=O)C(C)(C)CC=C1,9.496152
IAKHMKGGTNLKSZ-INIZCTEOSA-N,COc1cc2c(c(OC)c1OC)-c1ccc(OC)c(=O)cc1[C@@H](NC(C)=O)CC2,9.958643
REFJWTPEDVJJIY-UHFFFAOYSA-N,O=c1c(O)c(-c2ccc(O)c(O)c2)oc2cc(O)cc(O)c12,11.751132
FAFKEIMQBPAMNO-FRKPEAEDSA-N,C=C(/C(C)=C/C)c1c(OC)c2c(c3c(-c4ccccc4)cc(=O)oc13)OC(C)(C)C=C2,11.008346
DBQOYAOBGQRKIK-HIBOQREESA-N,COc1ccc(-c2cc(=O)c3c(O)c(OC)c(O[C@@H]4O[C@H](CO[C@H]5O[C](C)[C@H](O)[C@@H](O)[C@@H]5O)[C@@H](O)[C@H](O)[C@H]4O)cc3o2)cc1,10.052047
TVWPPWLGMUSNNX-UHFFFAOYSA-N,C=CCc1cc(-c2oc3cc(O)c(CC=C)c(O)c3c(=O)c2O)cc(O)c1O,11.456773
FTVWIRXFELQLPI-CYBMUJFWSA-N,O=C1C[C@H](c2ccc(O)cc2)Oc2cc(O)cc(O)c21,10.6190405
BQSJTQLCZDPROO-UHFFFAOYSA-N,Cc1nc(-c2ccc(OCC(C)C)c(C#N)c2)sc1C(=O)O,-1.5335286
SBHXYTNGIZCORC-ZDUSSCGKSA-N,O=C1C[C@@H](c2ccc(O)c(O)c2)Oc2cc(O)cc(O)c21,10.942785
DLBOMVFEFWKKHS-NXBHMOJESA-N,O=C(O[C@@H]1[C@H](Oc2ccc(O)cc2COC(=O)[C@@]2(O)[C@H](O)C=CC(=O)[C@@H]2O)O[C@H](CO)[C@@H](O)[C@@H]1O)c1ccccc1,10.385179
YMHFBUOKLSWOQF-NSHGMRRFSA-N,CN1CCc2cc3c(cc2[C@H]1[C@@H]1O[C@H](O)c2c1ccc1c2OCO1)OCO3,12.332829
VCCRNZQBSJXYJD-UHFFFAOYSA-N,O=c1c(O)c(-c2ccccc2)oc2cc(O)cc(O)c12,10.600769
ZERULLAPCVRMCO-UHFFFAOYSA-N,CCCSCCC,-0.4283912
ULSUXBXHSYSGDT-UHFFFAOYSA-N,COc1ccc(-c2cc(=O)c3c(OC)c(OC)c(OC)c(OC)c3o2)cc1,10.952207
KZJWDPNRJALLNS-VPUBHVLGSA-N,CC[C@@H](CC[C@H](C)[C@@H]1CC[C@H]2[C@@H]3CC=C4C[C@@H](O)CC[C@]4(C)[C@H]3CC[C@@]21C)C(C)C,10.589016
NLDDIKRKFXEWBK-CQSZACIVSA-N,CCCCC[C@@H](O)CC(=O)CCc1ccc(O)c(OC)c1,9.607606
LQGUBLBATBMXHT-UHFFFAOYSA-N,Cc1cc(O)c2c(c1)C(=O)c1cccc(O)c1C2=O,11.550956
ZUGCRBMNFSAUOC-YRNVUSSQSA-N,COc1cc(O)c(C(=O)/C=C/c2ccc(O)cc2)cc1CC=C(C)C,10.092126
FEFAIBOZOKSLJR-UHFFFAOYSA-N,CC(C)C1=Cc2ccc3c(c2C(=O)C1=O)CCCC3(C)C,8.893074
CAPUGADOGHKUQS-YDNDUVNHSA-N,COc1ccc2c(c1)N1C(=O)C[C@@H]3OCC=C4CN5CC[C@@]26[C@@H]5C[C@@H]4[C@H]3[C@@H]16,10.6022415
PMOWTIHVNWZYFI-AATRIKPKSA-N,O=C(O)/C=C/c1ccccc1O,9.437697
LAWAARLALKUFQQ-AUSIDOKSSA-N,COc1ccc2c3c(c4cc(OC)c(OC)cc4c2c1)CN1CCC[C@@H]1[C@H]3O,9.847037
AJERVVHSERWGFL-FXVWLTTGSA-N,C=C(C)[C@H](Cc1c(OC)ccc(C(=O)/C=C/c2ccc(O)cc2)c1O)OO,10.656762
TZBJGXHYKVUXJN-UHFFFAOYSA-N,O=c1c(-c2ccc(O)cc2)coc2cc(O)cc(O)c12,10.521722
AIFRHYZBTHREPW-UHFFFAOYSA-N,c1ccc2c(c1)[nH]c1cnccc12,2.344703
OPJNODHFKFAIBH-JMQWPVDRSA-N,O=C(/C=C/c1ccc(O)c(O)c1)NCCCCNCCCNC(=O)/C=C/c1ccc(O)c(O)c1,12.403663
QYMDEOQLJUUNOF-UHFFFAOYSA-N,COc1ccc2[nH]c3c(c2c1)CCNC3,-0.59361494
VOCGSQHKPZSIKB-FQEVSTJZSA-N,COc1cc2c(cc1CC=C(C)C)C(=O)C[C@@H](c1ccc(O)cc1)O2,9.29404
GVKKJJOMQCNPGB-SNVBAGLBSA-N,C[C@@H]1COC2=C1C(=O)C(=O)c1c2ccc2c1CCCC2(C)C,10.714438
RRAFCDWBNXTKKO-UHFFFAOYSA-N,C=CCc1ccc(O)c(OC)c1,9.340966
QISBNGLMCHHHFG-HNQUOIGGSA-N,O=c1cc(O)oc(/C=C/c2ccc(O)c(O)c2)c1,10.95702
UXIVGJWMQVRKJZ-KWBMFXBPSA-N,COC(=O)[C@@]1(C)CC[C@]2(C)CC[C@]3(C)C(=CC(=O)[C@H]4[C@]5(C)CC[C@@H](O[C@@H]6O[C@H](C(=O)CO)[C@@H](O)[C@H](O)[C@H]6O[C@H]6O[C@@H](C(=O)CO)[C@@H](O)[C@@H](O)[C@H]6O)C(C)(C)[C@H]5CC[C@@]43C)[C@H]2C1,8.262773
IYRMWMYZSQPJKC-UHFFFAOYSA-N,O=c1c(O)c(-c2ccc(O)cc2)oc2cc(O)cc(O)c12,11.203029
RLJGTGKXUCBJPF-MPUGBXDSSA-N,COc1cc(C)c2c(=O)cc(C(O)(O)C(C)=O)oc2c1[C@@H]1O[C@@H](CO)[C@@H](O)[C@@H](O)[C@@H]1OC(=O)/C=C/c1ccccc1,11.809162
OJYLAHXKWMRDGS-UHFFFAOYSA-N,COc1cc(CCC(C)=O)ccc1O,10.3603525
FURJVCYQVDCGPY-JZKQVHKSSA-N,CC(C)c1cc2c(c(O)c1O)[C@]13CCCC(C)(C)[C@H]1C[C@H]2C(=O)OO3,8.487248
SGJNQVTUYXCBKH-HNQUOIGGSA-N,O=c1cc(O)cc(/C=C/c2ccc(O)c(O)c2)o1,11.098593
KGUHFCVSCDQVEU-GEXKASOQSA-N,C=C(C)[C@H]1CC[C@]2(C(=O)O)CC[C@@H]3[C@H](CC[C@@H]4[C@]3(C)CC[C@@H]3C(C)(C)[C@H](O)CC[C@@]43C)[C@H]12,11.077836
REFJWTPEDVJJIY-UHFFFAOYSA-N,O=c1c(O)c(-c2ccc(O)c(O)c2)oc2cc(O)cc(O)c12,11.751132
SATMZMMKDDTOSQ-UHFFFAOYSA-N,Cc1nccc2c1[nH]c1cc(O)ccc12,9.918448
XROUKQJUPSQEJF-YPCIICBESA-N,COc1cc(/C=C/C(=O)CC(=O)/C=C/c2ccc(O)c(OO)c2)ccc1O,10.79692
OVBPIULPVIDEAO-GFCCVEGCSA-N,Nc1nc2ncc(CNc3ccc(C(=O)N[C@H](CCC(=O)O)C(=O)O)cc3)nc2c(=O)[nH]1,-6.8775578
JGTYOOKXGOJQII-IBUQTYFYSA-N,CO[C@H]1[C@H](O[C@@H]2O[C@H](CO)[C@H](O)[C@H](O)[C@@H]2O)[C@@H](O)[C@H](O[C@H]2CC[C@@]3(C)[C@@H](CC[C@]4(C)[C@@H]3C=CC3=C5CC(C)(C)CC[C@@]5(CO)[C@H](O)C[C@]34C)[C@]2(C)CO)O[C@@H]1C,12.310467
INVSLAPXYYHYAD-SKSBSBCQSA-N,COc1ccc2c(c1)N1C(=O)C[C@@H]3OCC=C4CN5CC[C@@]26[C@H]1[C@@H]3[C@H]4C[C@]56O,11.085524
FCBIKWDKLODCOY-TZRRMPRUSA-N,COc1cc([C@@H]2Oc3cc4c(cc3C(=O)[C@H]2O)CC[C@@](C)(CCCCO)O4)ccc1O,10.532979
CEBIAOODBQSTTK-UHFFFAOYSA-N,CC(=O)NCCCCCN(O)C(=O)CCC(=O)NCCCCCN(O)C(=O)Cc1ccccc1,9.843393
QDAQTXSEIPFKEE-NUTIFNJFSA-N,COc1cc(/C=C/C(=O)N[C@@H](O)C(=O)c2ccc(O)cc2)ccc1O,10.150805
KYWSCMDFVARMPN-ASWPDFGGSA-N,C[C@@H]1O[C@@H](O[C@H]2CC[C@]3(C)[C@H](CC[C@@]4(C)[C@H]3C=C[C@]35OC[C@@]6(CCC(C)(C)C[C@@H]63)[C@H](O)C[C@@]45C)[C@]2(C)CO)[C@@H](O)[C@@H](O[C@@H]2O[C@H](CO)[C@@H](O)[C@H](O)[C@H]2O)[C@@H]1O,10.450015
VEVZSMAEJFVWIL-UHFFFAOYSA-O,Oc1cc(O)c2cc(O)c(-c3ccc(O)c(O)c3)[o+]c2c1,11.181617
CAGSJLJFRUTERD-ZCIJVQOHSA-N,C[C@@H]1[C@@H](O)[C@H](O)[C@@H](O)O[C@H]1[C@@H](CCc1ccc(O)c(O)c1)CC(=O)CCc1ccc(O)c(O)c1,9.608931
CGBLBCRVDKYKCU-ZHACJKMWSA-N,CSC(=O)NCCCN(CCCCNC=O)C(=O)/C=C/c1ccccc1,7.278739
HFSDOBJCQNMPRQ-UHFFFAOYSA-N,CNOC(=O)c1cc2c(cn1)[nH]c1ccccc12,7.942931
CJHDBEPXEKGBDW-VMPITWQZSA-N,NCCCCNC(=O)/C=C/c1ccc(O)cc1,11.163647
GKHOGRMKNUUWFH-RXBUKYKGSA-N,O=C(/C=C/c1ccc(O)c(O)c1)O[C@@H]1[C@H](O)CC[C@H]1OC(=O)/C=C/c1ccc(O)c(O)c1,8.58215
OBGPEBYHGIUFBN-UHFFFAOYSA-N,CC(C)=CCc1cc(-c2coc3cc(O)ccc3c2=O)ccc1O,10.862987
ZFAHNWWNDFHPOH-YFKPBYRVSA-N,C=CCSC[C@H](N)C(=O)O,11.749538
YDQWDHRMZQUTBA-UHFFFAOYSA-N,O=C1c2cccc(O)c2C(=O)c2c(O)cc(CO)cc21,11.296998
ABVFJXLTKCYFCU-GFCCVEGCSA-N,Nc1ccccc1[C@H]1CCn2c1nc1ccccc1c2=O,3.9315226
ITYNGVSTWVVPIC-DHGKCCLASA-N,C=C1CC[C@@H]2[C@H]([C@@H]3[C@H](C)CC[C@H]13)C2(C)C,8.481338
SSEUDFYBEOIWGF-CQSZACIVSA-N,COc1cc2c3c(c4cc(OC)c(OC)cc4c2cc1OC)CN1CCC[C@@H]1C3,3.98855
LPLVUJXQOOQHMX-FLWAPPOHSA-N,CC1(C)[C@H]2CC[C@@]3(C)[C@@H](C(=O)C=C4[C@H]5C[C@@](C)(C(=O)O)CC[C@]5(C)CC[C@]43C)[C@]2(C)CC[C@H]1O[C@@H]1O[C@H](C(=O)O)[C@@H](O)[C@H](O)[C@H]1O[C@H]1O[C@@H](C(=O)O)[C@@H](O)[C@@H](O)[C@H]1O,8.331226
KSEBMYQBYZTDHS-HWKANZROSA-N,COc1cc(/C=C/C(=O)O)ccc1O,10.387639
UZROCPSMHKOYDS-CQSZACIVSA-N,Nc1ccccc1[C@H]1CCN2Cc3ccccc3N=C12,5.896942
ZBHUUXLHDOUMKM-REZTVBANSA-N,CC(C)=CCC/C(C)=C/Cc1cc(-c2coc3cc(O)ccc3c2=O)ccc1O,10.965554
PANKHBYNKQNAHN-MQQNZMFNSA-N,CC(/C=C/C=C(\C)C(=O)O)=C\C=C\C=C(C)\C=C\C=C(/C)C(=O)O,8.192947
KVYNYRIOAYQBFK-ODMAYWLASA-N,[H]/N=C(\N)NCCCCNC(=O)/C=C/c1ccc2c(c1)[C@@H](C(=O)NCCCCN/C(N)=N/[H])[C@H](c1ccc(O)cc1)O2,10.566424
GADIKQPUNWAMEB-UHFFFAOYSA-N,CCc1c(C(=O)OC)ncc2[nH]c3cc(OC)c(OC)cc3c12,-0.18886283
YUSWMAULDXZHPY-UHFFFAOYSA-N,O=c1cc(-c2ccc(O)c(-c3c(O)cc(O)c4c(=O)cc(-c5ccc(O)cc5)oc34)c2)oc2cc(O)cc(O)c12,12.645572
OBGPEBYHGIUFBN-UHFFFAOYSA-N,CC(C)=CCc1cc(-c2coc3cc(O)ccc3c2=O)ccc1O,10.862987
SEOVTRFCIGRIMH-UHFFFAOYSA-N,O=C(O)Cc1c[nH]c2ccccc12,4.210294
RPMNUQRUHXIGHK-SLNHTJRHSA-N,C[C@@H]1O[C@H](O[C@H]2[C@H](Oc3cc(O)c4c(=O)cc(-c5ccc(O)cc5)oc4c3)O[C@H](CO)[C@@H](O)[C@@H]2O)[C@H](O)[C@H](O)[C@H]1O,9.205073
ZQSIJRDFPHDXIC-UHFFFAOYSA-N,O=c1c(-c2ccc(O)cc2)coc2cc(O)ccc12,9.769311
MTRCSFCAOFJJGL-QUDODWQYSA-N,C=CC/C(=N\OSOOO)S[C@@H]1O[C@H](CO)[C@@H](O)[C@H](O)[C@@H]1O,12.639692
WMBWREPUVVBILR-WIYYLYMNSA-N,O=C(O[C@@H]1Cc2c(O)cc(O)cc2O[C@@H]1c1cc(O)c(O)c(O)c1)c1cc(O)c(O)c(O)c1,10.672557
RHMXXJGYXNZAPX-UHFFFAOYSA-N,Cc1cc(O)c2c(c1)C(=O)c1cc(O)cc(O)c1C2=O,11.721368
PSFDQSOCUJVVGF-UHFFFAOYSA-N,Cc1nccc2c1[nH]c1ccccc12,10.456854
VMXHAVNNYIGUTL-SZMSYODNSA-N,CC1=C(/C=C/C(C)=C/C=C/C(C)=C/C=C/C=C(C)/C=C/C=C(\C)CCC(=O)[C@]2(C)C[C@H](O)CC2(C)C)C(C)(C)C[C@@H](O)C1,7.931361
HARGZZNYNSYSGJ-SNVBAGLBSA-N,Cc1cccc2c3c(ccc12)C1=C(C(=O)C3=O)[C@H](C)CO1,9.020688
RHRMQQJITNWFMZ-CXUHLZMHSA-N,COc1cc(/C=C/C(=O)NCCc2ccc(Oc3ccc(CCNC(=O)C(=O)Cc4ccc(O)c(OC)c4)cc3)cc2)ccc1O,7.0956173
OUGNWRCWQLUXHX-CVXRCJAMSA-N,COc1cc(C)c2c(=O)cc(C[C@@H](C)O)oc2c1[C@@H]1O[C@@H](CO)[C@@H](O)[C@@H](O)[C@@H]1OC(=O)/C=C/c1ccc(O)cc1,12.189172
DILWBGJKPDDTLS-UHFFFAOYSA-N,C=CC(C)(C)c1c2c(c(O)c3c(=O)c4cccc(O)c4oc13)CCC(C)(C)O2,11.024642
YABIJLLNNFURIJ-UHFFFAOYSA-N,CC(C)=CCc1cc2c(cc1O)oc(=O)c1c3ccc(O)cc3oc21,10.114024
LSHVYAFMTMFKBA-CTNGQTDRSA-N,O=C(O[C@@H]1Cc2c(O)cc(O)cc2O[C@H]1c1ccc(O)c(O)c1)c1cc(O)c(O)c(O)c1,10.21146
UBAXRAHSPKWNCX-UHFFFAOYSA-N,C=CCSSSCC=C,12.276691
IKMDFBPHZNJCSN-UHFFFAOYSA-N,O=c1c(O)c(-c2cc(O)c(O)c(O)c2)oc2cc(O)cc(O)c12,11.715863
WMBWREPUVVBILR-GHTZIAJQSA-N,O=C(O[C@H]1Cc2c(O)cc(O)cc2O[C@@H]1c1cc(O)c(O)c(O)c1)c1cc(O)c(O)c(O)c1,10.672557
ZRMWSCPMGTWKPO-IHLOFXLRSA-N,COc1ccc2cc1Oc1ccc(cc1)C[C@@H]1c3cc(c(OC)cc3CCN1C)Oc1cc3c(c(OC)c1O)CCN(C)[C@H]3C2,10.614634
TUFLVKBJDSZLAW-UHFFFAOYSA-N,COc1cc(OC)c2ccc(=O)oc2c1O,11.873776
CAGSJLJFRUTERD-VKECQMBHSA-N,C[C@@H]1[C@@H](O)[C@H](O)[C@@H](O)O[C@H]1[C@H](CCc1ccc(O)c(O)c1)CC(=O)CCc1ccc(O)c(O)c1,9.608931
IKMDFBPHZNJCSN-UHFFFAOYSA-N,O=c1c(O)c(-c2cc(O)c(O)c(O)c2)oc2cc(O)cc(O)c12,11.715863
YDQWDHRMZQUTBA-UHFFFAOYSA-N,O=C1c2cccc(O)c2C(=O)c2c(O)cc(CO)cc21,11.296998
HCQUMJYLWCSLLR-WHSLLNHNSA-N,COc1c(C(C)C)cc2c(c1O)[C@]1(C)CCCC(C)(C)[C@H]1C[C@H]2O,8.647184
YFDKIHAZVQFLRC-HXUWFJFHSA-N,COC(=O)[C@]1(C)CCCc2c1ccc1c2C(=O)C(=O)c2c(C)coc2-1,9.845408
WLKFTWWPENDPDN-RMKNXTFCSA-N,C=CCc1cc(C(=O)/C=C/c2ccc(O)cc2)c(O)cc1O,6.8842306
LRLXAXGCQUOKIO-ATYLQFJESA-N,[H]/N=C(\N)NCCCCNC(=O)/C=C/c1cc(OC)c2c(c1)[C@@H](C(=O)NCCCCN/C(N)=N/[H])[C@H](c1ccc(O)cc1)O2,9.56404
YDQWDHRMZQUTBA-UHFFFAOYSA-N,O=C1c2cccc(O)c2C(=O)c2c(O)cc(CO)cc21,11.296998
BXNJHAXVSOCGBA-UHFFFAOYSA-N,COc1ccc2c(c1)[nH]c1c(C)nccc12,11.187369
QTUCSHJOGPJHIM-MZVGWLCOSA-N,C[C@@H]1[C@@H](O[C@@H](CCCCc2ccc(O)c(O)c2)CCc2ccc(O)c(O)c2)O[C@@H](O)[C@H](O)[C@H]1O,7.9178267
UBJVUCKUDDKUJF-UHFFFAOYSA-N,C=CCSCC=C,9.155949
YWQKYQPYGMDGFG-GTNSWQLSSA-N,CCOC(=O)[C@H]1N=Cc2[nH]c3cccc(OC(C)C)c3c2[C@@H]1C,-5.191064
VFLDPWHFBUODDF-KYPMKJFLSA-N,COc1cc(/C=C\C(=O)CC(=O)/C=C/c2ccc(O)c(OC)c2)ccc1O,10.902253
KYWSCMDFVARMPN-AXWYSAQTSA-N,C[C@@H]1O[C@@H](O[C@H]2CC[C@]3(C)[C@H](CC[C@@]4(C)[C@H]3C=C[C@]35OC[C@@]6(CCC(C)(C)C[C@@H]63)[C@@H](O)C[C@@]45C)[C@]2(C)CO)[C@@H](O)[C@@H](O[C@@H]2O[C@H](CO)[C@@H](O)[C@H](O)[C@H]2O)[C@@H]1O,10.450015
YDDGKXBLOXEEMN-XAKUNQSDSA-N,O=C(/C=C/c1ccc(O)c(O)c1)O[C@H](C(=O)O)[C@@H](OC(=O)/C=C/c1ccc(O)c(O)c1)C(=O)O,13.137978
ZDOTZEDNGNPOEW-UHFFFAOYSA-N,O=c1c(O)c(-c2ccc(O)cc2)oc2c(O)c(O)cc(O)c12,11.467631
BYIUQAPTUVOGEC-STROVDMWSA-N,O=C(O[C@@H]1O[C@H](OC(=O)c2cc(O)c(O)c(O)c2)[C@@H](OC(=O)c2cc(O)c(O)c(O)c2)[C@H](OC(=O)c2cc(O)c(O)c(O)c2)[C@H]1O)c1cc(O)c(O)c(O)c1,11.789422
BPRXODFDYBYPRA-MJAJTENYSA-N,COc1cc([C@H]2OC[C@@H]2c2cc(/C=C/C(=O)NCCc3ccc(O)cc3)cc(OC)c2O)ccc1O,8.905326
NLDDIKRKFXEWBK-AWEZNQCLSA-N,CCCCC[C@H](O)CC(=O)CCc1ccc(O)c(OC)c1,9.607606
XLTSBDOZTUSCMX-UHFFFAOYSA-N,CC(C)C1=CC(=O)C=CC1=O,10.393742
SPCXZDDGSGTVAW-XIDUGBJDSA-N,CC1=C2[C@H](CC1)[C@H](C)CC[C@@H]1[C@H]2C1(C)C,9.313206
ALVPFGSHPUPROW-UHFFFAOYSA-N,CCCSSCCC,8.985709
RTIXKCRFFJGDFG-UHFFFAOYSA-N,O=c1cc(-c2ccccc2)oc2cc(O)cc(O)c12,10.667539
IKGXIBQEEMLURG-MZQQJHOSSA-N,C[C@@H]1O[C@@H](OC[C@@H]2O[C@H](Oc3c(-c4ccc(O)c(O)c4)oc4cc(O)cc(O)c4c3=O)[C@@H](O)[C@H](O)[C@H]2O)[C@H](O)[C@H](O)[C@H]1O,9.749345
GPTMXAZKVCUZCW-UHFFFAOYSA-N,Cc1cc(O)c2c(c1)C(=O)c1c(Br)c(O)c(Br)c(O)c1C2=O,10.948163
NGYAJBARDRVBLE-SUMWQHHRSA-N,CC[C@H](NC(C)=O)C(=O)N[C@H](C(=O)NCC(=O)OCCN1C(=O)C=CC1=O)C(C)(C)C,5.732085
KVLOEFKBTCCASR-UHFFFAOYSA-N,Cc1cccc(=S)n1O,-5.3677692
BZWKOEPAPGSYLV-UHFFFAOYSA-N,CCCN1C(=O)C(=O)c2cc(C(=O)O)ccc21,-8.521403
RCSXHMPTDXUMRL-UHFFFAOYSA-N,NC(=O)Cc1ccc2c(c1)C(=O)C(=O)N2Cc1ccc2ccccc2c1,-8.991
UQIOKCTXGYYUDD-UHFFFAOYSA-N,O=C1Nc2ccc(NC(=O)c3ccc(Cl)cc3)cc2/C1=N/Nc1ccncc1,-4.434076
ALEMQFKPROZQHR-UHFFFAOYSA-N,CCS(=O)(=O)N1CC(CC#N)(n2cc(-c3ncnc4[nH]ccc34)c3ccc(C(F)(F)F)cc32)C1,1.1786679
HEKJYZZSCQBJGB-XDHOZWIPSA-N,CC1=NN(c2ccc(C(=O)O)cc2)C(=O)/C1=C/c1ccc(-c2cc(C)c(C)cc2[N+](=O)[O-])o1,-10.644992
XIDSLNRVMMPVBZ-UHFFFAOYSA-N,O=C(CSc1c[nH]c2cccc(Br)c12)NCc1ccc(Cl)c(Cl)c1,-12.021959
QLGUUVBDAVRWET-GIDUJCDVSA-N,NC(=S)N/N=C/c1cc(-c2ccc(C(=O)O)cc2)co1,-6.878191
NHSGNQAPJCROLA-UHFFFAOYSA-N,O=C(Oc1cncc(Cl)c1)c1ccccc1O,-9.4302435
KNURQGGJBBBYHV-UHFFFAOYSA-N,O=C(CN1C(C(=O)c2ccc(F)c(Cl)c2)C(=O)c2ccc(F)cc2S1(=O)=O)Nc1ccc(C(F)(F)F)cc1,-8.750136
NKORYKWDZIQXSP-XNTDXEJSSA-N,CCS(=O)(=O)Oc1ccc(C(=O)/C=C2/C(=O)Nc3ccc(Cl)cc32)cc1,-10.311813
UKMZRNVGOWRFCH-UHFFFAOYSA-N,NS(=O)(=O)c1ccc(NC(=O)Cn2cc(CN3C(=O)C(=O)c4ccccc43)nn2)cc1,-5.2579603
QCLUKMRSPIGCSN-MEDUHNTESA-N,Oc1cc(-c2nnc([C@H](O)[C@@H](O)Cc3nnc(-c4ccc(O)c(O)c4O)o3)o2)cc(O)c1O,6.9546466
PAVOOVPPTDMDLO-RVDMUPIBSA-N,CS(=O)(=O)N(c1ccc(C(=O)/C=C2/C(=O)Nc3ccccc32)cc1)S(C)(=O)=O,-4.08385
WJGBKYIDFKRSKX-UHFFFAOYSA-N,Cc1n[nH]c2c1C(c1cccs1)C1=C(N=C(N(C)C)N3N=C(c4ccc(Cl)cc4)NC13)N2,2.7717044
FEHQMKKCKBJNKA-UHFFFAOYSA-N,COc1ccc2c(c1)c(C(C)C(=O)Oc1cncc(Cl)c1)c(C)n2C(=O)c1ccc(Cl)cc1,-1.0896556
NAXBTMOXVUBTMT-UHFFFAOYSA-N,CC(C)Cn1c(C(=O)NCCCNC(=O)n2cc(F)c(=O)[nH]c2=O)cc2cc(F)ccc21,-11.201411
RQNYSHJZOZMPRU-UHFFFAOYSA-N,S=c1[nH]nc2c3c(-c4ccccc4)cn(-c4ccc(Cl)cc4)c3ncn12,7.2442017
LJFHPWXJDBHGHG-UHFFFAOYSA-N,Cc1ccc(S(=O)(=O)N2CCC(C(=O)NC3CCCCCC3)CC2)c(C)c1,-12.056266
FATZKUQQYDHMNU-LNMRYCPJSA-N,COc1ccccc1CNC(=O)[C@@H]1CN2CCC1C[C@H]2Cn1cc(-c2cccc(O)c2)nn1,6.9663925
JZMXCENGODLQED-UHFFFAOYSA-N,CC(C)Cn1sc2ccccc2c1=O,-6.770876
XBVPAGLILYEOGS-UHFFFAOYSA-N,C=CCn1ccc2c(C(=O)Oc3cncc(Cl)c3)cccc21,-5.708
HPKJGHVHQWJOOT-ZJOUEHCJSA-N,O=C[C@H](C[C@@H]1CCNC1=O)NC(=O)[C@H](CC1CCCCC1)NC(=O)c1cc2ccccc2[nH]1,8.12088
USSHAFYEQLIBPW-UHFFFAOYSA-N,CN1C(=O)C(=O)c2cc(C(=O)ON3C(=O)CCC3=O)ccc21,-9.962722
GBFDUEHBZPUKMB-VIZOYTHASA-N,NC(=S)N/N=C/c1ccc(-c2ccc(C(=O)O)cc2)o1,-4.532907
SFOAMIQSXRHIDA-UHFFFAOYSA-N,CCCCCCOC(=O)c1c(Cl)c(Cl)c(Cl)c(Cl)c1-c1c2cc(I)c(=O)c(I)c-2oc2c(I)c(O)c(I)cc12,9.489818
MFYVCHMRAJZMLR-UHFFFAOYSA-N,O=C(CSc1[nH]c2ccccc2c1SCC(=O)Nc1ccc(Cl)c(Cl)c1)Nc1ccc(Cl)c(Cl)c1,-8.991433
SIONLJQSJGOTQF-UHFFFAOYSA-N,CCCCN1C(=O)C(=O)c2cc(C(=O)OC)ccc21,-4.7295113
QMPBBNUOBOFBFS-UHFFFAOYSA-N,Cn1cnc(Cn2c(=O)[nH]/c(=N\c3cc4cn(C)nc4cc3Cl)n(Cc3cc(F)c(F)cc3F)c2=O)n1,-3.6974604
ASJKQODISKSGEL-GXDHUFHOSA-N,CS(=O)(=O)Oc1ccc(C(=O)/C=C2/C(=O)Nc3ccccc32)cc1,-3.8322055
QPAMZFBGFIOWBO-UHFFFAOYSA-N,Cc1cccc(NC(=O)CSc2c[nH]c3ccccc23)c1,-9.920081
SNJXBRHNYDZGKX-UHFFFAOYSA-N,CCn1c(C(=O)NCCCNC(=O)n2cc(F)c(=O)[nH]c2=O)cc2ccccc21,-9.052367
CYUHVRDTEYEWJT-GHRIWEEISA-N,CCS(=O)(=O)N(c1ccc(C(=O)/C=C2/C(=O)Nc3ccccc32)cc1)S(=O)(=O)CC,-8.632025
WFUZYNUZYKCZJW-UHFFFAOYSA-N,COc1cccc(-c2ccnc3nc(N4CCCCC4)[nH]c(=O)c23)c1,-1.7152883
WZECSTGWQTZCIY-SFQUDFHCSA-N,CCS(=O)(=O)N(c1ccc(C(=O)/C=C2/C(=O)Nc3ccc(Cl)cc32)cc1)S(=O)(=O)CC,-11.748792
BTOVWCZBXBSAQA-UHFFFAOYSA-N,Cn1c(C(=O)NCCCNC(=O)n2cc(F)c(=O)[nH]c2=O)cc2ccccc21,-9.836693
RTPXYUZLLYULJQ-UHFFFAOYSA-N,On1ccc2ccccc2c1=S,-4.6551538
BSPZFJDYQHDZNR-ASPXRTSYSA-N,CC(C)C[C@H](NC(=O)OCc1ccccc1)C(=O)N[C@@H](CC1CCNC1=O)C(O)S(=O)(=O)O,5.1392393
DKXUFUWTVJBLRQ-UHFFFAOYSA-N,COc1ccc2c(c1)C(=O)C(=O)N2Cc1cn(CC(=O)Nc2ccc(S(N)(=O)=O)cc2)nn1,-6.7905283
DMHYAQLYAFULCU-VXKWHMMOSA-N,C=CC[C@H](NC(=O)CCl)C(=O)N[C@@H](Cc1c[nH]c2ccccc12)C(=O)NCc1ccccc1,-4.3859787
JTSLALYXYSRPGW-UHFFFAOYSA-N,N#Cc1ccc(-c2cnc3[nH]cc(NC(=O)c4cccnc4)c3c2)cc1,-1.0180143
CIZCWSJDCWBINO-UHFFFAOYSA-N,CCCn1sc2ccccc2c1=O,-4.9427557
,[CH](:[N]c1ccc[nH]1)c1c(CNCc2ccc[nH]2)c(CNCc2ccc[nH]2)c(CNCc2ccc[nH]2)c(CNCc2ccc[nH]2)c1CNCc1ccc[nH]1,-2.8313599
NLZNSSWGRVBWIX-REVBKLEOSA-N,COC(=O)CC[C@H](NC(=O)[C@H](Cc1c[nH]c2ccccc12)NC(=O)OCc1ccccc1)C(=O)N[C@@H](Cc1cnc[nH]1)C(=O)NC(CC(=O)OC)C(=O)CF,-9.218923
WBRKFSSMEYRPGH-NSHDSACASA-N,CC[C@H](NC(C)=O)C(=O)NCC(=O)OCCCN1C(=O)C=CC1=O,-3.9735672
YIDQCMXPPQQBGK-UHFFFAOYSA-N,Cn1c(C(=O)Nc2ccc3c(c2)OCCO3)cc2c(=O)n3ccccc3nc21,-10.16126
NLVRHQFXQFSBQK-XWGVYQGASA-N,CC(C)(C)OC(=O)Nc1cccn([C@@H](CC2CC2)C(=O)N[C@@H](C[C@@H]2CCNC2=O)C(=O)C(=O)NCc2ccccc2)c1=O,9.312051
YSBHATAWWDVERR-UHFFFAOYSA-N,O=C(CSc1c[nH]c2cccc(Br)c12)N(Cc1ccccc1)Cc1ccccc1,-12.400134
LOFGZGVYCFBPQV-VIZOYTHASA-N,NC(=S)N/N=C/c1ccc(-c2ccc(S(N)(=O)=O)cc2)o1,-2.6262841
PPPSWBCFHWAKFZ-UHFFFAOYSA-N,COc1ccccc1CNC(=O)CSc1c[nH]c2cccc(Br)c12,-10.271043
IDBWWEGDLCFCTD-LHDHWOGPSA-N,Cc1cc(C(=O)N[C@@H](C)C(=O)N[C@H](C(=O)NC(CC(C)C)C(=O)N[C@H](/C=C/C(=O)OCc2ccccc2)C[C@@H]2CCNC2=O)C(C)C)no1,6.3831787
PCLQVAFVSBWSTH-IBGZPJMESA-N,N#CC[C@@H](C1CCCC1)n1cc(-c2ncnc3[nH]ccc23)c2ccc(C(F)(F)F)cc21,4.2120895
IPFCRNVQLVQVIH-UHFFFAOYSA-N,COc1ccc2c(c1)cc(C(=O)NCCCNC(=O)n1cc(F)c(=O)[nH]c1=O)n2CC(C)C,-10.818672
GKNNUFVSPINFPF-UHFFFAOYSA-N,Cc1ccc2c(Nc3ccc(F)cc3)c(C(=O)N3CCCCCC3)cnc2n1,-10.474951
SAFVOXFFNIPXBI-JMDOFIGRSA-N,Cc1oc2nc1C(=O)N[C@](C)(C(=O)NC1CCCN(c3ccc(CCN)cc3)C1)c1nc(c(C)o1)C(=O)N[C@](C)(C(=O)NC1CCN(c3ccc(CCN)cc3)CC1)c1nc(c(C)o1)C(=O)N[C@]2(C)C(=O)NC1CCN(c2ccc(CCN)cc2)CC1,-3.6361716
IDBWWEGDLCFCTD-VNEMRZQUSA-N,Cc1cc(C(=O)N[C@@H](C)C(=O)N[C@H](C(=O)N[C@@H](CC(C)C)C(=O)N[C@H](/C=C/C(=O)OCc2ccccc2)C[C@@H]2CCNC2=O)C(C)C)no1,6.3831787
HJUOXBLMOQFHCZ-UHFFFAOYSA-N,O=C(Nc1ncc([N+](=O)[O-])s1)C1CCCN1C(=O)OCc1ccccc1,-7.300674
RCWJCTXRXJZSQK-UHFFFAOYSA-N,Cc1ccn(O)c(=S)c1,-6.789282
KNZPYVJHLUGBIW-VOOSAAORSA-N,CC(C)C[C@H](NC(=O)[C@H](CC1=CNC2C=CC=CC12)NC(=O)[C@H](CCCNC(=N)N)NC(=O)[C@H]1CCC[C@@H]1NC(=O)[C@H](CCC(=O)O)NC(=O)[C@H](CC(=O)O)NC(=O)[C@H](CC(=O)O)NC(=O)[C@@H](N)CCCNC(=N)N)C(=O)N[C@H]1CCC[C@@H]1C(=O)NC(C(=O)N[C@@H](CC(=O)O)C(=O)NC1=CC=C[C@@H]1C(=O)N[C@H](C(=O)N[C@@H](Cc1ccc(O)cc1)C(=O)N[C@@H](CC(=O)O)C(=O)N[C@@H]1CCC[C@H]1C(=O)N[C@H](Cc1c[nH]c2ccccc12)C(=O)N[C@H](Cc1c[nH]cn1)C(N)=O)C(C)C)C(C)O,8.546417
HWYRKZDETMXFKE-ZGFBMJKBSA-N,CC(C)[C@@H](NC(=O)OCc1ccccc1)C(=O)N[C@H](CC1CCCCC1)C(=O)N[C@@H](C=O)C[C@H]1CCNC1=O,7.2118835
YGFVTMGDFIQLFQ-DUCMRRHSSA-N,CC(=O)C1C(=O)C=C2Oc3c(-c4csc(N/N=C/c5ccc(C)s5)n4)c(O)c(C)c(O)c3[C@@]2(C)C1=O,-0.15331587
JONKCGVALIFOJI-OCUUXUKKSA-N,C=S(=O)(CC)N1C/C(=C\c2ccc(F)cc2)C(=O)[C@]2(C1)[C@@H](c1ccc(F)cc1)CN(C)[C@@]21C(=O)Nc2ccccc21,-9.359045
RAKAPPJABUBSGD-UHFFFAOYSA-N,O=C(CC12CC3CC(CC(C3)C1)C2)C(=O)Nc1cccc(OCCCN2CCOCC2)c1,-2.866423
PXPZZZZQRNCWHX-UHFFFAOYSA-N,CC(C)Cn1c(C(=O)NCCCNC(=O)n2cc(F)c(=O)[nH]c2=O)cc2ccccc21,-10.442658
RJWLAIMXRBDUMH-ULQDDVLXSA-N,CSCC[C@@H](C=O)NC(=O)[C@H](CC(C)C)NC(=O)[C@H](CC(C)C)NC(C)=O,5.879675
TUGIXNFQXGSYAS-UHFFFAOYSA-N,O=C(Nc1ccc2c(c1)OCO2)c1nnc(C(=O)N2CCCC(C(=O)Nc3ccccc3)C2)s1,-11.283307
UKKYCNCWSWDENN-WDJPJFJCSA-N,CC(=O)N[C@H](C(=O)N[C@H](C(=O)N[C@@H](CC(C)C)C(=O)NCC(=O)OCCCN1C(=O)C=CC1=O)C(C)(C)C)C(C)C,11.188897
MHGOPQDELUOKPE-UHFFFAOYSA-N,O=C1C(=O)N(CO)c2ccccc21,1.3571392
VFMMLZZPUQDOPY-UHFFFAOYSA-N,CN1C(=O)C2(NCCc3cc(O)c(O)cc32)c2ccccc21,6.6661
JKKULFTYKUEDPL-UHFFFAOYSA-N,O=c1cc(OCCCOc2ccnc(SCc3ccc(F)cc3)n2)c2cc(F)ccc2o1,-0.7795497
VHCDTESYHOZJIB-UHFFFAOYSA-N,O=C(CSc1c[nH]c2c(Br)cccc12)N(Cc1ccccc1)Cc1ccccc1,-10.940024
RIEQBAIORONNKN-RPPGKUMJSA-N,Cc1n[nH]c2c1C(c1ccc([N+](=O)[O-])cc1)c1c(N/N=C/c3ccc(Cl)cc3)nc(N(C)C)nc1N2,-5.0581427
HCWXJOREARTCJT-JTQLQIEISA-N,CC(=O)N1CSC[C@H]1C(=O)NCC(=O)OCCN1C(=O)C=CC1=O,-6.4548073
BKCDKWJRHGJSRF-UHFFFAOYSA-N,O=c1c2ccccc2sn1CCO,-2.6073718
PROCLCZZFLLLMZ-UHFFFAOYSA-N,N#Cc1ccc(S(=O)(=O)N2CCN(C(=O)c3cc(O)c(O)c(O)c3)C(C(=O)NCc3ccc(-c4ccccc4)cc3)C2)cc1,-1.6322569
STEBBEGVSNSKGT-PMERELPUSA-N,Cc1ccc(-c2cccc(S(=O)(=O)N[C@@H](Cc3cccc(C(=N)N)c3)C(=O)N3CCC(NC(=O)NC(C)(C)C)CC3)c2)cc1C,6.299469
UVHOYEZLJFOPNB-UHFFFAOYSA-N,O=C(Oc1ccccc1C(=O)Oc1cncc(Cl)c1)c1ccccc1O,-7.525066
VDNGDPGHZKPFHH-UHFFFAOYSA-N,NC(=O)c1ccc2c(c1)C(=O)C(=O)N2Cc1cc2ccccc2s1,-5.157913
QEQGAIPVZYHYPA-UHFFFAOYSA-N,COc1ccc2c(c1OC)CCNC21C(=O)Nc2ccc(F)cc21,-8.782931
MFYVCHMRAJZMLR-UHFFFAOYSA-N,O=C(CSc1[nH]c2ccccc2c1SCC(=O)Nc1ccc(Cl)c(Cl)c1)Nc1ccc(Cl)c(Cl)c1,-8.991433
LUWFDVWYZOYALA-UHFFFAOYSA-N,CCCCCCCCCCOC(=O)c1c(Cl)c(Cl)c(Cl)c(Cl)c1-c1c2cc(I)c(=O)c(I)c-2oc2c(I)c(O)c(I)cc12,9.489818
SRXXVPDYEVSZPE-UHFFFAOYSA-N,O=C(O)c1ccc2c(c1)C(=O)C(=O)N2Cc1ccccc1,-6.7548656
YREMPYYYCXBPID-OFAXGOBFSA-N,CC(=O)N[C@H](C(=O)N[C@H](C(=O)N[C@@H](CC(C)C)C(=O)NCC(=O)OCCN1C(=O)C=CC1=O)C(C)(C)C)C(C)C,9.758483
MLTLPJROQNHOKO-UHFFFAOYSA-N,O=C(Oc1cncc(Cl)c1)c1cc(F)cc2[nH]ccc12,-11.629973
LXKXHISGOOZAGB-UHFFFAOYSA-N,O=C(Oc1cncc(Cl)c1)c1ccc2c(ccn2S(=O)(=O)c2cccc([N+](=O)[O-])c2)c1,-3.0335608
GESWKXCQFAPVOX-HXUWFJFHSA-N,Cc1ccc(N2CCN(C)CC2)cc1C(=O)N[C@H](C)c1cc(-c2cnn(C)c2)nc2ccccc12,-10.691733
KDMQSUUXKLZVNU-UHFFFAOYSA-N,O=c1c2ccccc2sn1-c1ccccc1,-3.6007788
NTNYHMJYSGPGCQ-UHFFFAOYSA-N,NC(=O)c1ccc2c(c1)C(=O)C(=O)N2Cc1ccc2ccccc2c1,-9.1193
LXCISDRRPFVQLC-AJNGGQMLSA-N,CSCC[C@H](NC(=O)[C@H](CCCCN)NC(=O)[C@H](CS)NC(C)=O)C(=O)N[C@@H](CS)C(N)=O,7.6442337
LOQOGNHVALJWKW-UHFFFAOYSA-N,CON(C)C(=O)C(=O)N(C)c1ccc(NC(=O)CC23CC4CC(CC(C4)C2)C3)cc1,-4.615366
SSFMNWVQVIILOH-YWIBTEMISA-N,CCCCCCCCCCCCCCCC(C)Cc1nnc(SCCO)n1/N=C/c1cn(Cc2ccccc2)c2ccccc12,-4.559191
VXYQVSHWFNVJAE-UHFFFAOYSA-N,O=C(O)c1cccc2c1NC(c1cccc(Br)c1)C1CC=CC21,-7.216484
VGGQLLAULCYYQI-UHFFFAOYSA-N,CCCCOc1ccc(F)c(-n2ccc(=O)n(CCCCCOc3ccc(C(=O)O)cc3)c2=O)c1,-5.9844837
AIZGXTUUNIJAEY-DTEOHWLHSA-N,C=C1CC[C@@H]2[C@](C)(COC(C)=O)[C@H](OC(C)O)CC[C@@]2(C)[C@@H]1CC(SC(=S)N1CCN(C(c2ccc(F)cc2)c2ccc(F)cc2)CC1)C1=CCOC1=O,4.488407
SIWCXZAWSGRAIS-VJOZVQJDSA-N,Cc1oc2nc1C(=O)N[C@](C)(C(=O)Nc1cccc(CCN)c1)c1nc(c(C)o1)C(=O)N[C@](C)(C(=O)Nc1cccc(CCN)c1)c1nc(c(C)o1)C(=O)N[C@]2(C)C(=O)Nc1ccc(CCN)cc1,-3.558638
SFLYWAKKJPPSFS-IGCPHGIMSA-N,Cc1n[nH]c2c1C(c1ccc([N+](=O)[O-])cc1)C1=C(N=C(N(C)C)NC1N/N=C/C1O[C@H](CO)[C@@H](O)[C@H](O)[C@H]1O)N2,4.410972
UFOFCLFPQBJBGC-UHFFFAOYSA-N,Cc1c([N+](=O)[O-])c(O)c2c(c1[N+](=O)[O-])C(=O)c1c(c(O)c([N+](=O)[O-])c(O)c1[N+](=O)[O-])C2=O,6.6150956
OSHNCJIDUNDZJF-YUQJVSQNSA-N,COc1ccc(/C=C2\CN(S(C)(=O)=O)C[C@@]3(C2=O)[C@@H](c2ccc(OC)c(OC)c2)CN(C)[C@@]32C(=O)Nc3ccccc32)cc1OC,-8.165563
KWEPWRDIBPNLCJ-UHFFFAOYSA-N,CCCCCCCCOC(=O)c1c(Cl)c(Cl)c(Cl)c(Cl)c1-c1c2cc(I)c(=O)c(I)c-2oc2c(I)c(O)c(I)cc12,9.489818
YKETVOGYIZZFGR-UHFFFAOYSA-N,CN(Cc1ccccc1)C(=O)CSc1c[nH]c2c(Br)cccc12,-11.672892
ZPYRPLKFPICBCL-XACXPKIDSA-N,CN1C[C@H](c2ccccc2)[C@]2(CN(S(C)(=O)=O)C/C(=C\c3ccccc3)C2=O)[C@]12C(=O)Nc1ccc(Cl)cc12,-9.197968
ACBZBWFKUGVGRC-UHFFFAOYSA-N,COc1ccc(-c2cnc3[nH]cc(NC(=O)c4cccnc4)c3c2)cc1OC,-0.76107967
MIUBNBDMUMQCLE-UHFFFAOYSA-N,O=C(ON1C(=O)CCC1=O)c1ccc2c(c1)C(=O)C(=O)N2Cc1ccccc1,-8.437123
ACLZBMSEUGWFIO-KBXCAEBGSA-N,CC(=O)N1CSC[C@H]1C(=O)N[C@H](C(=O)NCC(=O)OCCCN1C(=O)C=CC1=O)C(C)(C)C,-0.24256155
MIUFWBYRBXTIDZ-UHFFFAOYSA-N,NC(=O)c1ccc2c(c1)C(=O)C(=O)N2Cc1ccc2cc(-c3ccccc3)ccc2c1,-6.1701565
SWBHRTWJNUKJGX-RNFRBKRXSA-N,CC(=O)N[C@H](CS)C(=O)NCC(=O)N[C@H](CS)C(N)=O,1.8566177
WENKGGFRFGCULS-DUNSEXALSA-N,CN1C[C@H](c2ccc(F)cc2)[C@]2(CN(S(C)(=O)=O)C/C(=C\c3ccc(F)cc3)C2=O)[C@]12C(=O)Nc1ccccc12,-8.67914
JBLLRCOZJMVOAE-HSQYWUDLSA-N,COc1cccc2[nH]c(C(=O)N[C@@H](CC(C)C)C(=O)N[C@@H](C[C@@H]3CCNC3=O)C(=O)c3nc4ccccc4s3)cc12,4.687107
QWTUCZRORXAMPV-UHFFFAOYSA-N,O=C1C(=O)N(CN2CCOCC2)c2ccc(Cl)cc21,-6.6929946
LYWZYDYFZJVNFA-KEBDBYFISA-N,C(=N/n1cnnc1)\c1c(-c2ccccc2)[nH]c2ccccc12,-9.200189
FSFLGRDOGLYDFS-UHFFFAOYSA-N,CCOc1ccccc1CN(OC)C(=O)CSc1c[nH]c2cccc(Br)c12,-11.254819
OYTNHSXZOSSYJN-CNHKJKLMSA-N,Cc1cc(-c2ccc(/C=N/NC(=O)Cn3nnnc3N)o2)c([N+](=O)[O-])cc1C,-9.044095
QVDSJCUXMOLKLI-UHFFFAOYSA-N,CC(=O)c1cccc(NC(=O)c2cc3c(=O)n4ccccc4nc3n2C)c1,-9.604797
TUCOTTOSWOLVMJ-UHFFFAOYSA-N,CN(Cc1ccccc1)C(=O)CSc1c[nH]c2ccccc12,-12.085634
PAVJYVVZIJTAHT-UHFFFAOYSA-N,O=C(Oc1cncc(Cl)c1)c1cccs1,-5.932475
WZBUVKGUABINJT-ZVHZXABRSA-N,Cc1c(NC(=S)N/N=C/c2ccc(-c3ccc([N+](=O)[O-])cc3)o2)c(=O)n(-c2ccccc2)n1C,-7.768075
MRHWGBKPTZUNLO-UHFFFAOYSA-N,O=C1C(=O)N(Cc2ccc(Br)cc2)c2ccc([N+](=O)[O-])cc21,-10.49359
VJJXLMKFVBUDIS-UHFFFAOYSA-N,CN1C(=O)C2(NCCc3cc4c(cc32)OCCO4)c2cc(Cl)ccc21,-8.163175
MMVYUHFDLZLNDJ-UHFFFAOYSA-N,Cc1ccc(N2CCN(C)CC2)cc1C(=O)NC1(c2cc(-c3cnn(C)c3)nc3ccccc23)CC1,-10.895375
QLDDTGDDLGYCQR-UHFFFAOYSA-N,O=C1C(=O)N(CN2CCOCC2)c2ccc([N+](=O)[O-])cc21,-8.076949
DKYBERVCUALHHG-UHFFFAOYSA-N,CCCCN1C(=O)C(=O)c2cc(I)ccc21,-8.8166485
TYLOEMFGLQBHPE-UHFFFAOYSA-N,O=C(Oc1cncc(Cl)c1)c1ccc2[nH]ccc2c1,-9.162569
ASJKQODISKSGEL-GXDHUFHOSA-N,CS(=O)(=O)Oc1ccc(C(=O)/C=C2/C(=O)Nc3ccccc32)cc1,-3.8322055
WGPNFWSNPCMOIT-UHFFFAOYSA-N,O=C(CSc1c[nH]c2c(Br)cccc12)NCc1ccc(Cl)c(Cl)c1,-11.677339
GBVXANLRSHPVHG-DUCMRRHSSA-N,CC(=O)C1C(=O)C=C2Oc3c(-c4csc(N/N=C/c5sccc5C)n4)c(O)c(C)c(O)c3[C@@]2(C)C1=O,3.2989972
YAWYDOMPQPEPAS-BIKNGKINSA-N,COC(=O)C[C@H](NC(=O)CNC(=O)[C@H](CCCCNC(=O)OC1C/C(=C\c2ccc([N+](=O)[O-])cc2)C(=O)/C(=C/c2ccc([N+](=O)[O-])cc2)C1)NC(=O)OC(C)(C)C)C(=O)OC,4.0535946
BOSZJNSICHFHMA-UHFFFAOYSA-N,O=C(Oc1cncc(Cl)c1)c1cccc2[nH]ccc12,-8.030755
SZGFEDHUUMPKOQ-UHFFFAOYSA-N,O=C(CSc1c[nH]c2ccccc12)N(Cc1ccccc1)Cc1ccccc1,-11.356549
JGJJCXBQYAWUFV-CJNGLKHVSA-N,[C-]#[N+]c1ccc(CNC(=O)[C@@H]2CCC[C@H](Nc3nc(C)nc(NC)n3)C2)c(C(F)(F)F)c1,-5.4052467
CCZRTVFIPPLCSL-GIJQJNRQSA-N,NC(=S)N/N=C/c1ccc(-c2ccc3cccnc3c2)o1,-1.5595907
MAYSJMBSILUGEG-UHFFFAOYSA-N,O=C1C(=O)N(Cc2cc3ccccc3s2)c2ccc(I)cc21,-5.10166
NTNYHMJYSGPGCQ-UHFFFAOYSA-N,NC(=O)c1ccc2c(c1)C(=O)C(=O)N2Cc1ccc2ccccc2c1,-9.1193
RMKXHDRTRISBCB-YCMTUVLUSA-N,CN1C[C@H](c2ccc(Cl)cc2)[C@]2(CN(S(C)(=O)=O)C/C(=C\c3ccc(Cl)cc3)C2=O)[C@]12C(=O)Nc1ccc(Cl)cc12,-10.687587
IXQNRDZUWHUHOL-UHFFFAOYSA-N,Cc1cccc(C(=O)Oc2cncc(Cl)c2)c1O,-7.67023
OEVKRDQVDJTPII-UHFFFAOYSA-N,Cc1cc(O)c2c(c1)C(=O)c1c(NCCCN)c(O)cc(O)c1C2=O,11.780385
RPMOZTXHJDAKOV-UHFFFAOYSA-N,O=c1sc2ccccc2n1Cc1ccccc1,-3.4986541
MUNFBYOTGGMQOS-XMMPIXPASA-N,CC(C)(C)c1ccc(N(C(=O)c2c[nH]cn2)[C@@H](C(=O)NC2CCCCC2)c2cccnc2)cc1,-5.893306
ZOLFTGHFMWRRCQ-NPPFBWRTSA-N,CC(=O)N1CSC[C@H]1C(=O)N[C@H](C(=O)N[C@@H](CC(C)C)C(=O)NCC(=O)OCCN1C(=O)C=CC1=O)C(C)(C)C,9.410853
PCLQVAFVSBWSTH-LJQANCHMSA-N,N#CC[C@H](C1CCCC1)n1cc(-c2ncnc3[nH]ccc23)c2ccc(C(F)(F)F)cc21,4.2120895
QDIMHKWNHMVDJB-WBAXXEDZSA-N,COc1cccc2[nH]c(C(=O)N[C@@H](CC(C)C)C(=O)N[C@@H](C[C@@H]3CCNC3=O)C(=O)CO)cc12,5.8225408
ZRUIMDMDIRQCKV-UHFFFAOYSA-N,O=C1C(=O)N(CN2CCOCC2)c2ccccc21,-7.4818277
KWLOKUMNWAEMHY-UHFFFAOYSA-N,CCCNC(=O)n1sc2ccccc2c1=O,-9.565069
GUBDCSAAGRTMKG-CUWPLCDZSA-N,O=C[C@H](C[C@@H]1CCNC1=O)NC(=O)[C@H](Cc1ccc(F)cc1)NC(=O)c1cc2ccccc2[nH]1,8.312761
QTGORSKTHIBLJT-FIVJMQNTSA-N,O=C(/C=C/c1ccccc1)N[C@@H](CC1CCCCC1)C(=O)N[C@@H](C[C@@H]1CCNC1=O)C(=O)C(=O)NCc1ccccc1,4.4645147
OKWWSWGQMRMFKG-UHFFFAOYSA-N,O=C(Nc1ccc2cc(S(=O)(=O)O)cc(O)c2c1)c1ccc(-c2ccc(C(=O)Nc3ccc4cc(S(=O)(=O)O)cc(O)c4c3)cc2)cc1,-10.004413
OEDYFNFRLNGOCR-ZQHMDUQPSA-N,C=C1CC[C@@H]2[C@](C)(COC(C)=O)[C@H](OC(C)O)CC[C@@]2(C)[C@@H]1CC(SC(=S)N1CCc2ccccc2[C@@H]1c1ccccc1)C1=CCOC1=O,7.8367205
BUOSOLLSZIGEML-NRFANRHFSA-N,CC(C)(C)OC(=O)N[C@H]1CCN(c2ccc3cccc(OCC(=O)NCc4ccccc4)c3n2)C1,-5.1811695
PEXDVTLKRDUWFO-UHFFFAOYSA-N,COc1cc2c(cc1F)C1(NCC2)C(=O)Nc2ccc(C)cc21,-10.278708
WZECSTGWQTZCIY-SFQUDFHCSA-N,CCS(=O)(=O)N(c1ccc(C(=O)/C=C2/C(=O)Nc3ccc(Cl)cc32)cc1)S(=O)(=O)CC,-11.748792
KVFCOBZWUCKJFB-UHFFFAOYSA-N,Cc1cccc(O)c1C(=O)Oc1cccc(C)c1C(=O)Oc1cncc(Cl)c1,-7.5039716
AKYONPXEPTZZJI-SAMNPIAGSA-N,Cc1oc2nc1C(=O)N[C@](C)(C(=O)Nc1cc(N(C)C)ccc1CCN)c1nc(c(C)o1)C(=O)N[C@](C)(C(=O)Nc1cc(N(C)C)ccc1CCN)c1nc(c(C)o1)C(=O)N[C@]2(C)C(=O)Nc1cc(N(C)C)ccc1CCN,-6.5302424
QTGORSKTHIBLJT-FIVJMQNTSA-N,O=C(/C=C/c1ccccc1)N[C@@H](CC1CCCCC1)C(=O)N[C@@H](C[C@@H]1CCNC1=O)C(=O)C(=O)NCc1ccccc1,4.4645147
MITOFRSPGLYHSJ-QFIPXVFZSA-N,CC(C)(C)OC(=O)N[C@@H](Cc1c[nH]c2ccccc12)C(=O)NNC(=O)OCC(=O)N1CCCc2ccccc21,-8.977166
UXFKDJVWSMIPCJ-IWCSCBEPSA-N,C[C@@H]1[C@@H](O)[C@H](C)OC(OC[C@H]2CC(OCCc3ccccc3)[C@H](O)C[C@@H]2O)[C@@H]1O,11.250406
UVERBUNNCOKGNZ-CQSZACIVSA-N,Cc1ccc(N)cc1C(=O)N[C@H](C)c1cccc2ccccc12,5.215774
YYFGOPINFSHNHL-UHFFFAOYSA-N,O=C(CCN1CCOCC1)Nc1ccc2c(c1)/C(=N\Nc1ccc(C(F)(F)F)cc1)C(=O)N2,-5.3332567
JROSKNTUYSPHGX-UHFFFAOYSA-N,O=C(Oc1cncc(Cl)c1)c1cccc2c1CCN2,-7.213938
JUOZFQFRLAKATR-UHFFFAOYSA-N,Cc1ccc(C(=O)Nc2ncc([N+](=O)[O-])s2)cc1,-9.77518
RUHYGYHBVKWREW-GXRSIYKFSA-N,CC(C)C[C@@H](NC(=O)[C@H](NC(=O)OCc1ccccc1)C(C)C)C(=O)N[C@@H](C=O)C[C@H]1CCNC1=O,8.564275
PWKMNWCHICTDMH-UHFFFAOYSA-N,Cc1cccc(NC(=O)CSc2c(C)[nH]c3ccccc23)c1,-7.3751907
YLSPWNBSWVYQDL-UHFFFAOYSA-N,CCc1ccc(NC(=O)c2cc3c(=O)n4ccccc4nc3n2C)cc1,-9.280568
VJTLXWPIIWQBLS-VLNAADLNSA-N,CC(=O)C1C(=O)C=C2Oc3c(-c4csc(N/N=C/c5cccs5)n4)c(O)c(C)c(O)c3[C@@]2(C)C1=O,-1.8420914
ICEPTMMUVMVNPK-UHFFFAOYSA-N,CN1C(=O)C2(NCCc3cc(O)c(O)cc32)c2cc(Cl)ccc21,-7.42097
QPTRCMKGPYHAKR-UHFFFAOYSA-N,COc1ccccc1CNC(=O)CSc1c[nH]c2c(Br)cccc12,-10.795102
TXCHUBHNNMCEIA-UHFFFAOYSA-N,COc1ccccc1CNC(=O)CSc1c[nH]c2ccccc12,-10.343263
GBFDUEHBZPUKMB-VIZOYTHASA-N,NC(=S)N/N=C/c1ccc(-c2ccc(C(=O)O)cc2)o1,-4.532907
ODVWLYKAIGIEPE-UHFFFAOYSA-N,Nc1ccc(S(=O)(=O)N2CCN(C(=O)c3cc(O)c(O)c(O)c3)C(C(=O)NCc3ccc(-c4ccccc4)cc3)C2)cc1,-1.8796426
IOZYRYXEKZKPMB-LBPRGKRZSA-N,COc1ccc2cc([C@H](C)C(=O)Oc3cncc(Cl)c3)ccc2c1,-8.081491
UAJSREFZKIGKNA-BYCLXTJYSA-N,COc1nnc(-n2nnc(C3=NN(c4nc(C)c(/N=N/c5ccc(Cl)cc5)s4)C(c4cccs4)C3)c2C)s1,-11.404115
MMEXJKOSHXYXRF-UHFFFAOYSA-N,CCCCCCCCCCCC[N+](C)(C)CCOc1ccc(Br)cc1,2.5115104
QXWSJHHADNHGQN-UHFFFAOYSA-N,COc1ccccc1CNC(=O)CSc1cn(C)c2ccccc12,-11.713144
VIBQBRDTHPVEOK-UHFFFAOYSA-N,COC(=O)c1ccc2c(c1)C(=O)C(=O)N2CN1CCOCC1,-7.6188374
ZRTLOGMPZXDOQV-AUOPALFESA-N,COc1ccc2c(c1)c(CC(=O)NCCCCCCC(=O)N[C@H](C(=O)C1N[C@H](C(=O)N[C@@H](C)c3ccc(-c4scnc4C)cc3)C[C@H]1O)C(C)(C)C)c(C)n2C(=O)c1ccc(Cl)cc1,2.8044355
CYUHVRDTEYEWJT-GHRIWEEISA-N,CCS(=O)(=O)N(c1ccc(C(=O)/C=C2/C(=O)Nc3ccccc32)cc1)S(=O)(=O)CC,-8.632025
GTSXALRQJSTGQE-UHFFFAOYSA-N,NS(=O)(=O)c1ccc(NC(=O)Cn2cc(CN3C(=O)C(=O)c4cc(F)ccc43)nn2)cc1,-6.5070305
YGFVTMGDFIQLFQ-DUCMRRHSSA-N,CC(=O)C1C(=O)C=C2Oc3c(-c4csc(N/N=C/c5ccc(C)s5)n4)c(O)c(C)c(O)c3[C@@]2(C)C1=O,-0.15331587
RGWVVEFOFSTTPY-UHFFFAOYSA-N,Cc1cc(C)c2c(N3CCCC3)nc(C(=O)N3CCCCC3)nc2n1,-9.10632
QZWIYWHQEBDPOP-UHFFFAOYSA-N,CC(=O)Oc1ccccc1C(=O)Oc1cncc(Cl)c1,-5.259041
CFVPWMXIGWWNAV-UHFFFAOYSA-N,O=C(NCCNC(=S)Nc1ccc(O)c(O)c1)c1cc(=O)c2c(O)cccc2o1,-0.25968245
ZIFJJRRCTKAIGB-UHFFFAOYSA-N,COC(=O)c1ccc(-n2sc3ccccc3c2=O)cc1,-5.530371
NAVWIZRFTCZHCX-UHFFFAOYSA-N,O=C(Nc1ccc(-c2ccc(C(=O)Nc3cccc4cc(S(=O)(=O)O)ccc34)cc2)cc1)c1ccc([N+](=O)[O-])cc1,-10.456716
GKDZSGOSTQSGNT-UHFFFAOYSA-N,CC(C)Cn1c(C(=O)NCCCNC(=O)n2cc(F)c(=O)[nH]c2=O)cc2cc(C(F)(F)F)ccc21,-10.247529
HQEBUSGSQUTCGV-UHFFFAOYSA-N,Cc1ccc(O)c(C(=O)Oc2ccc(C)cc2C(=O)Oc2cncc(Cl)c2)c1,-4.7239633
NHWITSYUVIJHRS-WTAJHKDLSA-N,C=C1CC[C@@H]2[C@](C)(COC(C)=O)[C@H](OC(C)O)CC[C@@]2(C)[C@@H]1CC(SC(=S)N1CCN(C(c2ccccc2)c2ccc(Cl)cc2)CC1)C1=CCOC1=O,2.0389538
CDQXORKPLJMKQR-UHFFFAOYSA-N,O=C(O)c1ccc2c(c1)C(=O)C(=O)N2Cc1ccc2ccccc2c1,-8.155742
JDIOSABJTWFKAX-UHFFFAOYSA-N,CC(=O)Nc1cc(C(=O)Oc2cncc(Cl)c2)ccc1F,-2.8876808
XHQLXTMPSYSNTB-OMCISZLKSA-N,NC(=S)N/N=C/c1ccc(-c2ccc(Cl)c(C(=O)O)c2)o1,-5.225975
CGONTYBKIBJCCD-HKBQPEDESA-N,COc1ccc(-c2cccc(S(=O)(=O)N[C@@H](Cc3cccc(C(=N)N)c3)C(=O)N3CCN(C(=O)NC4CCCCC4)CC3)c2)c(OC)c1,5.3191986
XDXWLKQMMKQXPV-QYQHSDTDSA-N,CC1=NN(c2ccc(C)c(C)c2)C(=O)/C1=N\Nc1cccc(-c2cccc(C(=O)O)c2)c1O,-2.338022
NELOAMWPFFAQDU-UHFFFAOYSA-N,COc1ccc2c(c1)C(=O)C(=O)N2Cc1cn(CC(=O)Nc2ccc(C(C)=O)cc2)nn1,-8.304943
LEXZVKICWCCEAC-UHFFFAOYSA-N,CCCCSc1cc2c(cc1NC(=O)C1CC(=O)N(c3ccccc3)C1)n(C)c(=O)n2C,-9.255252
BSPZFJDYQHDZNR-GXIXOUGGSA-N,CC(C)C[C@@H](NC(=O)OCc1ccccc1)C(=O)N[C@H](C[C@H]1CCNC1=O)C(O)S(=O)(=O)O,5.1392393
VJTLXWPIIWQBLS-VLNAADLNSA-N,CC(=O)C1C(=O)C=C2Oc3c(-c4csc(N/N=C/c5cccs5)n4)c(O)c(C)c(O)c3[C@@]2(C)C1=O,-1.8420914
YGHCNXCGOVTXGN-UHFFFAOYSA-N,O=C(CSc1c[nH]c2ccccc12)NCc1ccc(Cl)c(Cl)c1,-12.026831
RWNPWYHREODZKW-SRPIJEGYSA-N,CC(=O)N[C@@H](CCc1ccc(O)cc1)C(=O)N[C@@H](CN)C(=O)NCC(=O)NC/C=C/C(=O)O,1.6876811
AGFNHUWABBPXMZ-SFYKDHMMSA-N,CC(=O)N1CSC[C@H]1C(=O)N[C@H](C(=O)N[C@@H](CC(C)C)C(=O)NCC(=O)OCCCN1C(=O)C=CC1=O)C(C)(C)C,9.90317
VMZVIDMBNWRCBB-HNNXBMFYSA-N,CC(=O)N[C@H](C(=O)NCC(=O)OCCCN1C(=O)C=CC1=O)C(C)C,-2.6560185
MXZWWIYCAKLVCA-UHFFFAOYSA-N,CCCCOC(=O)c1c(Cl)c(Cl)c(Cl)c(Cl)c1-c1c2cc(I)c(=O)c(I)c-2oc2c(I)c(O)c(I)cc12,8.682153
FATPQUBCNOFHJO-UHFFFAOYSA-N,Cc1cccc(O)c1C(=O)Oc1cncc(Cl)c1,-6.9853535
KJJOZDJMVAQFFW-WOQJSSNBSA-N,CCCCCCCCCCCCCCCC(C)Cc1nnc(SCC(O)CO)n1/N=C/c1cn(Cc2ccccc2)c2ccccc12,-4.37701
KZAVRKCUYNPFSL-UHFFFAOYSA-N,C=CCc1cn(CC=C)c2cccc(C(=O)Oc3cncc(Cl)c3)c12,-4.3886247
MMVYUHFDLZLNDJ-UHFFFAOYSA-N,Cc1ccc(N2CCN(C)CC2)cc1C(=O)NC1(c2cc(-c3cnn(C)c3)nc3ccccc23)CC1,-10.895375
XPATXODQXQXQDM-UHFFFAOYSA-N,COc1cc2c(cc1F)C1(NCC2)C(=O)Nc2ccc(Cl)cc21,-10.331784
NQSNTEYVKFJYTJ-VPGIWFEVSA-N,CC[C@H](C)[C@@H](NC(=O)CCc1ccccc1)C(=O)N[C@H](CCC(=O)OC)C(=O)N[C@@H](C(=O)N[C@H](CC(=O)OC)C(=O)CF)[C@@H](C)O,7.252637
PRLIOOFJTHOJPZ-UHFFFAOYSA-N,Nc1ccccc1-n1sc2ccccc2c1=O,-2.7351801
GMABJXHOHFHSLT-AJNGGQMLSA-N,CSCC[C@H](NC(=O)[C@H](CS)NC(C)=O)C(=O)N[C@@H](CCCCN)C(=O)N[C@@H](CS)C(N)=O,7.6442337
FZYRAOYAYPHAMW-UHFFFAOYSA-N,CCCN1C(=O)C(=O)c2cc(C(=O)OC)ccc21,-9.69914
YXNBSYADRMCVPG-VIZOYTHASA-N,NC(=S)N/N=C/c1ccc(-c2ccc(C(=O)O)cc2)s1,-8.159225
ZVWAWSPWVCDCIL-OMCISZLKSA-N,NC(=S)N/N=C/c1ccc(-c2cc(C(=O)O)ccc2Cl)o1,-4.823626
WEGOLTFKIFSOIH-YCMTUVLUSA-N,CN1C[C@H](c2ccc(F)cc2)[C@]2(CN(S(C)(=O)=O)C/C(=C\c3ccc(F)cc3)C2=O)[C@]12C(=O)Nc1ccc(Cl)cc12,-9.911664
JGAMTTJARHTBAO-UHFFFAOYSA-N,Clc1cccc(-n2cc(-c3ccccc3)c3c2ncn2cnnc32)c1,-2.629718
CPXPGFUBQYOVQL-UHFFFAOYSA-N,O=c1c2ccccc2sn1CCCc1ccccc1,-5.4987745
FCALQYOEHVUZLN-OMCISZLKSA-N,NC(=S)N/N=C/c1ccc(-c2cccc(C(=O)O)c2Cl)o1,-5.514654
QWZUXAFHGWAEOX-UHFFFAOYSA-N,Cc1ccc(C(=O)Oc2cncc(Cl)c2)c(O)c1,-7.694869
FDVVVCKJTOJTHY-UHFFFAOYSA-N,Cn1cc(SCC(=O)NCc2ccc(Cl)c(Cl)c2)c2ccccc21,-12.451886
FIPAAZKBGLEFFX-RIYZIHGNSA-N,NC(=S)N/N=C/c1ccc(-c2ccccc2)o1,-0.92045975
DTOJUCFWOYMHAY-UHFFFAOYSA-N,Cc1ccc(O)c(C(=O)Oc2cncc(Cl)c2)c1,-7.53076
CFHTXXKOTGPMQU-UHFFFAOYSA-N,CCOc1cccc(NC(=O)CSc2cn(C(=O)OC(C)(C)C)c3ccccc23)c1,-11.419407
BRFDPJYHCJVJEP-ZJOUEHCJSA-N,O=C[C@H](C[C@@H]1CCNC1=O)NC(=O)[C@H](Cc1ccccc1)NC(=O)c1cc2ccccc2[nH]1,7.1553316
YCEZTGFHPHYSGF-UHFFFAOYSA-N,CC(C)Cc1ccc(C(C)C(=O)Oc2cncc(Cl)c2)cc1,-5.320391
LFMRWHCIESXQIW-UHFFFAOYSA-N,COc1cccc2[nH]c(C(=O)Oc3cncc(Cl)c3)cc12,-8.688653
SXCZFXIYKMIMMF-UHFFFAOYSA-N,NO[S+]([O-])c1ccc(NC(=O)Cn2cc(CN3C(=O)C(=O)c4cc(F)ccc43)nn2)cc1,-6.3691225
NELOAMWPFFAQDU-UHFFFAOYSA-N,COc1ccc2c(c1)C(=O)C(=O)N2Cc1cn(CC(=O)Nc2ccc(C(C)=O)cc2)nn1,-8.304943
KVWAOMXRMPOOQG-LBOJAEDFSA-N,CCS(=O)(=O)N1C/C(=C\c2ccc(Cl)cc2)C(=O)[C@]2(C1)[C@@H](c1ccc(Cl)cc1)CN(C)[C@@]21C(=O)Nc2ccccc21,-10.425122
HENVEYFKOOGIOO-UHFFFAOYSA-N,COC(=O)c1ccc2c(c1)C(=O)C(=O)N2C,-5.2797165
AFZSMODLJJCVPP-UHFFFAOYSA-N,c1ccc2sc(SSc3nc4ccccc4s3)nc2c1,-3.222184
GWZBIBSVFWEANJ-UHFFFAOYSA-N,COc1cc2c(cc1F)C1(NCC2)C(=O)Nc2ccc(F)cc21,-11.284846
IOZYRYXEKZKPMB-GFCCVEGCSA-N,COc1ccc2cc([C@@H](C)C(=O)Oc3cncc(Cl)c3)ccc2c1,-8.081491
YHWUKRCQVMSDIV-UHFFFAOYSA-N,Cc1ccc2c(c1)cc(C(=O)NCCCNC(=O)n1cc(F)c(=O)[nH]c1=O)n2CC(C)C,-10.127184
UTASNHDUPWMLJY-FIZWSPBBSA-N,COc1ccc2c(c1)c(CC(=O)NCCN1CCN(C(=O)CCC(=O)N[C@H](C(=O)C3N[C@H](C(=O)N[C@@H](C)c4ccc(-c5scnc5C)cc4)C[C@H]3O)C(C)(C)C)CC1)c(C)n2C(=O)c1ccc(Cl)cc1,5.0269322
MVPQJUFFTWWKBT-HVLXEHQLSA-N,COC(=O)C[C@H](NC(=O)[C@H](C)NC(=O)[C@H](NC(=O)[C@H](Cc1ccc(O)cc1)NC(=O)OCc1ccccc1)C(C)C)C(=O)CF,-1.1730424
MCDFUBPTGYOGCC-UIDYPRJRSA-N,CC(C)=CCC[C@]1(C)C=Cc2c(cc(O)c3c2OC(c2ccc(O)cc2O)CC3=O)O1,11.14211
FBRLIBPBDRBKDM-HJOGWXRNSA-N,Cc1oc2nc1C(=O)N[C@](C)(C(=O)O)c1nc(c(C)o1)C(=O)N[C@](C)(C(=O)O)c1nc(c(C)o1)C(=O)N[C@]2(C)C(=O)O,6.419856
KRXMYBAZKJBJAB-UHFFFAOYSA-N,Cc1ccc(-n2sc3ccccc3c2=O)cc1,-7.276794
PLVWMBFPIAQRHK-VXKWHMMOSA-N,CCC[C@H](NC(=O)[C@H](CC(C)C)NC(=O)OCc1ccccc1)C(=O)C(=O)NCc1ccccn1,4.739429
AAGWZGZFZQICGA-UHFFFAOYSA-N,CN(Cc1ccccc1)C(=O)CSc1c[nH]c2cccc(Br)c12,-12.296683
XAGVUVLRKSMPAA-UHFFFAOYSA-N,CNC(=O)Cn1c(=O)[nH]/c(=N\c2cc3cn(C)nc3cc2Cl)n(Cc2cc(F)c(F)c(F)c2)c1=O,-5.052387
UNCPYHNWMSLFFV-UHFFFAOYSA-N,Cc1cccc(C(=O)Oc2c(C)cccc2C(=O)Oc2cncc(Cl)c2)c1O,-9.129147
DPILAZGUIAXGTN-UHFFFAOYSA-N,Cc1ncc(OC(=O)c2cccc3[nH]ccc23)cc1Cl,-10.736245
KIQWPBPPGBRNDL-UHFFFAOYSA-N,O=C(CSc1c[nH]c2ccccc12)NCc1ccc(C(F)(F)F)cc1,-8.87676
HWKXYLQVRLBWNG-UHFFFAOYSA-N,CC(C)c1cnc2c(c1SCC(=O)Nc1ccc(F)cc1)c(=O)n(C)c(=O)n2C,-5.725943
NQJZLJKMYCNDIP-UHFFFAOYSA-N,COc1cccn(O)c1=S,5.3200445
XUNUNZAURVDKGP-SRVKXCTJSA-N,CC(=O)N[C@@H](CS)C(=O)N[C@@H](Cc1ccc(O)c(O)c1)C(=O)N[C@@H](CS)C(N)=O,3.7288935
ZUGRGKZJSHHZGX-UHFFFAOYSA-N,Cc1cc(C(=O)Oc2cncc(Cl)c2)c2cc[nH]c2c1,-8.2948065
KNFRKDYZRDJKCQ-UHFFFAOYSA-N,NS(=O)(=O)c1ccc(NC(=O)Cn2cc(CN3C(=O)C(=O)c4cc(OC(F)(F)F)ccc43)nn2)cc1,-8.537984
QXBHVMNLTVALLC-VGOFMYFVSA-N,NC(=S)N/N=C/c1ccc(-c2cccc([N+](=O)[O-])c2)o1,-0.5715171
HCURYSQJGREHOP-FRKPEAEDSA-N,N#Cc1cc(-c2ccc(/C=N/NC(N)=S)o2)ccc1O,-2.3526347
UVERBUNNCOKGNZ-CQSZACIVSA-N,Cc1ccc(N)cc1C(=O)N[C@H](C)c1cccc2ccccc12,5.215774
BBASZYFNPJOYPZ-UHFFFAOYSA-N,O=C(O)c1ccc(CSc2nc3cc(F)c(Oc4ccc(F)cc4)cc3[nH]2)cc1,-4.23942
QSOTWVWXSUXKJA-UHFFFAOYSA-N,CC1CCN(c2nc3ncn(-c4ccccc4)c(=S)c3c(=O)[nH]2)CC1,-8.808459
QRNCNQQDHHYXNY-UHFFFAOYSA-N,O=C1C(=O)N(CN2CCCCC2)c2ccc(F)cc21,-11.42647
DARJDUBKCHQNJM-UHFFFAOYSA-N,O=C(CSc1c[nH]c2ccccc12)NCc1ccccc1,-9.859237
VJTLXWPIIWQBLS-JAHRDONMSA-N,CC(=O)C1C(=O)C=C2Oc3c(-c4csc(N/N=C/c5cccs5)n4)c(O)c(C)c(O)c3[C@]2(C)C1=O,-1.8420914
SKGYHEXXWSDNGH-UHFFFAOYSA-N,NC(=O)c1ccc2c(c1)C(=O)C(=O)N2Cc1ccc2cc(Br)ccc2c1,-6.3964996
PGZIGPUVOXAGCU-AWEZNQCLSA-N,CC(=O)N[C@H](C(=O)NCC(=O)OCCN1C(=O)C=CC1=O)C(C)C,-3.382252
BMBWLTUWOBISKR-UHFFFAOYSA-N,Cn1cc(SCC(=O)N(Cc2ccccc2)Cc2ccccc2)c2ccccc21,-12.196587
FHXKQEFQCDBMSD-UHFFFAOYSA-N,CCCN1C(=O)C(=O)c2cc(I)ccc21,-9.576786
XZZLYYYXSWYYKL-UHFFFAOYSA-N,O=c1c2ccccc2sn1-c1ccc(Cl)cc1,-4.700985
JFBYMSCGFLFIGP-UHFFFAOYSA-N,CC(=O)c1ccc(NC(=O)Cn2cc(CN3C(=O)C(=O)c4ccccc43)nn2)cc1,-6.77217
FNWCKZGIMVPZTN-UHFFFAOYSA-N,COc1ccccc1CNC(=O)CSc1c[nH]c2ccc(Br)cc12,-10.539836
LMXNYHYWURXSCP-UHFFFAOYSA-N,C=CCOc1cccc(C2c3c(oc4ccc(Cl)cc4c3=O)C(=O)N2CCCN(C)C)c1,-11.820133
ATJLFWUPTQUWHM-UHFFFAOYSA-N,CN(C)CCOc1ccc(CNC(=O)CSc2cn(C)c3ccccc23)cc1,-10.248234
BJJVJYHBCURDRW-UHFFFAOYSA-N,COc1ccccc1CNC(=O)CSc1c[nH]c2c(-c3ccccc3)cccc12,-6.819633
CQOAHWAPCQGQNC-UHFFFAOYSA-N,NO[S+]([O-])c1ccc(NC(=O)Cn2cc(CN3C(=O)C(=O)c4ccccc43)nn2)cc1,3.2164505
GKMSGRSEYWWBNI-FRKPEAEDSA-N,Cc1cc(C(=O)O)ccc1-c1ccc(/C=N/NC(N)=S)o1,-2.930743
DMSMPAJRVJJAGA-UHFFFAOYSA-N,O=c1[nH]sc2ccccc12,-8.526936
GMAGOQZMNBRPOU-OMCISZLKSA-N,NC(=S)N/N=C/c1ccc(-c2ccc(C(=O)O)c(Cl)c2)o1,-5.58301
KXTFBCOEROZFIG-UHFFFAOYSA-N,O=C1Nc2c(Br)cc(Br)cc2C12NCCc1cc3c(cc12)OCCO3,1.5811679
KNNCWKZPHLIGAD-ONKIVUJISA-N,OC[C@@H]1[C@@H](O)[C@H](O)[C@@H](O)CN1CCCCCC12CC(C1)C2,12.786023
VTVGMRYZHCRALW-UHFFFAOYSA-N,Cc1c(Br)c(O)c2c(c1Br)C(=O)c1c(Br)c(O)c(Br)c(O)c1C2=O,10.507257
GBFDUEHBZPUKMB-VIZOYTHASA-N,NC(=S)N/N=C/c1ccc(-c2ccc(C(=O)O)cc2)o1,-4.532907
GBVXANLRSHPVHG-DUCMRRHSSA-N,CC(=O)C1C(=O)C=C2Oc3c(-c4csc(N/N=C/c5sccc5C)n4)c(O)c(C)c(O)c3[C@@]2(C)C1=O,3.2989972
YFGDWYKLGMSVNE-UHFFFAOYSA-N,Cc1cccn(O)c1=S,-4.37621
HRVIHQDVDQVYBE-UHFFFAOYSA-N,CCCCN1C(=O)C(=O)c2cc(C(N)=O)ccc21,-7.332888
FFIQMOBVMCFVRF-GCJJNJNJSA-N,CC(=O)C1C(=O)C=C2Oc3c(-c4csc(N/N=C/c5ccc(Br)s5)n4)c(O)c(C)c(O)c3[C@@]2(C)C1=O,-1.253338
AUEGQRDPEGTAPP-UHFFFAOYSA-N,COC(=O)c1ccc2c(c1)C(=O)C(=O)N2Cc1ccccc1,-7.5609193
BBXQTXDIZFVHDT-OQLLNIDSSA-N,NC(=S)N/N=C/c1ccc(Cc2ccccc2)o1,-1.6249524
CYTKDCKVKALFMR-UHFFFAOYSA-N,Oc1cc(C2=NN=C(C(O)(Cc3nnc(-c4cc(O)c(O)c(O)c4)o3)Cc3nnc(-c4cc(O)c(O)c(O)c4)o3)C2)cc(O)c1O,3.6307578
VYIXDWVMGJFRGR-GIDUJCDVSA-N,NC(=S)N/N=C/c1ccc(-c2ccc(C(=O)O)c(O)c2)o1,-0.67262006
CIGSWGZBJDFAFR-INIZCTEOSA-N,O=C(N[C@@H](Cc1ccccc1)C(=O)Nc1ncc([N+](=O)[O-])s1)OCc1ccccc1,-10.785565
XSTDJVKYGOVXQQ-KBXCAEBGSA-N,CC[C@H](NC(C)=O)C(=O)N[C@H](C(=O)NCC(=O)OCCCN1C(=O)C=CC1=O)C(C)(C)C,3.0424635
AZTASKRPWMAJOD-VGOFMYFVSA-N,NC(=S)N/N=C/c1ccc(-c2ccc([N+](=O)[O-])cc2)o1,0.25624052
QQOFPYYPPIHGNV-NONDCYEXSA-N,COP(=O)(OC)N1C/C(=C\c2ccccc2)C(=O)[C@@]2(C1)[C@H](c1ccccc1)CN(C)[C@]21C(=O)Nc2ccc(Cl)cc21,-8.891913
HUTBGTWLYFLQQZ-OMCISZLKSA-N,NC(=S)N/N=C/c1ccc(-c2ccc(C(=O)O)cc2F)o1,-4.9394736
CMKDXTIMQMLGFL-UHFFFAOYSA-N,COc1cc2c(cc1OC)C1(NCC2)C(=S)Nc2ccc(Cl)cc21,-5.392456
JRSBMUWHGBISID-UHFFFAOYSA-N,COc1cccc(NC(=O)CSc2c[nH]c3ccccc23)c1,-11.664493
ROOAWSGVWLPDFX-XWGVYQGASA-N,CC(C)(C)OC(=O)Nc1cccn(C(=O)N[C@@H](CC2CC2)C(=O)N[C@@H](C[C@@H]2CCNC2=O)C(=O)C(=O)NCc2ccccc2)c1=O,4.602988
CXVGDFOBROJVGJ-GIDUJCDVSA-N,NC(=S)N/N=C/c1ccc(-c2ccc(O)c(C(=O)O)c2)o1,-1.8184966
JROSKNTUYSPHGX-UHFFFAOYSA-N,O=C(Oc1cncc(Cl)c1)c1cccc2c1CCN2,-7.213938
VGSHCFAIRVEIDX-UHFFFAOYSA-N,Cn1cc(SCC(=O)NCc2ccccc2)c2ccccc21,-11.195
OUNROJVGCGSCFI-UHFFFAOYSA-N,O=C(CSc1c[nH]c2ccccc12)Nc1ccc(Cl)c(Cl)c1,-12.034574
RDGMNUGZBUPHID-GIJQJNRQSA-N,NC(=S)N/N=C/c1ccc(-c2cnc3ccccc3c2)o1,-1.4361298
UPFRLUKDHMINPH-UHFFFAOYSA-N,CCCN1C(=O)C(=O)c2cc(C(N)=O)ccc21,-7.5138927
DTLQFWOLEJQWJI-UHFFFAOYSA-N,CCCCN1C(=O)C(=O)c2cc(C(=O)O)ccc21,-6.6155553
ZCJHLBHJGLCVRU-UHFFFAOYSA-N,O=C1C2C3C=CC(C3)C2C(=O)C2C3C=CC(C3)C12,7.3626757
CIONIIWSVPYOSP-UHFFFAOYSA-N,O=C(NCCCNC(=O)n1cc(F)c(=O)[nH]c1=O)c1cc2ccccc2n1Cc1ccccc1,-8.140022
PLMDWPOJRAYWPS-SUMWQHHRSA-N,CC(=O)N1CSC[C@H]1C(=O)N[C@H](C(=O)NCC(=O)OCCN1C(=O)C=CC1=O)C(C)(C)C,-2.3061364
HWZACFHGFLSIRQ-JTQLQIEISA-N,CC[C@H](NC(C)=O)C(=O)NCC(=O)OCCN1C(=O)C=CC1=O,-2.1433632
XWNLIHINIYNJIR-UHFFFAOYSA-N,Cc1ccc(O)c(C(=O)Oc2ccc(C)cc2C(=O)Oc2ccc(C)cc2C(=O)Oc2cncc(Cl)c2)c1,-4.7239633
SVZODCRTUJZFKA-SFHVURJKSA-N,O=C(N[C@@H](Cc1c[nH]c2ccccc12)C(=O)Nc1ncc([N+](=O)[O-])s1)OCc1ccccc1,-10.805116
FYEGXKYSNJHGJJ-FRKPEAEDSA-N,NC(=O)c1ccc(-c2ccc(/C=N/NC(N)=S)o2)cc1,-6.2823524
DCIBJGPXCJFQQK-FBXJHNGQSA-N,CN1C[C@H](c2ccccc2)[C@]2(CN(S(C)(=O)=O)C/C(=C\c3ccccc3)C2=O)[C@]12C(=O)Nc1ccccc12,-6.252221
NOKOJEOPQLLCNL-ZDCRTTOTSA-N,Cc1oc2nc1C(=O)N[C@](C)(C(=O)OC(C)C)c1nc(c(C)o1)C(=O)N[C@](C)(C(=O)OC(C)C)c1nc(c(C)o1)C(=O)N[C@]2(C)C(=O)OC(C)C,5.735227
XPSKUDGEBCYOOS-UHFFFAOYSA-N,COc1ccc2c(c1)C(=O)C(=O)N2Cc1cn(CC(=O)Nc2ccc([S+]([O-])ON)cc2)nn1,-5.155035
DAIJWARWMVCTPJ-UHFFFAOYSA-N,Cc1ccc2[nH]ccc2c1C(=O)Oc1cncc(Cl)c1,-10.624074
GBVXANLRSHPVHG-LKHDNLNLSA-N,CC(=O)C1C(=O)C=C2Oc3c(-c4csc(N/N=C/c5sccc5C)n4)c(O)c(C)c(O)c3[C@]2(C)C1=O,3.2989972
LCFTYIIQOFJNEV-UHFFFAOYSA-N,COc1ccccc1CNC(=O)CSc1c[nH]c2cc(Br)ccc12,-10.105602
NKSMTZPELOATFX-HZUJVAHNSA-N,COC(=O)C[C@H](NC(=O)[C@H](C)NC(=O)[C@H](NC(=O)CCc1ccccc1)C(C)C)C(=O)CF,-0.57562625
VWYDFSSLCZLUGB-TZIBIFCZSA-N,CC[C@H](C)[C@H](N)C1=N[C@H](C(=O)N[C@@H](CC(C)C)C(=O)N[C@H](CCC(=O)O)C(=O)N[C@H](C(=O)N[C@H]2CCCCNC(=O)[C@H](CC(N)=O)NC(=O)[C@@H](CC(=O)O)NC(=O)[C@H](Cc3ncc[nH]3)NC(=O)[C@@H](Cc3ccccc3)NC(=O)[C@H]([C@@H](C)CC)NC(=O)[C@@H](CCCN)NC2=O)[C@@H](C)CC)CS1,10.237296
UJHDXLPYXRBCNN-PBSJDSSISA-N,COP(=O)(OC)N1C/C(=C\c2ccc(Br)cc2)C(=O)[C@@]2(C1)[C@H](c1ccc(Br)cc1)CN(C)[C@]21C(=O)Nc2ccc(Cl)cc21,-9.394629
RMLNKLORWJAJJZ-UHFFFAOYSA-N,O=C(Nc1ccccc1F)c1cc2c(=O)n3ccccc3nc2n1Cc1ccccc1,-7.6605053
HIPATJIGZGRNFA-VGOFMYFVSA-N,NC(=S)N/N=C/c1ccc(-c2ccncc2)o1,-2.725713
FVRVCKWJOSBBDD-UHFFFAOYSA-N,CN1C(=O)C(=O)c2cc(I)ccc21,-4.7234373
MWAMIDMOJGJSKK-UHFFFAOYSA-N,NO[S+]([O-])c1ccc(NC(=O)Cn2cc(CN3C(=O)C(=O)c4cc(OC(F)(F)F)ccc43)nn2)cc1,-6.2019224
ZHNNBDTXUYCJIA-UHFFFAOYSA-N,CCOc1cc(-c2cc(-c3cccc(O)c3O)nn2CCO)ccc1O,-3.0684187
JFBYMSCGFLFIGP-UHFFFAOYSA-N,CC(=O)c1ccc(NC(=O)Cn2cc(CN3C(=O)C(=O)c4ccccc43)nn2)cc1,-6.77217
FQKALOFOWPDTED-WBAXXEDZSA-N,COc1cccc2[nH]c(C(=O)N[C@@H](CC(C)C)C(=O)N[C@@H](C[C@@H]3CCNC3=O)C(=O)COP(=O)(O)O)cc12,11.1431875
HNNDUVLZXRMTPS-ALYQPIBKSA-N,OC[C@H]1O[C@H](O[C@H]2O[C@H](CO)[C@@H](O)[C@H](O)[C@H]2O[C@H]2O[C@H](CO)[C@@H](O)[C@H](O)[C@H]2O[C@H]2O[C@H](CO)[C@@H](O)[C@H](O)[C@H]2O[C@H]2O[C@H](CO)[C@@H](O)[C@H](O)[C@H]2O[C@H]2O[C@H](CO)[C@@H](O)[C@H](O)[C@H]2O)[C@H](O)[C@@H](O)[C@@H]1O,12.504783
IYBHFZISLRFUPL-JBACZVJFSA-N,Nc1cccn([C@@H](CC2CC2)C(=O)N[C@@H](C[C@@H]2CCNC2=O)C(=O)C(=O)NCc2ccccc2)c1=O,6.4523454
MPPXDRWYFZATIY-UHFFFAOYSA-N,O=C(c1cc(=O)[nH]c(=O)[nH]1)N1CCC(c2cc(Cl)c(Cl)c(Cl)c2)CC1,-7.6941824
SCOBQUKCPDSHPB-UHFFFAOYSA-N,O=c1c2ccccc2sn1Cc1ccco1,-7.334645
CARKXKGAXCPLDO-YVBSNHPSSA-N,CCS(=O)(=O)N1C/C(=C\c2ccc(Cl)cc2)C(=O)[C@]2(C1)[C@@H](c1ccc(Cl)cc1)CN(C)[C@@]21C(=O)Nc2ccc(Cl)cc21,-11.394858
CJTVDIBZBUWIFC-UHFFFAOYSA-N,COc1ccc(-c2cnc3[nH]cc(C#Cc4cccnc4)c3c2)cc1OC,-7.548804
RDWXSJCICPOOKO-UHFFFAOYSA-N,Cn1sc2ccccc2c1=O,-2.9067721
HUUMQOUCTGXIDA-UHFFFAOYSA-N,CCCCN1C(=O)C(=O)c2cc(C(=O)ON3C(=O)CCC3=O)ccc21,-9.059428
CMOWBIUDVABNRB-UHFFFAOYSA-N,c1c[nH]c(CNCc2c(CNCc3ccc[nH]3)c(CNCc3ccc[nH]3)c(CNCc3ccc[nH]3)c(CNCc3ccc[nH]3)c2CNCc2ccc[nH]2)c1,-9.433526
XWUIJWHWNCVUIJ-UHFFFAOYSA-N,Cc1cc(O)c2c(c1)C(=O)c1cc(O)c(I)c(O)c1C2=O,8.749027
IUYFODOLXCDVEV-UHFFFAOYSA-N,Cc1c(Cl)cncc1OC(=O)c1cccc2[nH]ccc12,-9.878959
IGKDWUOAKOWPTF-XMCUXHSSSA-N,CC(=O)N[C@@H](CS)C(=O)N1CCCC1C(=O)N[C@@H](CS)C(N)=O,1.90285
XVYLNHVEAOOEGI-FAIWKWDXSA-N,OC[C@@H]1[C@@H](O)[C@H](O)[C@@H](O)CN1CCCCCOCC12CC3CC(CC(C3)C1)C2,12.32335
IRBBDJYBNHNLKO-UHFFFAOYSA-N,O=C(NCc1ccco1)n1sc2ccccc2c1=O,-10.649119
IUVWGSZCNPXIOJ-NGYBGAFCSA-N,Cc1cc([N+](=O)[O-])c(-c2ccc(/C=N/NC(=O)c3nonc3N)o2)cc1Cl,-7.2365584
HTLCYKJJLPAUGX-UHFFFAOYSA-N,O=C1C(=O)N(CN2CCOCC2)c2ccc(F)cc21,-8.713061
NXHQXOVSUMQCNZ-UHFFFAOYSA-N,O=C(O)c1cc(Cc2cc(Cc3cc(Cc4cc(Cc5cc(Cc6cc(Cl)c(O)c(C(=O)O)c6)c(O)c(C(=O)O)c5)c(O)c(C(=O)O)c4)cc(C(=O)O)c3O)cc(C(=O)O)c2O)cc(Cl)c1O,-9.331333
PKWLBFNBNSTQST-UHFFFAOYSA-N,O=C(O)c1ccccc1C(=O)Nc1ccc(-c2nnc(-c3ccccc3)o2)cc1,-7.7428904
NMUWZFNBPTXVEK-LGJNPRDNSA-N,Cc1ccc(/C=N/Nc2nc(N(C)C)nc3c2C(c2ccc([N+](=O)[O-])cc2)c2c(C)n[nH]c2N3)cc1,-7.1103926
FYSKGULQUVRRHF-ZDUSSCGKSA-N,CC(C)[C@H](NC(=O)OCc1ccccc1)C(=O)Nc1ncc([N+](=O)[O-])s1,-9.076531
ZSOQJYAJYKISGM-UHFFFAOYSA-N,CC(C)Cn1c(C(=O)NCCCNC(=O)n2cc(F)c(=O)[nH]c2=O)cc2cc(Cl)ccc21,-11.044462
RYGJIKURQDMMQZ-IHOKFDBFSA-N,C[C@H](NC(=O)C(c1cccnc1)N(C(=O)c1ccco1)c1ccc(-c2ccccc2)cc1)c1ccccc1,-2.980057
YTPHOWZNWUEKOK-UHFFFAOYSA-N,O=C(O)c1ccc(OCCCCCn2c(=O)ccn(-c3c4ccccc4cc4ccccc34)c2=O)cc1,-7.681802
CFHTXXKOTGPMQU-UHFFFAOYSA-N,CCOc1cccc(NC(=O)CSc2cn(C(=O)OC(C)(C)C)c3ccccc23)c1,-11.419407
YWWMQXXOXRPZCC-UHFFFAOYSA-N,O=C(O)c1ccc(OCCCCCn2c(=O)ccn(CCCCCOc3ccc(Br)cc3)c2=O)cc1,-2.584551
QYENXTYKACLCGO-KZNAEPCWSA-N,CC(C)C[C@@H](NC(=O)OCc1ccccc1)C(=O)N[C@@H](C=O)C[C@H]1CCNC1=O,5.83307
NHWITSYUVIJHRS-WTAJHKDLSA-N,C=C1CC[C@@H]2[C@](C)(COC(C)=O)[C@H](OC(C)O)CC[C@@]2(C)[C@@H]1CC(SC(=S)N1CCN(C(c2ccccc2)c2ccc(Cl)cc2)CC1)C1=CCOC1=O,2.0389538
OFVWKCJKTFQHMY-RQZCQDPDSA-N,NC(=S)N/N=C/c1cccc(-c2ccc(C(=O)O)cc2)c1,-4.8953543
JHDIUUFGPILEJO-UHFFFAOYSA-N,CNC(=O)Cn1c(=O)[nH]/c(=N\c2ccc(OC(F)F)cc2C)n(Cc2cc(F)c(F)c(F)c2)c1=O,-4.4756727
KMVGELVYJSQGCG-UHFFFAOYSA-N,CN(C)CCOc1ccc(CNC(=O)CSc2c[nH]c3ccccc23)cc1,-7.671751
GKWQAKBXTSURPB-YGIYOFKLSA-N,CN[C@@H]1[C@H](O[C@@H]2[C@H](O[C@H]3[C@H](O)[C@@H](CP(=O)(O)O)[C@H](N=C(N)N)[C@@H](O)[C@@H]3N=C(N)N)O[C@@H](O)[C@]2(O)CCP(=O)(O)O)O[C@@H](CO)[C@H](O)[C@H]1O,12.709581
SVNKEDMVAQBLLN-UHFFFAOYSA-N,CC(C)(C)OC(=O)NC(CC(=O)OCc1ccccc1)C(=O)NC(CCCCNC(=O)OCc1ccccc1)C(=O)OC(C)(C)C,3.7956722
HTGWNSJHOKFSEN-UHFFFAOYSA-N,Cc1c[nH]c2cccc(C(=O)Oc3cncc(Cl)c3)c12,-7.9907694
VTHJOISWJSUNDE-UHFFFAOYSA-N,Cc1ccc(N/N=C2/C(=O)Nc3ccc(NC(=O)CCN4CCOCC4)cc32)cc1,-8.683819
BUOSOLLSZIGEML-OAQYLSRUSA-N,CC(C)(C)OC(=O)N[C@@H]1CCN(c2ccc3cccc(OCC(=O)NCc4ccccc4)c3n2)C1,-5.1811695
ASXVEBPEZMSPHB-UHFFFAOYSA-N,CC(NC(=O)C(Cc1ccccc1)NC(=O)OCc1ccccc1)C(=O)CF,-5.182557
YDPDCDHRIHIPNU-UHFFFAOYSA-N,CC(=O)Nc1cccc(C(=O)Oc2cncc(Cl)c2)c1,-1.6132978
KLCHVIOETGTNDS-UHFFFAOYSA-N,Cc1cccc(CSc2nccc(OCCOc3cc(=O)oc4ccccc34)n2)c1,-6.6439867
NBGSBBKIKWMCMX-UHFFFAOYSA-N,COc1c(Br)c(OC)c2c(c1Br)C(=O)c1c(Br)c(C)c(Br)c(OC)c1C2=O,10.662091
IYFUUNMVWJUWOU-UHFFFAOYSA-N,COc1ccccc1CN(OC)C(=O)CSc1c[nH]c2c(-c3ccccc3)cccc12,-10.431405
GTTHESNNWLOVLD-UHFFFAOYSA-N,O=c1c2ccccc2sn1Cc1ccccc1,-5.575542
NIWGJPKYBWWKOU-UHFFFAOYSA-N,O=C(CSc1c[nH]c2cc(Br)ccc12)NCc1ccc(Cl)c(Cl)c1,-12.372627
OEBVSVQILHVAJO-UHFFFAOYSA-N,CC(C)Cn1c(C(=O)NCCCNC(=O)n2cc(F)c(=O)[nH]c2=O)cc2cc(OC(F)(F)F)ccc21,-9.859599
UIDSDWKVJVRPHH-CYBMUJFWSA-N,C[C@@H](NC(=O)CSc1c[nH]c2ccccc12)c1ccccc1,-9.158004
HPKJGHVHQWJOOT-ZJOUEHCJSA-N,O=C[C@H](C[C@@H]1CCNC1=O)NC(=O)[C@H](CC1CCCCC1)NC(=O)c1cc2ccccc2[nH]1,8.12088
ANEHFIKAXIZHIZ-UHFFFAOYSA-N,Cc1cc(O)c2c(c1)C(=O)c1c(Cl)c(O)c(Cl)c(O)c1C2=O,11.949869
OUNPHZMTVQQZDB-ACDXUPMPSA-N,COc1cc(/C=N/N=c2\sc(C(=O)Nc3ccccc3)nn2-c2ccccc2)ccc1O,-6.7541842
VGNWNGNYPAVBPS-MRXNPFEDSA-N,Cc1ccccc1C(=O)N[C@H](C)c1cc(-c2cnn(C)c2)nc2ccccc12,-11.323024
YQWFLPRHIACOBN-UHFFFAOYSA-N,O=C(NCCCNC(=O)n1cc(F)c(=O)[nH]c1=O)c1cc2ccccc2[nH]1,-11.815167
UUVBJRJJCQBXEQ-UHFFFAOYSA-N,CC(C)(C)OC(=O)C1CCC(C(=O)Nc2nc3c(Cl)cccc3o2)CC1,-9.316434
POTPADDPWDZZEZ-NSHDSACASA-N,CC(=O)N1CSC[C@H]1C(=O)NCC(=O)OCCCN1C(=O)C=CC1=O,-4.491833
UWCNYUKPPQGNMZ-LZYBPNLTSA-N,COc1ccc(-c2ccc(/C=N/NC(N)=S)o2)cc1OC,-3.5110366
UJCHIZDEQZMODR-BYPYZUCNSA-N,CC(=O)N[C@@H](CS)C(N)=O,-5.0616264
FSFLGRDOGLYDFS-UHFFFAOYSA-N,CCOc1ccccc1CN(OC)C(=O)CSc1c[nH]c2cccc(Br)c12,-11.254819
PQOJWVHLJYMILK-UHFFFAOYSA-N,O=C(Cc1ccc(Oc2nc3ccccc3s2)cc1F)NCCc1ccc(F)cc1,-11.526507
PGVFVGUGIJCERX-RPPGKUMJSA-N,Cc1n[nH]c2c1C(c1ccc([N+](=O)[O-])cc1)c1c(N/N=C/c3ccc(Br)cc3)nc(N(C)C)nc1N2,-9.246329
QNTKVQQLMHZOKP-NEJDVEAASA-N,OC[C@H]1O[C@@](CO)(OC[C@@]2(OC[C@@]3(OC[C@@]4(O[C@H]5O[C@H](CO)[C@@H](O)[C@H](O)[C@H]5O)O[C@H](CO)[C@@H](O)[C@@H]4O)O[C@H](CO)[C@@H](O)[C@@H]3O)O[C@H](CO)[C@@H](O)[C@@H]2O)[C@@H](O)[C@@H]1O,13.327567
OEDYFNFRLNGOCR-XNWJNKOUSA-N,C=C1CC[C@@H]2[C@](C)(COC(C)=O)[C@H](OC(C)O)CC[C@@]2(C)[C@@H]1CC(SC(=S)N1CCc2ccccc2[C@H]1c1ccccc1)C1=CCOC1=O,7.8367205
GYVKPAVYPMIITO-UHFFFAOYSA-N,CCCCNC(=O)n1sc2ccccc2c1=O,-10.139944
PTUWWNGMUPSKDC-UHFFFAOYSA-N,O=C(NC(Cc1ccc(O)cc1)C(=O)O)c1cc(-c2ccccc2)c(=O)n2c1sc1ccc(OC3CCCCC3)cc12,0.6212019
NKORYKWDZIQXSP-XNTDXEJSSA-N,CCS(=O)(=O)Oc1ccc(C(=O)/C=C2/C(=O)Nc3ccc(Cl)cc32)cc1,-10.311813
AXFLRTFFXWYKJJ-UHFFFAOYSA-N,COc1ccccc1CN(C)C(=O)CSc1c[nH]c2ccccc12,-12.280721
TUGIXNFQXGSYAS-UHFFFAOYSA-N,O=C(Nc1ccc2c(c1)OCO2)c1nnc(C(=O)N2CCCC(C(=O)Nc3ccccc3)C2)s1,-11.283307
FFIQMOBVMCFVRF-GCJJNJNJSA-N,CC(=O)C1C(=O)C=C2Oc3c(-c4csc(N/N=C/c5ccc(Br)s5)n4)c(O)c(C)c(O)c3[C@@]2(C)C1=O,-1.253338
FIYPYDONIODGKQ-KLCVKJMQSA-N,NCCCNC(=O)OC1C/C(=C\c2ccc([N+](=O)[O-])cc2)C(=O)/C(=C/c2ccc([N+](=O)[O-])cc2)C1,3.4177463
HGCGSGYKRCRUFM-DUNSEXALSA-N,CN1C[C@H](c2ccc(Br)cc2)[C@]2(CN(S(C)(=O)=O)C/C(=C\c3ccc(Br)cc3)C2=O)[C@]12C(=O)Nc1ccccc12,-8.19308
RWEBGWSVJMVETK-UHFFFAOYSA-N,COc1cc2c(cc1F)C1(NCC2)C(=O)Nc2c(Br)cc(Br)cc21,-9.056146
GOSIAGRSMKNKPR-UHFFFAOYSA-N,O=C(CSc1c[nH]c2ccc(Br)cc12)NCc1ccc(Cl)c(Cl)c1,-12.444247
CCHRSRKMOLSGMR-KBKYZLAFSA-N,CC(=O)N[C@@H](CCc1nc2ccccc2s1)C(=O)N[C@@H](CN)C(=O)NCC(=O)NC/C=C/C(=O)O,-9.251136
QDIMHKWNHMVDJB-WBAXXEDZSA-N,COc1cccc2[nH]c(C(=O)N[C@@H](CC(C)C)C(=O)N[C@@H](C[C@@H]3CCNC3=O)C(=O)CO)cc12,5.8225408
FVCVXWMNMYUZKE-GIDUJCDVSA-N,NC(=S)N/N=C/c1ccc(-c2ccc(F)nc2)o1,-4.715787
MVXVYAKCVDQRLW-UHFFFAOYSA-N,c1cnc2[nH]ccc2c1,5.542538
NYCMWBOOSPXSNB-UHFFFAOYSA-N,Cc1ccc(=S)n(O)c1,5.220398
QBTHEEPOXUMFIZ-UHFFFAOYSA-N,COc1ccc(C=NNc2ncnc3c2c(-c2ccccc2)cn3-c2ccccc2)cc1,-7.2344933
BUQJUCVPPUJQBJ-UHFFFAOYSA-N,C=CCn1sc2ccccc2c1=O,-6.0221753
YGFVTMGDFIQLFQ-LKHDNLNLSA-N,CC(=O)C1C(=O)C=C2Oc3c(-c4csc(N/N=C/c5ccc(C)s5)n4)c(O)c(C)c(O)c3[C@]2(C)C1=O,-0.15331587
BWSMBHOQIXSNGP-JFFZKKEUSA-N,CCCOC(=O)/C=C/[C@H](C[C@@H]1CCNC1=O)NC(=O)C(CC(C)C)NC(=O)[C@@H](NC(=O)[C@H](C)NC(=O)c1cc(C)on1)C(C)C,10.373086
MXTDWNUJBPWLKN-UHFFFAOYSA-N,CC(C)(C)OC(=O)N1CCN(c2ccc3cccc(OCC(=O)NCc4ccccc4)c3n2)CC1,-4.0253925
JPPVKVVMAMNFJH-PBSJDSSISA-N,COP(=O)(OC)N1C/C(=C\c2ccc(F)cc2)C(=O)[C@@]2(C1)[C@H](c1ccc(F)cc1)CN(C)[C@]21C(=O)Nc2ccc(Cl)cc21,-11.488185
QCASYPXXRFRHJI-UHFFFAOYSA-N,O=C(CSC1CNc2ccccc21)N(Cc1ccccc1)Cc1ccccc1,-7.3162475
ROPLRWWORDJINQ-UHFFFAOYSA-N,CN1C(=O)C(=O)c2cc(C(=O)O)ccc21,-5.22758
RGLIAWGLDXUKKZ-UHFFFAOYSA-N,On1c(=S)ccc2ccccc21,-0.6840347
IBEFBNPPYVEYSV-UHFFFAOYSA-N,Cc1ccc(C(=O)Oc2cc(C)ccc2C(=O)Oc2cncc(Cl)c2)c(O)c1,-5.9757233
BYUGVEOEFPQOBM-UHFFFAOYSA-N,Cc1cc(O)c2c(c1S(=O)(=O)O)C(=O)c1cc(O)cc(O)c1C2=O,9.4522915
XNSARSDAOMZJJR-HOZOIBKHSA-N,CC/C(C)=C/CC/C(C)=C/c1c(O)cc(O)c2c(=O)cc(-c3ccc(O)cc3)oc12,9.718318
XQSPYNMVSIKCOC-RITPCOANSA-N,Nc1nc(=O)n([C@H]2CS[C@@H](CO)O2)cc1F,10.7832155
HBKNVIRXFLPDKH-XOBRGWDASA-N,C[C@]1(O)CCN(C(=O)CCCN2C(=O)NC3(CCCC3)C2=O)C[C@@H]1n1ccc(=O)[nH]c1=O,-7.432288
LAHWUFPJEOEXLA-PSTGCABASA-N,Cc1cn(C[C@]2(O)CC[C@@H](N(C)C(=O)CCC(=O)O)C[C@H]2O)c(=O)[nH]c1=O,1.6928475
ORFOPKXBNMVMKC-SYODWGPNSA-N,CC(C)(O/N=C(\C(=O)N[C@H]1C(=O)N2C(C(=O)O)=C(C[n+]3ccccc3)CS[C@H]12)c1csc(N)n1)C(=O)[O-],10.356469
KEJCWVGMRLCZQQ-GHLMCRBVSA-N,CO/N=C(\C(=O)N[C@H]1C(=O)N2C(C(=O)O[C@H](C)OC(C)=O)=C(COC(N)=O)CS[C@H]12)c1ccco1,12.554233
IASPBORHOMBZMY-UHFFFAOYSA-N,O=C(Nc1ccccc1-c1cn2c(CN3CCNCC3)csc2n1)c1cnc2ccccc2n1,0.36328018
SQANVQYLDPEULW-ZHKQUFGTSA-N,CC(C)c1nc(CNC(=O)N[C@@H](C(=O)N[C@H](Cc2ccccc2)C[C@H](O)[C@@H](Cc2ccccc2)NC(=O)OCc2cncs2)C(C)C)cs1,-8.492988
JDEUJNQLQIMIJM-YMTOWFKASA-N,C[C@@]1(O)CN(C(=O)CCC(=O)O)CC[C@H]1n1ccc(=O)[nH]c1=O,4.0577655
IWOVIOGQWDMTHH-IERDGZPVSA-N,Cc1cn([C@@H]2CN(C(=O)COc3nc4ccccc4n3C)CC[C@]2(C)O)c(=O)[nH]c1=O,-2.002186
LCQXIDKTBJQMLZ-CQSZACIVSA-N,Cc1cn([C@@H]2CCCN(C(=O)OCc3nc4ccccc4n3C)C2)c(=O)[nH]c1=O,-5.362161
BYPKBFGNLXCERX-CHWSQXEVSA-N,O=C(O)COc1cccc(C(=O)N2C[C@@H](O)[C@H](n3cc(Cl)c(=O)[nH]c3=O)C2)c1,0.3030931
UMQDQRMAFULSCM-RNJXMRFFSA-N,Cc1cn([C@@H]2C[C@H](N=[N+2]#N)[C@@H](CO[P@@](=O)(O)O[P@@](=O)(O)O[P+](=O)(=O)[O-])O2)c(=O)[nH]c1=O,10.692384
NFROZTBQJQWVRS-QRWLVFNGSA-N,Cc1ccc2nc(OCC(=O)N3CC[C@](C)(O)[C@H](n4ccc(=O)[nH]c4=O)C3)[nH]c2c1,-5.306973
HOXAYMWMKBXYJG-OILHZVAOSA-N,Cc1ccc2c(c1)OC(C)(C)[C@@H]1C[C@@H]3CN(C(=O)COCC(=O)O)CC[C@H]3O[C@@H]21,4.2220764
BCEHBSKCWLPMDN-QFYYESIMSA-N,C[C@@H](c1ncncc1F)[C@@](O)(Cn1cncn1)c1ccc(F)cc1F,7.853771
UFTYLSAJFHNBJK-LURJTMIESA-N,C[C@@H](OCCn1cnc2c(N)ncnc21)P(=O)(O)O,-3.9520152
HEFNNWSXXWATRW-JTQLQIEISA-N,CC(C)Cc1ccc([C@H](C)C(=O)O)cc1,-4.6517763
RHWKPHLQXYSBKR-BMIGLBTASA-N,C[C@@H]1CCO[C@H]2Cn3cc(C(=O)NCc4ccc(F)cc4F)c(=O)c(O)c3C(=O)N12,8.391946
YUAAOPBFCUAMJG-VBKZILBWSA-N,C[C@@]1(O)CCN(C(=O)c2cccc(OCC(=O)O)c2)C[C@@H]1n1cnc2c(N)ncnc21,-2.1936932
ASVPWOBASOPKEC-IIBYNOLFSA-N,C[C@@]1(O)CCN(C(=O)CCCc2nc3ccccc3[nH]2)C[C@H]1n1ccc(=O)[nH]c1=O,-7.1672387
BCEHBSKCWLPMDN-QFYYESIMSA-N,C[C@@H](c1ncncc1F)[C@@](O)(Cn1cncn1)c1ccc(F)cc1F,7.853771
FRACPXUHUTXLCX-DDKRZIBASA-N,CC(C)(C)OC(=O)Nc1cccn([C@@H](CC2CC2)C(=O)N[C@@H](C[C@H]2CCNC2=O)[C@@H](O)C(=O)NCc2ccccc2)c1=O,7.1004295
VSQQQLOSPVPRAZ-DSYKOEDSSA-N,O=c1[nH]c(=O)n([C@H]2C[C@@H](O)[C@H](CO)O2)cc1C(F)(F)F,-1.6251789
WOZSCQDILHKSGG-UHFFFAOYSA-N,CC(C)(C)C(=O)OCOP(=O)(COCCn1cnc2c(N)ncnc21)OCOC(=O)C(C)(C)C,8.630758
QDGZDCVAUDNJFG-PRJMDXOYSA-N,C=C1[C@@H](CO)[C@@H](O)C[C@H]1n1cnc2c(=O)[nH]c(N)nc21,11.056851
ZPRUSEUEAPKMBP-JSGCOSHPSA-N,Cc1[nH]c(=O)[nH]c1C(=O)CCCCC(=O)N1C[C@H](O)[C@@H](n2cc(C)c(=O)[nH]c2=O)C1,-5.609089
OHKOGUYZJXTSFX-JXVAYASWSA-N,CC1(C)S[C@@H]2[C@@H](NC(=O)[C@H](C(=O)O)c3ccsc3)C(=O)N2[C@@H]1C(=O)O,3.5623682
XNKLLVCARDGLGL-HTQZYQBOSA-N,Cc1cn([C@H]2C=C[C@H](CO)O2)c(=O)[nH]c1=O,7.980661
GQBGFQRZBCABJE-CABCVRRESA-N,Cc1ccc2[nH]c(COCC(=O)N3C[C@@H](n4cnc5c(N)ncnc54)[C@@H](O)C3)nc2c1,-3.4959183
ONERCQLZGHDOTI-UONOGXRCSA-N,NCCCCC(=O)N1C[C@@H](O)[C@@H](n2ccc3c(C(N)=O)ccnc32)C1,-7.8946676
JNVHYRKCRHIEMR-LZWOXQAQSA-N,NCCOc1cccc(C(=O)N2C[C@@H](O)[C@@H](N3CN=C4C3=NC=N[C@@H]4N)C2)c1,-6.6758785
ALERUQYUFZBIHS-JPYJTQIMSA-N,Cc1cc2nc(CCC(=O)N3CC[C@](C)(O)[C@H](n4cc(C)c(=O)[nH]c4=O)C3)[nH]c2cc1C,-3.846195
WPVFJKSGQUFQAP-RKDXNWHRSA-N,CC(C)[C@@H](N)C(=O)OC[C@@H](CO)OCn1cnc2c(=O)[nH]c(N)nc21,12.205957
VVTCGQGHJYBJLX-MISXGVKJSA-N,Nc1ncnc2c1ncn2[C@@H]1CCCC[C@H](NCCCC(=O)O)[C@H]1O,1.6231018
IQFYYKKMVGJFEH-GJMOJQLCSA-N,Cc1cn([C@H]2C[C@@H](O)[C@H](CO)O2)c(=O)[nH]c1=O,8.41192
SLLFACHWAOAFMT-UHFFFAOYSA-N,CCOc1ccc(CCC(=O)O)cc1-c1cc(-c2ccc(F)cc2)n(Cc2ccccc2)n1,-10.77362
PQWCWNXJULEGDW-BDJLRTHQSA-N,Cc1cn([C@@H]2CN(C(=O)CCCC(=O)O)CC[C@@]2(C)O)c(=O)[nH]c1=O,-4.3671584
UDTJYKKDSCDXBX-ZIMYNFRDSA-N,C[C@@H](O)[C@@H]1C(=O)N2C(C(=O)O)=C(O[C@H]3CN[C@@H](C(=O)Nc4cccc(C(=O)O)c4)C3)C[C@H]12,7.216752
HXHWSAZORRCQMX-UHFFFAOYSA-N,CCCSc1ccc2nc(NC(=O)OC)[nH]c2c1,-8.877803
CSKDFZIMJXRJGH-DEPYFDJDSA-N,O=C(NN1C(=O)[C@H]2[C@@H]3C=C[C@@H]([C@@H]4C[C@H]34)[C@@H]2C1=O)c1ccc(C(F)(F)F)cc1,-1.7310115
IWUCXVSUMQZMFG-UOPPWDSKSA-N,NC(=O)c1ncn([C@H]2O[C@@H](CO)[C@H](O)[C@H]2O)n1,10.17036
RXZBWNGUTUDXCB-MEBBXXQBSA-N,Cc1cn([C@@H]2CN(C(=O)CCC(=O)O)CC[C@@]2(C)O)c(=O)[nH]c1=O,-3.7196572
LSQZJLSUYDQPKJ-RMIALFOJSA-N,CC1(C)S[C@H]2[C@@H](NC(=O)[C@@H](N)c3ccc(O)cc3)C(=O)N2[C@H]1C(=O)O,8.938835
GMEYOGCJRWNADB-YUKKFKLSSA-N,Nc1nc(N)c2c(n1)O[C@@]1(COCCN(C(=O)/C=C/C(=O)O)C1)C2,-9.179513
