key,input,sa_score
LYWZYDYFZJVNFA-KEBDBYFISA-N,C(=N/n1cnnc1)\c1c(-c2ccccc2)[nH]c2ccccc12,2.520088
ATJLFWUPTQUWHM-UHFFFAOYSA-N,CN(C)CCOc1ccc(CNC(=O)CSc2cn(C)c3ccccc23)cc1,2.177479
ROPLRWWORDJINQ-UHFFFAOYSA-N,CN1C(=O)C(=O)c2cc(C(=O)O)ccc21,1.98676
ALEMQFKPROZQHR-UHFFFAOYSA-N,CCS(=O)(=O)N1CC(CC#N)(n2cc(-c3ncnc4[nH]ccc34)c3ccc(C(F)(F)F)cc32)C1,3.362959
KVFCOBZWUCKJFB-UHFFFAOYSA-N,Cc1cccc(O)c1C(=O)Oc1cccc(C)c1C(=O)Oc1cncc(Cl)c1,2.471154
QZWIYWHQEBDPOP-UHFFFAOYSA-N,CC(=O)Oc1ccccc1C(=O)Oc1cncc(Cl)c1,2.093001
SVZODCRTUJZFKA-SFHVURJKSA-N,O=C(N[C@@H](Cc1c[nH]c2ccccc12)C(=O)Nc1ncc([N+](=O)[O-])s1)OCc1ccccc1,2.858865
ZVWAWSPWVCDCIL-OMCISZLKSA-N,NC(=S)N/N=C/c1ccc(-c2cc(C(=O)O)ccc2Cl)o1,2.357269
CCZRTVFIPPLCSL-GIJQJNRQSA-N,NC(=S)N/N=C/c1ccc(-c2ccc3cccnc3c2)o1,2.377023
RDGMNUGZBUPHID-GIJQJNRQSA-N,NC(=S)N/N=C/c1ccc(-c2cnc3ccccc3c2)o1,2.36401
CXVGDFOBROJVGJ-GIDUJCDVSA-N,NC(=S)N/N=C/c1ccc(-c2ccc(O)c(C(=O)O)c2)o1,2.418984
HJUOXBLMOQFHCZ-UHFFFAOYSA-N,O=C(Nc1ncc([N+](=O)[O-])s1)C1CCCN1C(=O)OCc1ccccc1,2.726942
PCLQVAFVSBWSTH-LJQANCHMSA-N,N#CC[C@H](C1CCCC1)n1cc(-c2ncnc3[nH]ccc23)c2ccc(C(F)(F)F)cc21,3.517399
FATPQUBCNOFHJO-UHFFFAOYSA-N,Cc1cccc(O)c1C(=O)Oc1cncc(Cl)c1,2.238379
FIYPYDONIODGKQ-KLCVKJMQSA-N,NCCCNC(=O)OC1C/C(=C\c2ccc([N+](=O)[O-])cc2)C(=O)/C(=C/c2ccc([N+](=O)[O-])cc2)C1,2.811874
PAVJYVVZIJTAHT-UHFFFAOYSA-N,O=C(Oc1cncc(Cl)c1)c1cccs1,2.226448
MIUBNBDMUMQCLE-UHFFFAOYSA-N,O=C(ON1C(=O)CCC1=O)c1ccc2c(c1)C(=O)C(=O)N2Cc1ccccc1,2.342361
BMBWLTUWOBISKR-UHFFFAOYSA-N,Cn1cc(SCC(=O)N(Cc2ccccc2)Cc2ccccc2)c2ccccc21,2.063677
USSHAFYEQLIBPW-UHFFFAOYSA-N,CN1C(=O)C(=O)c2cc(C(=O)ON3C(=O)CCC3=O)ccc21,2.510391
RCSXHMPTDXUMRL-UHFFFAOYSA-N,NC(=O)Cc1ccc2c(c1)C(=O)C(=O)N2Cc1ccc2ccccc2c1,2.100524
HTLCYKJJLPAUGX-UHFFFAOYSA-N,O=C1C(=O)N(CN2CCOCC2)c2ccc(F)cc21,2.169757
ZSOQJYAJYKISGM-UHFFFAOYSA-N,CC(C)Cn1c(C(=O)NCCCNC(=O)n2cc(F)c(=O)[nH]c2=O)cc2cc(Cl)ccc21,2.773819
IOZYRYXEKZKPMB-LBPRGKRZSA-N,COc1ccc2cc([C@H](C)C(=O)Oc3cncc(Cl)c3)ccc2c1,2.679394
YDPDCDHRIHIPNU-UHFFFAOYSA-N,CC(=O)Nc1cccc(C(=O)Oc2cncc(Cl)c2)c1,1.975828
MVXVYAKCVDQRLW-UHFFFAOYSA-N,c1cnc2[nH]ccc2c1,2.1791
NQJZLJKMYCNDIP-UHFFFAOYSA-N,COc1cccn(O)c1=S,2.816526
FIPAAZKBGLEFFX-RIYZIHGNSA-N,NC(=S)N/N=C/c1ccc(-c2ccccc2)o1,2.1193
FVCVXWMNMYUZKE-GIDUJCDVSA-N,NC(=S)N/N=C/c1ccc(-c2ccc(F)nc2)o1,2.588995
XHQLXTMPSYSNTB-OMCISZLKSA-N,NC(=S)N/N=C/c1ccc(-c2ccc(Cl)c(C(=O)O)c2)o1,2.36465
FCALQYOEHVUZLN-OMCISZLKSA-N,NC(=S)N/N=C/c1ccc(-c2cccc(C(=O)O)c2Cl)o1,2.479707
HIPATJIGZGRNFA-VGOFMYFVSA-N,NC(=S)N/N=C/c1ccc(-c2ccncc2)o1,2.391937
LOFGZGVYCFBPQV-VIZOYTHASA-N,NC(=S)N/N=C/c1ccc(-c2ccc(S(N)(=O)=O)cc2)o1,2.329352
JDIOSABJTWFKAX-UHFFFAOYSA-N,CC(=O)Nc1cc(C(=O)Oc2cncc(Cl)c2)ccc1F,2.091012
PCLQVAFVSBWSTH-IBGZPJMESA-N,N#CC[C@@H](C1CCCC1)n1cc(-c2ncnc3[nH]ccc23)c2ccc(C(F)(F)F)cc21,3.517399
XWUIJWHWNCVUIJ-UHFFFAOYSA-N,Cc1cc(O)c2c(c1)C(=O)c1cc(O)c(I)c(O)c1C2=O,2.807682
IOZYRYXEKZKPMB-GFCCVEGCSA-N,COc1ccc2cc([C@@H](C)C(=O)Oc3cncc(Cl)c3)ccc2c1,2.679394
IPFCRNVQLVQVIH-UHFFFAOYSA-N,COc1ccc2c(c1)cc(C(=O)NCCCNC(=O)n1cc(F)c(=O)[nH]c1=O)n2CC(C)C,2.753512
QRNCNQQDHHYXNY-UHFFFAOYSA-N,O=C1C(=O)N(CN2CCCCC2)c2ccc(F)cc21,2.08579
VGSHCFAIRVEIDX-UHFFFAOYSA-N,Cn1cc(SCC(=O)NCc2ccccc2)c2ccccc21,1.898115
HUUMQOUCTGXIDA-UHFFFAOYSA-N,CCCCN1C(=O)C(=O)c2cc(C(=O)ON3C(=O)CCC3=O)ccc21,2.476418
AUEGQRDPEGTAPP-UHFFFAOYSA-N,COC(=O)c1ccc2c(c1)C(=O)C(=O)N2Cc1ccccc1,1.814302
SVNKEDMVAQBLLN-UHFFFAOYSA-N,CC(C)(C)OC(=O)NC(CC(=O)OCc1ccccc1)C(=O)NC(CCCCNC(=O)OCc1ccccc1)C(=O)OC(C)(C)C,3.31765
DTLQFWOLEJQWJI-UHFFFAOYSA-N,CCCCN1C(=O)C(=O)c2cc(C(=O)O)ccc21,1.95687
NTNYHMJYSGPGCQ-UHFFFAOYSA-N,NC(=O)c1ccc2c(c1)C(=O)C(=O)N2Cc1ccc2ccccc2c1,1.999176
YLSPWNBSWVYQDL-UHFFFAOYSA-N,CCc1ccc(NC(=O)c2cc3c(=O)n4ccccc4nc3n2C)cc1,2.241553
IXQNRDZUWHUHOL-UHFFFAOYSA-N,Cc1cccc(C(=O)Oc2cncc(Cl)c2)c1O,2.146601
UFOFCLFPQBJBGC-UHFFFAOYSA-N,Cc1c([N+](=O)[O-])c(O)c2c(c1[N+](=O)[O-])C(=O)c1c(c(O)c([N+](=O)[O-])c(O)c1[N+](=O)[O-])C2=O,3.286727
XWNLIHINIYNJIR-UHFFFAOYSA-N,Cc1ccc(O)c(C(=O)Oc2ccc(C)cc2C(=O)Oc2ccc(C)cc2C(=O)Oc2cncc(Cl)c2)c1,2.579634
NXHQXOVSUMQCNZ-UHFFFAOYSA-N,O=C(O)c1cc(Cc2cc(Cc3cc(Cc4cc(Cc5cc(Cc6cc(Cl)c(O)c(C(=O)O)c6)c(O)c(C(=O)O)c5)c(O)c(C(=O)O)c4)cc(C(=O)O)c3O)cc(C(=O)O)c2O)cc(Cl)c1O,3.400375
HEKJYZZSCQBJGB-XDHOZWIPSA-N,CC1=NN(c2ccc(C(=O)O)cc2)C(=O)/C1=C/c1ccc(-c2cc(C)c(C)cc2[N+](=O)[O-])o1,2.626892
BBXQTXDIZFVHDT-OQLLNIDSSA-N,NC(=S)N/N=C/c1ccc(Cc2ccccc2)o1,2.25047
HUTBGTWLYFLQQZ-OMCISZLKSA-N,NC(=S)N/N=C/c1ccc(-c2ccc(C(=O)O)cc2F)o1,2.371977
CIGSWGZBJDFAFR-INIZCTEOSA-N,O=C(N[C@@H](Cc1ccccc1)C(=O)Nc1ncc([N+](=O)[O-])s1)OCc1ccccc1,2.637965
FYSKGULQUVRRHF-ZDUSSCGKSA-N,CC(C)[C@H](NC(=O)OCc1ccccc1)C(=O)Nc1ncc([N+](=O)[O-])s1,2.691371
GKMSGRSEYWWBNI-FRKPEAEDSA-N,Cc1cc(C(=O)O)ccc1-c1ccc(/C=N/NC(N)=S)o1,2.34591
QLGUUVBDAVRWET-GIDUJCDVSA-N,NC(=S)N/N=C/c1cc(-c2ccc(C(=O)O)cc2)co1,2.57483
MRHWGBKPTZUNLO-UHFFFAOYSA-N,O=C1C(=O)N(Cc2ccc(Br)cc2)c2ccc([N+](=O)[O-])cc21,2.034924
YYFGOPINFSHNHL-UHFFFAOYSA-N,O=C(CCN1CCOCC1)Nc1ccc2c(c1)/C(=N\Nc1ccc(C(F)(F)F)cc1)C(=O)N2,2.5999
PQOJWVHLJYMILK-UHFFFAOYSA-N,O=C(Cc1ccc(Oc2nc3ccccc3s2)cc1F)NCCc1ccc(F)cc1,2.206882
ANEHFIKAXIZHIZ-UHFFFAOYSA-N,Cc1cc(O)c2c(c1)C(=O)c1c(Cl)c(O)c(Cl)c(O)c1C2=O,2.727585
HQEBUSGSQUTCGV-UHFFFAOYSA-N,Cc1ccc(O)c(C(=O)Oc2ccc(C)cc2C(=O)Oc2cncc(Cl)c2)c1,2.309962
UVHOYEZLJFOPNB-UHFFFAOYSA-N,O=C(Oc1ccccc1C(=O)Oc1cncc(Cl)c1)c1ccccc1O,2.158594
YAWYDOMPQPEPAS-BIKNGKINSA-N,COC(=O)C[C@H](NC(=O)CNC(=O)[C@H](CCCCNC(=O)OC1C/C(=C\c2ccc([N+](=O)[O-])cc2)C(=O)/C(=C/c2ccc([N+](=O)[O-])cc2)C1)NC(=O)OC(C)(C)C)C(=O)OC,4.228551
RMLNKLORWJAJJZ-UHFFFAOYSA-N,O=C(Nc1ccccc1F)c1cc2c(=O)n3ccccc3nc2n1Cc1ccccc1,2.241765
HRVIHQDVDQVYBE-UHFFFAOYSA-N,CCCCN1C(=O)C(=O)c2cc(C(N)=O)ccc21,2.009587
BZWKOEPAPGSYLV-UHFFFAOYSA-N,CCCN1C(=O)C(=O)c2cc(C(=O)O)ccc21,1.971757
VIBQBRDTHPVEOK-UHFFFAOYSA-N,COC(=O)c1ccc2c(c1)C(=O)C(=O)N2CN1CCOCC1,2.182954
SKGYHEXXWSDNGH-UHFFFAOYSA-N,NC(=O)c1ccc2c(c1)C(=O)C(=O)N2Cc1ccc2cc(Br)ccc2c1,2.147941
SRXXVPDYEVSZPE-UHFFFAOYSA-N,O=C(O)c1ccc2c(c1)C(=O)C(=O)N2Cc1ccccc1,1.794802
QVDSJCUXMOLKLI-UHFFFAOYSA-N,CC(=O)c1cccc(NC(=O)c2cc3c(=O)n4ccccc4nc3n2C)c1,2.309441
ICEPTMMUVMVNPK-UHFFFAOYSA-N,CN1C(=O)C2(NCCc3cc(O)c(O)cc32)c2cc(Cl)ccc21,3.706117
IBEFBNPPYVEYSV-UHFFFAOYSA-N,Cc1ccc(C(=O)Oc2cc(C)ccc2C(=O)Oc2cncc(Cl)c2)c(O)c1,2.341574
GPTMXAZKVCUZCW-UHFFFAOYSA-N,Cc1cc(O)c2c(c1)C(=O)c1c(Br)c(O)c(Br)c(O)c1C2=O,2.829319
FEHQMKKCKBJNKA-UHFFFAOYSA-N,COc1ccc2c(c1)c(C(C)C(=O)Oc1cncc(Cl)c1)c(C)n2C(=O)c1ccc(Cl)cc1,3.0182
,[CH](:[N]c1ccc[nH]1)c1c(CNCc2ccc[nH]2)c(CNCc2ccc[nH]2)c(CNCc2ccc[nH]2)c(CNCc2ccc[nH]2)c1CNCc1ccc[nH]1,4.094631
GMAGOQZMNBRPOU-OMCISZLKSA-N,NC(=S)N/N=C/c1ccc(-c2ccc(C(=O)O)c(Cl)c2)o1,2.376042
OFVWKCJKTFQHMY-RQZCQDPDSA-N,NC(=S)N/N=C/c1cccc(-c2ccc(C(=O)O)cc2)c1,2.009552
JUOZFQFRLAKATR-UHFFFAOYSA-N,Cc1ccc(C(=O)Nc2ncc([N+](=O)[O-])s2)cc1,2.016918
YXNBSYADRMCVPG-VIZOYTHASA-N,NC(=S)N/N=C/c1ccc(-c2ccc(C(=O)O)cc2)s1,2.310546
VYIXDWVMGJFRGR-GIDUJCDVSA-N,NC(=S)N/N=C/c1ccc(-c2ccc(C(=O)O)c(O)c2)o1,2.426798
VTHJOISWJSUNDE-UHFFFAOYSA-N,Cc1ccc(N/N=C2/C(=O)Nc3ccc(NC(=O)CCN4CCOCC4)cc32)cc1,2.456718
UQIOKCTXGYYUDD-UHFFFAOYSA-N,O=C1Nc2ccc(NC(=O)c3ccc(Cl)cc3)cc2/C1=N/Nc1ccncc1,2.374568
NBGSBBKIKWMCMX-UHFFFAOYSA-N,COc1c(Br)c(OC)c2c(c1Br)C(=O)c1c(Br)c(C)c(Br)c(OC)c1C2=O,3.162733
NHSGNQAPJCROLA-UHFFFAOYSA-N,O=C(Oc1cncc(Cl)c1)c1ccccc1O,2.025318
DTOJUCFWOYMHAY-UHFFFAOYSA-N,Cc1ccc(O)c(C(=O)Oc2cncc(Cl)c2)c1,2.116186
VTVGMRYZHCRALW-UHFFFAOYSA-N,Cc1c(Br)c(O)c2c(c1Br)C(=O)c1c(Br)c(O)c(Br)c(O)c1C2=O,3.249463
VFMMLZZPUQDOPY-UHFFFAOYSA-N,CN1C(=O)C2(NCCc3cc(O)c(O)cc32)c2ccccc21,3.628553
YIDQCMXPPQQBGK-UHFFFAOYSA-N,Cn1c(C(=O)Nc2ccc3c(c2)OCCO3)cc2c(=O)n3ccccc3nc21,2.442802
CDQXORKPLJMKQR-UHFFFAOYSA-N,O=C(O)c1ccc2c(c1)C(=O)C(=O)N2Cc1ccc2ccccc2c1,1.962794
MIUFWBYRBXTIDZ-UHFFFAOYSA-N,NC(=O)c1ccc2c(c1)C(=O)C(=O)N2Cc1ccc2cc(-c3ccccc3)ccc2c1,2.112345
WGPNFWSNPCMOIT-UHFFFAOYSA-N,O=C(CSc1c[nH]c2c(Br)cccc12)NCc1ccc(Cl)c(Cl)c1,2.357847
DARJDUBKCHQNJM-UHFFFAOYSA-N,O=C(CSc1c[nH]c2ccccc12)NCc1ccccc1,1.87732
TYLOEMFGLQBHPE-UHFFFAOYSA-N,O=C(Oc1cncc(Cl)c1)c1ccc2[nH]ccc2c1,2.265924
JBLLRCOZJMVOAE-HSQYWUDLSA-N,COc1cccc2[nH]c(C(=O)N[C@@H](CC(C)C)C(=O)N[C@@H](C[C@@H]3CCNC3=O)C(=O)c3nc4ccccc4s3)cc12,3.829423
DCIBJGPXCJFQQK-FBXJHNGQSA-N,CN1C[C@H](c2ccccc2)[C@]2(CN(S(C)(=O)=O)C/C(=C\c3ccccc3)C2=O)[C@]12C(=O)Nc1ccccc12,4.575122
RQNYSHJZOZMPRU-UHFFFAOYSA-N,S=c1[nH]nc2c3c(-c4ccccc4)cn(-c4ccc(Cl)cc4)c3ncn12,2.575825
QCASYPXXRFRHJI-UHFFFAOYSA-N,O=C(CSC1CNc2ccccc21)N(Cc1ccccc1)Cc1ccccc1,2.772096
NGYAJBARDRVBLE-SUMWQHHRSA-N,CC[C@H](NC(C)=O)C(=O)N[C@H](C(=O)NCC(=O)OCCN1C(=O)C=CC1=O)C(C)(C)C,3.459296
BWSMBHOQIXSNGP-JFFZKKEUSA-N,CCCOC(=O)/C=C/[C@H](C[C@@H]1CCNC1=O)NC(=O)C(CC(C)C)NC(=O)[C@@H](NC(=O)[C@H](C)NC(=O)c1cc(C)on1)C(C)C,4.31391
QTGORSKTHIBLJT-FIVJMQNTSA-N,O=C(/C=C/c1ccccc1)N[C@@H](CC1CCCCC1)C(=O)N[C@@H](C[C@@H]1CCNC1=O)C(=O)C(=O)NCc1ccccc1,3.647211
ASXVEBPEZMSPHB-UHFFFAOYSA-N,CC(NC(=O)C(Cc1ccccc1)NC(=O)OCc1ccccc1)C(=O)CF,2.76722
UVERBUNNCOKGNZ-CQSZACIVSA-N,Cc1ccc(N)cc1C(=O)N[C@H](C)c1cccc2ccccc12,2.272632
IYFUUNMVWJUWOU-UHFFFAOYSA-N,COc1ccccc1CN(OC)C(=O)CSc1c[nH]c2c(-c3ccccc3)cccc12,2.586481
QBTHEEPOXUMFIZ-UHFFFAOYSA-N,COc1ccc(C=NNc2ncnc3c2c(-c2ccccc2)cn3-c2ccccc2)cc1,2.299435
WZECSTGWQTZCIY-SFQUDFHCSA-N,CCS(=O)(=O)N(c1ccc(C(=O)/C=C2/C(=O)Nc3ccc(Cl)cc32)cc1)S(=O)(=O)CC,2.832142
DMHYAQLYAFULCU-VXKWHMMOSA-N,C=CC[C@H](NC(=O)CCl)C(=O)N[C@@H](Cc1c[nH]c2ccccc12)C(=O)NCc1ccccc1,3.082461
STEBBEGVSNSKGT-PMERELPUSA-N,Cc1ccc(-c2cccc(S(=O)(=O)N[C@@H](Cc3cccc(C(=N)N)c3)C(=O)N3CCC(NC(=O)NC(C)(C)C)CC3)c2)cc1C,3.20378
LXKXHISGOOZAGB-UHFFFAOYSA-N,O=C(Oc1cncc(Cl)c1)c1ccc2c(ccn2S(=O)(=O)c2cccc([N+](=O)[O-])c2)c1,2.538965
DMSMPAJRVJJAGA-UHFFFAOYSA-N,O=c1[nH]sc2ccccc12,2.508161
SZGFEDHUUMPKOQ-UHFFFAOYSA-N,O=C(CSc1c[nH]c2ccccc12)N(Cc1ccccc1)Cc1ccccc1,2.03795
BJJVJYHBCURDRW-UHFFFAOYSA-N,COc1ccccc1CNC(=O)CSc1c[nH]c2c(-c3ccccc3)cccc12,2.195797
KMVGELVYJSQGCG-UHFFFAOYSA-N,CN(C)CCOc1ccc(CNC(=O)CSc2c[nH]c3ccccc23)cc1,2.156003
CIZCWSJDCWBINO-UHFFFAOYSA-N,CCCn1sc2ccccc2c1=O,2.360985
YSBHATAWWDVERR-UHFFFAOYSA-N,O=C(CSc1c[nH]c2cccc(Br)c12)N(Cc1ccccc1)Cc1ccccc1,2.27816
NKORYKWDZIQXSP-XNTDXEJSSA-N,CCS(=O)(=O)Oc1ccc(C(=O)/C=C2/C(=O)Nc3ccc(Cl)cc32)cc1,2.487024
JPPVKVVMAMNFJH-PBSJDSSISA-N,COP(=O)(OC)N1C/C(=C\c2ccc(F)cc2)C(=O)[C@@]2(C1)[C@H](c1ccc(F)cc1)CN(C)[C@]21C(=O)Nc2ccc(Cl)cc21,5.014092
JGAMTTJARHTBAO-UHFFFAOYSA-N,Clc1cccc(-n2cc(-c3ccccc3)c3c2ncn2cnnc32)c1,2.504314
KNZPYVJHLUGBIW-VOOSAAORSA-N,CC(C)C[C@H](NC(=O)[C@H](CC1=CNC2C=CC=CC12)NC(=O)[C@H](CCCNC(=N)N)NC(=O)[C@H]1CCC[C@@H]1NC(=O)[C@H](CCC(=O)O)NC(=O)[C@H](CC(=O)O)NC(=O)[C@H](CC(=O)O)NC(=O)[C@@H](N)CCCNC(=N)N)C(=O)N[C@H]1CCC[C@@H]1C(=O)NC(C(=O)N[C@@H](CC(=O)O)C(=O)NC1=CC=C[C@@H]1C(=O)N[C@H](C(=O)N[C@@H](Cc1ccc(O)cc1)C(=O)N[C@@H](CC(=O)O)C(=O)N[C@@H]1CCC[C@H]1C(=O)N[C@H](Cc1c[nH]c2ccccc12)C(=O)N[C@H](Cc1c[nH]cn1)C(N)=O)C(C)C)C(C)O,8.657974
KWEPWRDIBPNLCJ-UHFFFAOYSA-N,CCCCCCCCOC(=O)c1c(Cl)c(Cl)c(Cl)c(Cl)c1-c1c2cc(I)c(=O)c(I)c-2oc2c(I)c(O)c(I)cc12,3.494825
VGGQLLAULCYYQI-UHFFFAOYSA-N,CCCCOc1ccc(F)c(-n2ccc(=O)n(CCCCCOc3ccc(C(=O)O)cc3)c2=O)c1,2.455682
QCLUKMRSPIGCSN-MEDUHNTESA-N,Oc1cc(-c2nnc([C@H](O)[C@@H](O)Cc3nnc(-c4ccc(O)c(O)c4O)o3)o2)cc(O)c1O,3.922257
IDBWWEGDLCFCTD-LHDHWOGPSA-N,Cc1cc(C(=O)N[C@@H](C)C(=O)N[C@H](C(=O)NC(CC(C)C)C(=O)N[C@H](/C=C/C(=O)OCc2ccccc2)C[C@@H]2CCNC2=O)C(C)C)no1,4.289961
PLVWMBFPIAQRHK-VXKWHMMOSA-N,CCC[C@H](NC(=O)[C@H](CC(C)C)NC(=O)OCc1ccccc1)C(=O)C(=O)NCc1ccccn1,3.040795
ACBZBWFKUGVGRC-UHFFFAOYSA-N,COc1ccc(-c2cnc3[nH]cc(NC(=O)c4cccnc4)c3c2)cc1OC,2.254662
NLVRHQFXQFSBQK-XWGVYQGASA-N,CC(C)(C)OC(=O)Nc1cccn([C@@H](CC2CC2)C(=O)N[C@@H](C[C@@H]2CCNC2=O)C(=O)C(=O)NCc2ccccc2)c1=O,3.90603
MMEXJKOSHXYXRF-UHFFFAOYSA-N,CCCCCCCCCCCC[N+](C)(C)CCOc1ccc(Br)cc1,2.26434
YTPHOWZNWUEKOK-UHFFFAOYSA-N,O=C(O)c1ccc(OCCCCCn2c(=O)ccn(-c3c4ccccc4cc4ccccc34)c2=O)cc1,2.487937
LUWFDVWYZOYALA-UHFFFAOYSA-N,CCCCCCCCCCOC(=O)c1c(Cl)c(Cl)c(Cl)c(Cl)c1-c1c2cc(I)c(=O)c(I)c-2oc2c(I)c(O)c(I)cc12,3.504966
UJHDXLPYXRBCNN-PBSJDSSISA-N,COP(=O)(OC)N1C/C(=C\c2ccc(Br)cc2)C(=O)[C@@]2(C1)[C@H](c1ccc(Br)cc1)CN(C)[C@]21C(=O)Nc2ccc(Cl)cc21,5.070033
CYUHVRDTEYEWJT-GHRIWEEISA-N,CCS(=O)(=O)N(c1ccc(C(=O)/C=C2/C(=O)Nc3ccccc32)cc1)S(=O)(=O)CC,2.755279
AAGWZGZFZQICGA-UHFFFAOYSA-N,CN(Cc1ccccc1)C(=O)CSc1c[nH]c2cccc(Br)c12,2.307696
KIQWPBPPGBRNDL-UHFFFAOYSA-N,O=C(CSc1c[nH]c2ccccc12)NCc1ccc(C(F)(F)F)cc1,2.120876
RDWXSJCICPOOKO-UHFFFAOYSA-N,Cn1sc2ccccc2c1=O,2.454284
CGONTYBKIBJCCD-HKBQPEDESA-N,COc1ccc(-c2cccc(S(=O)(=O)N[C@@H](Cc3cccc(C(=N)N)c3)C(=O)N3CCN(C(=O)NC4CCCCC4)CC3)c2)c(OC)c1,3.229836
BUQJUCVPPUJQBJ-UHFFFAOYSA-N,C=CCn1sc2ccccc2c1=O,2.66767
UIDSDWKVJVRPHH-CYBMUJFWSA-N,C[C@@H](NC(=O)CSc1c[nH]c2ccccc12)c1ccccc1,2.393698
NIWGJPKYBWWKOU-UHFFFAOYSA-N,O=C(CSc1c[nH]c2cc(Br)ccc12)NCc1ccc(Cl)c(Cl)c1,2.261573
WENKGGFRFGCULS-DUNSEXALSA-N,CN1C[C@H](c2ccc(F)cc2)[C@]2(CN(S(C)(=O)=O)C/C(=C\c3ccc(F)cc3)C2=O)[C@]12C(=O)Nc1ccccc12,4.66697
HGCGSGYKRCRUFM-DUNSEXALSA-N,CN1C[C@H](c2ccc(Br)cc2)[C@]2(CN(S(C)(=O)=O)C/C(=C\c3ccc(Br)cc3)C2=O)[C@]12C(=O)Nc1ccccc12,4.726907
XAGVUVLRKSMPAA-UHFFFAOYSA-N,CNC(=O)Cn1c(=O)[nH]/c(=N\c2cc3cn(C)nc3cc2Cl)n(Cc2cc(F)c(F)c(F)c2)c1=O,3.362004
JKKULFTYKUEDPL-UHFFFAOYSA-N,O=c1cc(OCCCOc2ccnc(SCc3ccc(F)cc3)n2)c2cc(F)ccc2o1,2.519181
PTUWWNGMUPSKDC-UHFFFAOYSA-N,O=C(NC(Cc1ccc(O)cc1)C(=O)O)c1cc(-c2ccccc2)c(=O)n2c1sc1ccc(OC3CCCCC3)cc12,3.255592
HWYRKZDETMXFKE-ZGFBMJKBSA-N,CC(C)[C@@H](NC(=O)OCc1ccccc1)C(=O)N[C@H](CC1CCCCC1)C(=O)N[C@@H](C=O)C[C@H]1CCNC1=O,3.828486
IYBHFZISLRFUPL-JBACZVJFSA-N,Nc1cccn([C@@H](CC2CC2)C(=O)N[C@@H](C[C@@H]2CCNC2=O)C(=O)C(=O)NCc2ccccc2)c1=O,3.80313
MUNFBYOTGGMQOS-XMMPIXPASA-N,CC(C)(C)c1ccc(N(C(=O)c2c[nH]cn2)[C@@H](C(=O)NC2CCCCC2)c2cccnc2)cc1,3.184856
CCHRSRKMOLSGMR-KBKYZLAFSA-N,CC(=O)N[C@@H](CCc1nc2ccccc2s1)C(=O)N[C@@H](CN)C(=O)NCC(=O)NC/C=C/C(=O)O,3.456935
HPKJGHVHQWJOOT-ZJOUEHCJSA-N,O=C[C@H](C[C@@H]1CCNC1=O)NC(=O)[C@H](CC1CCCCC1)NC(=O)c1cc2ccccc2[nH]1,3.692627
AZTASKRPWMAJOD-VGOFMYFVSA-N,NC(=S)N/N=C/c1ccc(-c2ccc([N+](=O)[O-])cc2)o1,2.313773
BUOSOLLSZIGEML-OAQYLSRUSA-N,CC(C)(C)OC(=O)N[C@@H]1CCN(c2ccc3cccc(OCC(=O)NCc4ccccc4)c3n2)C1,2.783256
PROCLCZZFLLLMZ-UHFFFAOYSA-N,N#Cc1ccc(S(=O)(=O)N2CCN(C(=O)c3cc(O)c(O)c(O)c3)C(C(=O)NCc3ccc(-c4ccccc4)cc3)C2)cc1,3.103042
QMPBBNUOBOFBFS-UHFFFAOYSA-N,Cn1cnc(Cn2c(=O)[nH]/c(=N\c3cc4cn(C)nc4cc3Cl)n(Cc3cc(F)c(F)cc3F)c2=O)n1,3.612374
CARKXKGAXCPLDO-YVBSNHPSSA-N,CCS(=O)(=O)N1C/C(=C\c2ccc(Cl)cc2)C(=O)[C@]2(C1)[C@@H](c1ccc(Cl)cc1)CN(C)[C@@]21C(=O)Nc2ccc(Cl)cc21,4.769845
ZPYRPLKFPICBCL-XACXPKIDSA-N,CN1C[C@H](c2ccccc2)[C@]2(CN(S(C)(=O)=O)C/C(=C\c3ccccc3)C2=O)[C@]12C(=O)Nc1ccc(Cl)cc12,4.639904
QPTRCMKGPYHAKR-UHFFFAOYSA-N,COc1ccccc1CNC(=O)CSc1c[nH]c2c(Br)cccc12,2.282343
PRLIOOFJTHOJPZ-UHFFFAOYSA-N,Nc1ccccc1-n1sc2ccccc2c1=O,2.334769
PPPSWBCFHWAKFZ-UHFFFAOYSA-N,COc1ccccc1CNC(=O)CSc1c[nH]c2cccc(Br)c12,2.285003
ASJKQODISKSGEL-GXDHUFHOSA-N,CS(=O)(=O)Oc1ccc(C(=O)/C=C2/C(=O)Nc3ccccc32)cc1,2.303492
LCFTYIIQOFJNEV-UHFFFAOYSA-N,COc1ccccc1CNC(=O)CSc1c[nH]c2cc(Br)ccc12,2.187464
AXFLRTFFXWYKJJ-UHFFFAOYSA-N,COc1ccccc1CN(C)C(=O)CSc1c[nH]c2ccccc12,2.131638
JZMXCENGODLQED-UHFFFAOYSA-N,CC(C)Cn1sc2ccccc2c1=O,2.487614
OSHNCJIDUNDZJF-YUQJVSQNSA-N,COc1ccc(/C=C2\CN(S(C)(=O)=O)C[C@@]3(C2=O)[C@@H](c2ccc(OC)c(OC)c2)CN(C)[C@@]32C(=O)Nc3ccccc32)cc1OC,4.757837
WEGOLTFKIFSOIH-YCMTUVLUSA-N,CN1C[C@H](c2ccc(F)cc2)[C@]2(CN(S(C)(=O)=O)C/C(=C\c3ccc(F)cc3)C2=O)[C@]12C(=O)Nc1ccc(Cl)cc12,4.730515
MXZWWIYCAKLVCA-UHFFFAOYSA-N,CCCCOC(=O)c1c(Cl)c(Cl)c(Cl)c(Cl)c1-c1c2cc(I)c(=O)c(I)c-2oc2c(I)c(O)c(I)cc12,3.501205
JHDIUUFGPILEJO-UHFFFAOYSA-N,CNC(=O)Cn1c(=O)[nH]/c(=N\c2ccc(OC(F)F)cc2C)n(Cc2cc(F)c(F)c(F)c2)c1=O,3.131197
MXTDWNUJBPWLKN-UHFFFAOYSA-N,CC(C)(C)OC(=O)N1CCN(c2ccc3cccc(OCC(=O)NCc4ccccc4)c3n2)CC1,2.256349
YWWMQXXOXRPZCC-UHFFFAOYSA-N,O=C(O)c1ccc(OCCCCCn2c(=O)ccn(CCCCCOc3ccc(Br)cc3)c2=O)cc1,2.389968
AGFNHUWABBPXMZ-SFYKDHMMSA-N,CC(=O)N1CSC[C@H]1C(=O)N[C@H](C(=O)N[C@@H](CC(C)C)C(=O)NCC(=O)OCCCN1C(=O)C=CC1=O)C(C)(C)C,4.004109
GBFDUEHBZPUKMB-VIZOYTHASA-N,NC(=S)N/N=C/c1ccc(-c2ccc(C(=O)O)cc2)o1,2.20224
BSPZFJDYQHDZNR-GXIXOUGGSA-N,CC(C)C[C@@H](NC(=O)OCc1ccccc1)C(=O)N[C@H](C[C@H]1CCNC1=O)C(O)S(=O)(=O)O,3.842884
QTGORSKTHIBLJT-FIVJMQNTSA-N,O=C(/C=C/c1ccccc1)N[C@@H](CC1CCCCC1)C(=O)N[C@@H](C[C@@H]1CCNC1=O)C(=O)C(=O)NCc1ccccc1,3.647211
MMVYUHFDLZLNDJ-UHFFFAOYSA-N,Cc1ccc(N2CCN(C)CC2)cc1C(=O)NC1(c2cc(-c3cnn(C)c3)nc3ccccc23)CC1,2.752317
GUBDCSAAGRTMKG-CUWPLCDZSA-N,O=C[C@H](C[C@@H]1CCNC1=O)NC(=O)[C@H](Cc1ccc(F)cc1)NC(=O)c1cc2ccccc2[nH]1,3.550984
RJWLAIMXRBDUMH-ULQDDVLXSA-N,CSCC[C@@H](C=O)NC(=O)[C@H](CC(C)C)NC(=O)[C@H](CC(C)C)NC(C)=O,3.429469
BRFDPJYHCJVJEP-ZJOUEHCJSA-N,O=C[C@H](C[C@@H]1CCNC1=O)NC(=O)[C@H](Cc1ccccc1)NC(=O)c1cc2ccccc2[nH]1,3.49151
RWNPWYHREODZKW-SRPIJEGYSA-N,CC(=O)N[C@@H](CCc1ccc(O)cc1)C(=O)N[C@@H](CN)C(=O)NCC(=O)NC/C=C/C(=O)O,3.307167
QXBHVMNLTVALLC-VGOFMYFVSA-N,NC(=S)N/N=C/c1ccc(-c2cccc([N+](=O)[O-])c2)o1,2.366425
ODVWLYKAIGIEPE-UHFFFAOYSA-N,Nc1ccc(S(=O)(=O)N2CCN(C(=O)c3cc(O)c(O)c(O)c3)C(C(=O)NCc3ccc(-c4ccccc4)cc3)C2)cc1,3.053562
BUOSOLLSZIGEML-NRFANRHFSA-N,CC(C)(C)OC(=O)N[C@H]1CCN(c2ccc3cccc(OCC(=O)NCc4ccccc4)c3n2)C1,2.783256
SFOAMIQSXRHIDA-UHFFFAOYSA-N,CCCCCCOC(=O)c1c(Cl)c(Cl)c(Cl)c(Cl)c1-c1c2cc(I)c(=O)c(I)c-2oc2c(I)c(O)c(I)cc12,3.491799
JONKCGVALIFOJI-OCUUXUKKSA-N,C=S(=O)(CC)N1C/C(=C\c2ccc(F)cc2)C(=O)[C@]2(C1)[C@@H](c1ccc(F)cc1)CN(C)[C@@]21C(=O)Nc2ccccc21,5.06334
QQOFPYYPPIHGNV-NONDCYEXSA-N,COP(=O)(OC)N1C/C(=C\c2ccccc2)C(=O)[C@@]2(C1)[C@H](c1ccccc1)CN(C)[C@]21C(=O)Nc2ccc(Cl)cc21,4.931571
TUCOTTOSWOLVMJ-UHFFFAOYSA-N,CN(Cc1ccccc1)C(=O)CSc1c[nH]c2ccccc12,2.01338
BKCDKWJRHGJSRF-UHFFFAOYSA-N,O=c1c2ccccc2sn1CCO,2.488501
GOSIAGRSMKNKPR-UHFFFAOYSA-N,O=C(CSc1c[nH]c2ccc(Br)cc12)NCc1ccc(Cl)c(Cl)c1,2.239228
DPILAZGUIAXGTN-UHFFFAOYSA-N,Cc1ncc(OC(=O)c2cccc3[nH]ccc23)cc1Cl,2.351619
ZUGRGKZJSHHZGX-UHFFFAOYSA-N,Cc1cc(C(=O)Oc2cncc(Cl)c2)c2cc[nH]c2c1,2.372814
KWLOKUMNWAEMHY-UHFFFAOYSA-N,CCCNC(=O)n1sc2ccccc2c1=O,2.495595
MFYVCHMRAJZMLR-UHFFFAOYSA-N,O=C(CSc1[nH]c2ccccc2c1SCC(=O)Nc1ccc(Cl)c(Cl)c1)Nc1ccc(Cl)c(Cl)c1,2.490832
FNWCKZGIMVPZTN-UHFFFAOYSA-N,COc1ccccc1CNC(=O)CSc1c[nH]c2ccc(Br)cc12,2.165443
KRXMYBAZKJBJAB-UHFFFAOYSA-N,Cc1ccc(-n2sc3ccccc3c2=O)cc1,2.105095
NHWITSYUVIJHRS-WTAJHKDLSA-N,C=C1CC[C@@H]2[C@](C)(COC(C)=O)[C@H](OC(C)O)CC[C@@]2(C)[C@@H]1CC(SC(=S)N1CCN(C(c2ccccc2)c2ccc(Cl)cc2)CC1)C1=CCOC1=O,5.260998
SFLYWAKKJPPSFS-IGCPHGIMSA-N,Cc1n[nH]c2c1C(c1ccc([N+](=O)[O-])cc1)C1=C(N=C(N(C)C)NC1N/N=C/C1O[C@H](CO)[C@@H](O)[C@H](O)[C@H]1O)N2,5.428628
NELOAMWPFFAQDU-UHFFFAOYSA-N,COc1ccc2c(c1)C(=O)C(=O)N2Cc1cn(CC(=O)Nc2ccc(C(C)=O)cc2)nn1,2.372145
NLZNSSWGRVBWIX-REVBKLEOSA-N,COC(=O)CC[C@H](NC(=O)[C@H](Cc1c[nH]c2ccccc12)NC(=O)OCc1ccccc1)C(=O)N[C@@H](Cc1cnc[nH]1)C(=O)NC(CC(=O)OC)C(=O)CF,4.190845
ASJKQODISKSGEL-GXDHUFHOSA-N,CS(=O)(=O)Oc1ccc(C(=O)/C=C2/C(=O)Nc3ccccc32)cc1,2.303492
KLCHVIOETGTNDS-UHFFFAOYSA-N,Cc1cccc(CSc2nccc(OCCOc3cc(=O)oc4ccccc34)n2)c1,2.436077
KNNCWKZPHLIGAD-ONKIVUJISA-N,OC[C@@H]1[C@@H](O)[C@H](O)[C@@H](O)CN1CCCCCC12CC(C1)C2,4.595475
YREMPYYYCXBPID-OFAXGOBFSA-N,CC(=O)N[C@H](C(=O)N[C@H](C(=O)N[C@@H](CC(C)C)C(=O)NCC(=O)OCCN1C(=O)C=CC1=O)C(C)(C)C)C(C)C,3.783946
PGZIGPUVOXAGCU-AWEZNQCLSA-N,CC(=O)N[C@H](C(=O)NCC(=O)OCCN1C(=O)C=CC1=O)C(C)C,2.936926
WJGBKYIDFKRSKX-UHFFFAOYSA-N,Cc1n[nH]c2c1C(c1cccs1)C1=C(N=C(N(C)C)N3N=C(c4ccc(Cl)cc4)NC13)N2,4.512347
AIZGXTUUNIJAEY-DTEOHWLHSA-N,C=C1CC[C@@H]2[C@](C)(COC(C)=O)[C@H](OC(C)O)CC[C@@]2(C)[C@@H]1CC(SC(=S)N1CCN(C(c2ccc(F)cc2)c2ccc(F)cc2)CC1)C1=CCOC1=O,5.237619
XIDSLNRVMMPVBZ-UHFFFAOYSA-N,O=C(CSc1c[nH]c2cccc(Br)c12)NCc1ccc(Cl)c(Cl)c1,2.360547
GTTHESNNWLOVLD-UHFFFAOYSA-N,O=c1c2ccccc2sn1Cc1ccccc1,2.034858
FSFLGRDOGLYDFS-UHFFFAOYSA-N,CCOc1ccccc1CN(OC)C(=O)CSc1c[nH]c2cccc(Br)c12,2.753173
DAIJWARWMVCTPJ-UHFFFAOYSA-N,Cc1ccc2[nH]ccc2c1C(=O)Oc1cncc(Cl)c1,2.440074
ZIFJJRRCTKAIGB-UHFFFAOYSA-N,COC(=O)c1ccc(-n2sc3ccccc3c2=O)cc1,2.13113
OUNROJVGCGSCFI-UHFFFAOYSA-N,O=C(CSc1c[nH]c2ccccc12)Nc1ccc(Cl)c(Cl)c1,2.001996
GYVKPAVYPMIITO-UHFFFAOYSA-N,CCCCNC(=O)n1sc2ccccc2c1=O,2.456741
MLTLPJROQNHOKO-UHFFFAOYSA-N,O=C(Oc1cncc(Cl)c1)c1cc(F)cc2[nH]ccc12,2.415428
KVWAOMXRMPOOQG-LBOJAEDFSA-N,CCS(=O)(=O)N1C/C(=C\c2ccc(Cl)cc2)C(=O)[C@]2(C1)[C@@H](c1ccc(Cl)cc1)CN(C)[C@@]21C(=O)Nc2ccccc21,4.707036
NHWITSYUVIJHRS-WTAJHKDLSA-N,C=C1CC[C@@H]2[C@](C)(COC(C)=O)[C@H](OC(C)O)CC[C@@]2(C)[C@@H]1CC(SC(=S)N1CCN(C(c2ccccc2)c2ccc(Cl)cc2)CC1)C1=CCOC1=O,5.260998
JFBYMSCGFLFIGP-UHFFFAOYSA-N,CC(=O)c1ccc(NC(=O)Cn2cc(CN3C(=O)C(=O)c4ccccc43)nn2)cc1,2.282043
MVPQJUFFTWWKBT-HVLXEHQLSA-N,COC(=O)C[C@H](NC(=O)[C@H](C)NC(=O)[C@H](NC(=O)[C@H](Cc1ccc(O)cc1)NC(=O)OCc1ccccc1)C(C)C)C(=O)CF,3.727804
PWKMNWCHICTDMH-UHFFFAOYSA-N,Cc1cccc(NC(=O)CSc2c(C)[nH]c3ccccc23)c1,1.990906
NKORYKWDZIQXSP-XNTDXEJSSA-N,CCS(=O)(=O)Oc1ccc(C(=O)/C=C2/C(=O)Nc3ccc(Cl)cc32)cc1,2.487024
ZOLFTGHFMWRRCQ-NPPFBWRTSA-N,CC(=O)N1CSC[C@H]1C(=O)N[C@H](C(=O)N[C@@H](CC(C)C)C(=O)NCC(=O)OCCN1C(=O)C=CC1=O)C(C)(C)C,4.001269
HWZACFHGFLSIRQ-JTQLQIEISA-N,CC[C@H](NC(C)=O)C(=O)NCC(=O)OCCN1C(=O)C=CC1=O,2.976583
QYENXTYKACLCGO-KZNAEPCWSA-N,CC(C)C[C@@H](NC(=O)OCc1ccccc1)C(=O)N[C@@H](C=O)C[C@H]1CCNC1=O,3.435681
QDIMHKWNHMVDJB-WBAXXEDZSA-N,COc1cccc2[nH]c(C(=O)N[C@@H](CC(C)C)C(=O)N[C@@H](C[C@@H]3CCNC3=O)C(=O)CO)cc12,3.72337
FQKALOFOWPDTED-WBAXXEDZSA-N,COc1cccc2[nH]c(C(=O)N[C@@H](CC(C)C)C(=O)N[C@@H](C[C@@H]3CCNC3=O)C(=O)COP(=O)(O)O)cc12,3.943872
RUHYGYHBVKWREW-GXRSIYKFSA-N,CC(C)C[C@@H](NC(=O)[C@H](NC(=O)OCc1ccccc1)C(C)C)C(=O)N[C@@H](C=O)C[C@H]1CCNC1=O,3.725565
VMZVIDMBNWRCBB-HNNXBMFYSA-N,CC(=O)N[C@H](C(=O)NCC(=O)OCCCN1C(=O)C=CC1=O)C(C)C,2.923567
UKKYCNCWSWDENN-WDJPJFJCSA-N,CC(=O)N[C@H](C(=O)N[C@H](C(=O)N[C@@H](CC(C)C)C(=O)NCC(=O)OCCCN1C(=O)C=CC1=O)C(C)(C)C)C(C)C,3.792266
XVYLNHVEAOOEGI-FAIWKWDXSA-N,OC[C@@H]1[C@@H](O)[C@H](O)[C@@H](O)CN1CCCCCOCC12CC3CC(CC(C3)C1)C2,5.04995
PAVOOVPPTDMDLO-RVDMUPIBSA-N,CS(=O)(=O)N(c1ccc(C(=O)/C=C2/C(=O)Nc3ccccc32)cc1)S(C)(=O)=O,2.587708
CFHTXXKOTGPMQU-UHFFFAOYSA-N,CCOc1cccc(NC(=O)CSc2cn(C(=O)OC(C)(C)C)c3ccccc23)c1,2.297677
NKSMTZPELOATFX-HZUJVAHNSA-N,COC(=O)C[C@H](NC(=O)[C@H](C)NC(=O)[C@H](NC(=O)CCc1ccccc1)C(C)C)C(=O)CF,3.256089
MWAMIDMOJGJSKK-UHFFFAOYSA-N,NO[S+]([O-])c1ccc(NC(=O)Cn2cc(CN3C(=O)C(=O)c4cc(OC(F)(F)F)ccc43)nn2)cc1,3.697718
RMKXHDRTRISBCB-YCMTUVLUSA-N,CN1C[C@H](c2ccc(Cl)cc2)[C@]2(CN(S(C)(=O)=O)C/C(=C\c3ccc(Cl)cc3)C2=O)[C@]12C(=O)Nc1ccc(Cl)cc12,4.724243
IRBBDJYBNHNLKO-UHFFFAOYSA-N,O=C(NCc1ccco1)n1sc2ccccc2c1=O,2.525429
IUYFODOLXCDVEV-UHFFFAOYSA-N,Cc1c(Cl)cncc1OC(=O)c1cccc2[nH]ccc12,2.400844
JRSBMUWHGBISID-UHFFFAOYSA-N,COc1cccc(NC(=O)CSc2c[nH]c3ccccc23)c1,1.927065
JROSKNTUYSPHGX-UHFFFAOYSA-N,O=C(Oc1cncc(Cl)c1)c1cccc2c1CCN2,2.4586
HTGWNSJHOKFSEN-UHFFFAOYSA-N,Cc1c[nH]c2cccc(C(=O)Oc3cncc(Cl)c3)c12,2.378165
KDMQSUUXKLZVNU-UHFFFAOYSA-N,O=c1c2ccccc2sn1-c1ccccc1,2.053035
JROSKNTUYSPHGX-UHFFFAOYSA-N,O=C(Oc1cncc(Cl)c1)c1cccc2c1CCN2,2.4586
PGVFVGUGIJCERX-RPPGKUMJSA-N,Cc1n[nH]c2c1C(c1ccc([N+](=O)[O-])cc1)c1c(N/N=C/c3ccc(Br)cc3)nc(N(C)C)nc1N2,3.739162
OEDYFNFRLNGOCR-ZQHMDUQPSA-N,C=C1CC[C@@H]2[C@](C)(COC(C)=O)[C@H](OC(C)O)CC[C@@]2(C)[C@@H]1CC(SC(=S)N1CCc2ccccc2[C@@H]1c1ccccc1)C1=CCOC1=O,5.264712
YGHCNXCGOVTXGN-UHFFFAOYSA-N,O=C(CSc1c[nH]c2ccccc12)NCc1ccc(Cl)c(Cl)c1,2.074692
ACLZBMSEUGWFIO-KBXCAEBGSA-N,CC(=O)N1CSC[C@H]1C(=O)N[C@H](C(=O)NCC(=O)OCCCN1C(=O)C=CC1=O)C(C)(C)C,3.695419
POTPADDPWDZZEZ-NSHDSACASA-N,CC(=O)N1CSC[C@H]1C(=O)NCC(=O)OCCCN1C(=O)C=CC1=O,3.238604
FSFLGRDOGLYDFS-UHFFFAOYSA-N,CCOc1ccccc1CN(OC)C(=O)CSc1c[nH]c2cccc(Br)c12,2.753173
CQOAHWAPCQGQNC-UHFFFAOYSA-N,NO[S+]([O-])c1ccc(NC(=O)Cn2cc(CN3C(=O)C(=O)c4ccccc43)nn2)cc1,3.497215
OEDYFNFRLNGOCR-XNWJNKOUSA-N,C=C1CC[C@@H]2[C@](C)(COC(C)=O)[C@H](OC(C)O)CC[C@@]2(C)[C@@H]1CC(SC(=S)N1CCc2ccccc2[C@H]1c1ccccc1)C1=CCOC1=O,5.264712
NMUWZFNBPTXVEK-LGJNPRDNSA-N,Cc1ccc(/C=N/Nc2nc(N(C)C)nc3c2C(c2ccc([N+](=O)[O-])cc2)c2c(C)n[nH]c2N3)cc1,3.693173
KZAVRKCUYNPFSL-UHFFFAOYSA-N,C=CCc1cn(CC=C)c2cccc(C(=O)Oc3cncc(Cl)c3)c12,2.807011
CPXPGFUBQYOVQL-UHFFFAOYSA-N,O=c1c2ccccc2sn1CCCc1ccccc1,2.063336
BOSZJNSICHFHMA-UHFFFAOYSA-N,O=C(Oc1cncc(Cl)c1)c1cccc2[nH]ccc12,2.243436
YKETVOGYIZZFGR-UHFFFAOYSA-N,CN(Cc1ccccc1)C(=O)CSc1c[nH]c2c(Br)cccc12,2.304914
XZZLYYYXSWYYKL-UHFFFAOYSA-N,O=c1c2ccccc2sn1-c1ccc(Cl)cc1,2.125031
LFMRWHCIESXQIW-UHFFFAOYSA-N,COc1cccc2[nH]c(C(=O)Oc3cncc(Cl)c3)cc12,2.321843
QPAMZFBGFIOWBO-UHFFFAOYSA-N,Cc1cccc(NC(=O)CSc2c[nH]c3ccccc23)c1,1.926017
KNURQGGJBBBYHV-UHFFFAOYSA-N,O=C(CN1C(C(=O)c2ccc(F)c(Cl)c2)C(=O)c2ccc(F)cc2S1(=O)=O)Nc1ccc(C(F)(F)F)cc1,3.276521
RIEQBAIORONNKN-RPPGKUMJSA-N,Cc1n[nH]c2c1C(c1ccc([N+](=O)[O-])cc1)c1c(N/N=C/c3ccc(Cl)cc3)nc(N(C)C)nc1N2,3.70275
XPSKUDGEBCYOOS-UHFFFAOYSA-N,COc1ccc2c(c1)C(=O)C(=O)N2Cc1cn(CC(=O)Nc2ccc([S+]([O-])ON)cc2)nn1,3.545601
FATZKUQQYDHMNU-LNMRYCPJSA-N,COc1ccccc1CNC(=O)[C@@H]1CN2CCC1C[C@H]2Cn1cc(-c2cccc(O)c2)nn1,4.329799
NQSNTEYVKFJYTJ-VPGIWFEVSA-N,CC[C@H](C)[C@@H](NC(=O)CCc1ccccc1)C(=O)N[C@H](CCC(=O)OC)C(=O)N[C@@H](C(=O)N[C@H](CC(=O)OC)C(=O)CF)[C@@H](C)O,4.078822
CFVPWMXIGWWNAV-UHFFFAOYSA-N,O=C(NCCNC(=S)Nc1ccc(O)c(O)c1)c1cc(=O)c2c(O)cccc2o1,2.506677
TXCHUBHNNMCEIA-UHFFFAOYSA-N,COc1ccccc1CNC(=O)CSc1c[nH]c2ccccc12,2.000726
CYUHVRDTEYEWJT-GHRIWEEISA-N,CCS(=O)(=O)N(c1ccc(C(=O)/C=C2/C(=O)Nc3ccccc32)cc1)S(=O)(=O)CC,2.755279
HCWXJOREARTCJT-JTQLQIEISA-N,CC(=O)N1CSC[C@H]1C(=O)NCC(=O)OCCN1C(=O)C=CC1=O,3.264989
PLMDWPOJRAYWPS-SUMWQHHRSA-N,CC(=O)N1CSC[C@H]1C(=O)N[C@H](C(=O)NCC(=O)OCCN1C(=O)C=CC1=O)C(C)(C)C,3.705752
XSTDJVKYGOVXQQ-KBXCAEBGSA-N,CC[C@H](NC(C)=O)C(=O)N[C@H](C(=O)NCC(=O)OCCCN1C(=O)C=CC1=O)C(C)(C)C,3.45438
WBRKFSSMEYRPGH-NSHDSACASA-N,CC[C@H](NC(C)=O)C(=O)NCC(=O)OCCCN1C(=O)C=CC1=O,2.958443
WZECSTGWQTZCIY-SFQUDFHCSA-N,CCS(=O)(=O)N(c1ccc(C(=O)/C=C2/C(=O)Nc3ccc(Cl)cc32)cc1)S(=O)(=O)CC,2.832142
MFYVCHMRAJZMLR-UHFFFAOYSA-N,O=C(CSc1[nH]c2ccccc2c1SCC(=O)Nc1ccc(Cl)c(Cl)c1)Nc1ccc(Cl)c(Cl)c1,2.490832
VWYDFSSLCZLUGB-TZIBIFCZSA-N,CC[C@H](C)[C@H](N)C1=N[C@H](C(=O)N[C@@H](CC(C)C)C(=O)N[C@H](CCC(=O)O)C(=O)N[C@H](C(=O)N[C@H]2CCCCNC(=O)[C@H](CC(N)=O)NC(=O)[C@@H](CC(=O)O)NC(=O)[C@H](Cc3ncc[nH]3)NC(=O)[C@@H](Cc3ccccc3)NC(=O)[C@H]([C@@H](C)CC)NC(=O)[C@@H](CCCN)NC2=O)[C@@H](C)CC)CS1,7.495638
SXCZFXIYKMIMMF-UHFFFAOYSA-N,NO[S+]([O-])c1ccc(NC(=O)Cn2cc(CN3C(=O)C(=O)c4cc(F)ccc43)nn2)cc1,3.575509
CFHTXXKOTGPMQU-UHFFFAOYSA-N,CCOc1cccc(NC(=O)CSc2cn(C(=O)OC(C)(C)C)c3ccccc23)c1,2.297677
SCOBQUKCPDSHPB-UHFFFAOYSA-N,O=c1c2ccccc2sn1Cc1ccco1,2.438299
XBVPAGLILYEOGS-UHFFFAOYSA-N,C=CCn1ccc2c(C(=O)Oc3cncc(Cl)c3)cccc21,2.466101
VHCDTESYHOZJIB-UHFFFAOYSA-N,O=C(CSc1c[nH]c2c(Br)cccc12)N(Cc1ccccc1)Cc1ccccc1,2.276
FZYRAOYAYPHAMW-UHFFFAOYSA-N,CCCN1C(=O)C(=O)c2cc(C(=O)OC)ccc21,1.969852
ZCJHLBHJGLCVRU-UHFFFAOYSA-N,O=C1C2C3C=CC(C3)C2C(=O)C2C3C=CC(C3)C12,5.510161
BTOVWCZBXBSAQA-UHFFFAOYSA-N,Cn1c(C(=O)NCCCNC(=O)n2cc(F)c(=O)[nH]c2=O)cc2ccccc21,2.581146
LXCISDRRPFVQLC-AJNGGQMLSA-N,CSCC[C@H](NC(=O)[C@H](CCCCN)NC(=O)[C@H](CS)NC(C)=O)C(=O)N[C@@H](CS)C(N)=O,3.753152
VXYQVSHWFNVJAE-UHFFFAOYSA-N,O=C(O)c1cccc2c1NC(c1cccc(Br)c1)C1CC=CC21,3.356008
GWZBIBSVFWEANJ-UHFFFAOYSA-N,COc1cc2c(cc1F)C1(NCC2)C(=O)Nc2ccc(F)cc21,3.628838
YFGDWYKLGMSVNE-UHFFFAOYSA-N,Cc1cccn(O)c1=S,2.994874
HWKXYLQVRLBWNG-UHFFFAOYSA-N,CC(C)c1cnc2c(c1SCC(=O)Nc1ccc(F)cc1)c(=O)n(C)c(=O)n2C,2.468118
UNCPYHNWMSLFFV-UHFFFAOYSA-N,Cc1cccc(C(=O)Oc2c(C)cccc2C(=O)Oc2cncc(Cl)c2)c1O,2.406848
OEVKRDQVDJTPII-UHFFFAOYSA-N,Cc1cc(O)c2c(c1)C(=O)c1c(NCCCN)c(O)cc(O)c1C2=O,2.740596
BBASZYFNPJOYPZ-UHFFFAOYSA-N,O=C(O)c1ccc(CSc2nc3cc(F)c(Oc4ccc(F)cc4)cc3[nH]2)cc1,2.228002
RYGJIKURQDMMQZ-IHOKFDBFSA-N,C[C@H](NC(=O)C(c1cccnc1)N(C(=O)c1ccco1)c1ccc(-c2ccccc2)cc1)c1ccccc1,3.042882
MPPXDRWYFZATIY-UHFFFAOYSA-N,O=C(c1cc(=O)[nH]c(=O)[nH]1)N1CCC(c2cc(Cl)c(Cl)c(Cl)c2)CC1,2.559513
FFIQMOBVMCFVRF-GCJJNJNJSA-N,CC(=O)C1C(=O)C=C2Oc3c(-c4csc(N/N=C/c5ccc(Br)s5)n4)c(O)c(C)c(O)c3[C@@]2(C)C1=O,4.467599
QNTKVQQLMHZOKP-NEJDVEAASA-N,OC[C@H]1O[C@@](CO)(OC[C@@]2(OC[C@@]3(OC[C@@]4(O[C@H]5O[C@H](CO)[C@@H](O)[C@H](O)[C@H]5O)O[C@H](CO)[C@@H](O)[C@@H]4O)O[C@H](CO)[C@@H](O)[C@@H]3O)O[C@H](CO)[C@@H](O)[C@@H]2O)[C@@H](O)[C@@H]1O,6.113884
UUVBJRJJCQBXEQ-UHFFFAOYSA-N,CC(C)(C)OC(=O)C1CCC(C(=O)Nc2nc3c(Cl)cccc3o2)CC1,2.496558
BYUGVEOEFPQOBM-UHFFFAOYSA-N,Cc1cc(O)c2c(c1S(=O)(=O)O)C(=O)c1cc(O)cc(O)c1C2=O,2.77176
QWZUXAFHGWAEOX-UHFFFAOYSA-N,Cc1ccc(C(=O)Oc2cncc(Cl)c2)c(O)c1,2.131013
GKNNUFVSPINFPF-UHFFFAOYSA-N,Cc1ccc2c(Nc3ccc(F)cc3)c(C(=O)N3CCCCCC3)cnc2n1,2.247684
RCWJCTXRXJZSQK-UHFFFAOYSA-N,Cc1ccn(O)c(=S)c1,3.049474
XPATXODQXQXQDM-UHFFFAOYSA-N,COc1cc2c(cc1F)C1(NCC2)C(=O)Nc2ccc(Cl)cc21,3.618243
CMKDXTIMQMLGFL-UHFFFAOYSA-N,COc1cc2c(cc1OC)C1(NCC2)C(=S)Nc2ccc(Cl)cc21,3.681339
IGKDWUOAKOWPTF-XMCUXHSSSA-N,CC(=O)N[C@@H](CS)C(=O)N1CCCC1C(=O)N[C@@H](CS)C(N)=O,3.393236
YQWFLPRHIACOBN-UHFFFAOYSA-N,O=C(NCCCNC(=O)n1cc(F)c(=O)[nH]c1=O)c1cc2ccccc2[nH]1,2.546292
QDIMHKWNHMVDJB-WBAXXEDZSA-N,COc1cccc2[nH]c(C(=O)N[C@@H](CC(C)C)C(=O)N[C@@H](C[C@@H]3CCNC3=O)C(=O)CO)cc12,3.72337
SIONLJQSJGOTQF-UHFFFAOYSA-N,CCCCN1C(=O)C(=O)c2cc(C(=O)OC)ccc21,1.959439
HENVEYFKOOGIOO-UHFFFAOYSA-N,COC(=O)c1ccc2c(c1)C(=O)C(=O)N2C,1.975245
UPFRLUKDHMINPH-UHFFFAOYSA-N,CCCN1C(=O)C(=O)c2cc(C(N)=O)ccc21,2.027912
PEXDVTLKRDUWFO-UHFFFAOYSA-N,COc1cc2c(cc1F)C1(NCC2)C(=O)Nc2ccc(C)cc21,3.605604
PKWLBFNBNSTQST-UHFFFAOYSA-N,O=C(O)c1ccccc1C(=O)Nc1ccc(-c2nnc(-c3ccccc3)o2)cc1,1.89169
GKWQAKBXTSURPB-YGIYOFKLSA-N,CN[C@@H]1[C@H](O[C@@H]2[C@H](O[C@H]3[C@H](O)[C@@H](CP(=O)(O)O)[C@H](N=C(N)N)[C@@H](O)[C@@H]3N=C(N)N)O[C@@H](O)[C@]2(O)CCP(=O)(O)O)O[C@@H](CO)[C@H](O)[C@H]1O,6.197685
GBVXANLRSHPVHG-DUCMRRHSSA-N,CC(=O)C1C(=O)C=C2Oc3c(-c4csc(N/N=C/c5sccc5C)n4)c(O)c(C)c(O)c3[C@@]2(C)C1=O,4.458338
IUVWGSZCNPXIOJ-NGYBGAFCSA-N,Cc1cc([N+](=O)[O-])c(-c2ccc(/C=N/NC(=O)c3nonc3N)o2)cc1Cl,2.791308
SAFVOXFFNIPXBI-JMDOFIGRSA-N,Cc1oc2nc1C(=O)N[C@](C)(C(=O)NC1CCCN(c3ccc(CCN)cc3)C1)c1nc(c(C)o1)C(=O)N[C@](C)(C(=O)NC1CCN(c3ccc(CCN)cc3)CC1)c1nc(c(C)o1)C(=O)N[C@]2(C)C(=O)NC1CCN(c2ccc(CCN)cc2)CC1,7.405228
NTNYHMJYSGPGCQ-UHFFFAOYSA-N,NC(=O)c1ccc2c(c1)C(=O)C(=O)N2Cc1ccc2ccccc2c1,1.999176
HPKJGHVHQWJOOT-ZJOUEHCJSA-N,O=C[C@H](C[C@@H]1CCNC1=O)NC(=O)[C@H](CC1CCCCC1)NC(=O)c1cc2ccccc2[nH]1,3.692627
AKYONPXEPTZZJI-SAMNPIAGSA-N,Cc1oc2nc1C(=O)N[C@](C)(C(=O)Nc1cc(N(C)C)ccc1CCN)c1nc(c(C)o1)C(=O)N[C@](C)(C(=O)Nc1cc(N(C)C)ccc1CCN)c1nc(c(C)o1)C(=O)N[C@]2(C)C(=O)Nc1cc(N(C)C)ccc1CCN,7.222972
OYTNHSXZOSSYJN-CNHKJKLMSA-N,Cc1cc(-c2ccc(/C=N/NC(=O)Cn3nnnc3N)o2)c([N+](=O)[O-])cc1C,2.787205
YGFVTMGDFIQLFQ-DUCMRRHSSA-N,CC(=O)C1C(=O)C=C2Oc3c(-c4csc(N/N=C/c5ccc(C)s5)n4)c(O)c(C)c(O)c3[C@@]2(C)C1=O,4.436045
HNNDUVLZXRMTPS-ALYQPIBKSA-N,OC[C@H]1O[C@H](O[C@H]2O[C@H](CO)[C@@H](O)[C@H](O)[C@H]2O[C@H]2O[C@H](CO)[C@@H](O)[C@H](O)[C@H]2O[C@H]2O[C@H](CO)[C@@H](O)[C@H](O)[C@H]2O[C@H]2O[C@H](CO)[C@@H](O)[C@H](O)[C@H]2O[C@H]2O[C@H](CO)[C@@H](O)[C@H](O)[C@H]2O)[C@H](O)[C@@H](O)[C@@H]1O,5.683317
RAKAPPJABUBSGD-UHFFFAOYSA-N,O=C(CC12CC3CC(CC(C3)C1)C2)C(=O)Nc1cccc(OCCCN2CCOCC2)c1,3.666211
RWEBGWSVJMVETK-UHFFFAOYSA-N,COc1cc2c(cc1F)C1(NCC2)C(=O)Nc2c(Br)cc(Br)cc21,3.913062
BSPZFJDYQHDZNR-ASPXRTSYSA-N,CC(C)C[C@H](NC(=O)OCc1ccccc1)C(=O)N[C@@H](CC1CCNC1=O)C(O)S(=O)(=O)O,3.842884
UJCHIZDEQZMODR-BYPYZUCNSA-N,CC(=O)N[C@@H](CS)C(N)=O,2.734152
VDNGDPGHZKPFHH-UHFFFAOYSA-N,NC(=O)c1ccc2c(c1)C(=O)C(=O)N2Cc1cc2ccccc2s1,2.267287
DKYBERVCUALHHG-UHFFFAOYSA-N,CCCCN1C(=O)C(=O)c2cc(I)ccc21,2.170684
QXWSJHHADNHGQN-UHFFFAOYSA-N,COc1ccccc1CNC(=O)CSc1cn(C)c2ccccc12,2.020785
ZRTLOGMPZXDOQV-AUOPALFESA-N,COc1ccc2c(c1)c(CC(=O)NCCCCCCC(=O)N[C@H](C(=O)C1N[C@H](C(=O)N[C@@H](C)c3ccc(-c4scnc4C)cc3)C[C@H]1O)C(C)(C)C)c(C)n2C(=O)c1ccc(Cl)cc1,4.882027
QWTUCZRORXAMPV-UHFFFAOYSA-N,O=C1C(=O)N(CN2CCOCC2)c2ccc(Cl)cc21,2.15598
SWBHRTWJNUKJGX-RNFRBKRXSA-N,CC(=O)N[C@H](CS)C(=O)NCC(=O)N[C@H](CS)C(N)=O,3.14146
GKDZSGOSTQSGNT-UHFFFAOYSA-N,CC(C)Cn1c(C(=O)NCCCNC(=O)n2cc(F)c(=O)[nH]c2=O)cc2cc(C(F)(F)F)ccc21,2.88375
PXPZZZZQRNCWHX-UHFFFAOYSA-N,CC(C)Cn1c(C(=O)NCCCNC(=O)n2cc(F)c(=O)[nH]c2=O)cc2ccccc21,2.681044
QEQGAIPVZYHYPA-UHFFFAOYSA-N,COc1ccc2c(c1OC)CCNC21C(=O)Nc2ccc(F)cc21,3.623546
WFUZYNUZYKCZJW-UHFFFAOYSA-N,COc1cccc(-c2ccnc3nc(N4CCCCC4)[nH]c(=O)c23)c1,2.41458
NYCMWBOOSPXSNB-UHFFFAOYSA-N,Cc1ccc(=S)n(O)c1,2.932076
KJJOZDJMVAQFFW-WOQJSSNBSA-N,CCCCCCCCCCCCCCCC(C)Cc1nnc(SCC(O)CO)n1/N=C/c1cn(Cc2ccccc2)c2ccccc12,3.733756
GBFDUEHBZPUKMB-VIZOYTHASA-N,NC(=S)N/N=C/c1ccc(-c2ccc(C(=O)O)cc2)o1,2.20224
NOKOJEOPQLLCNL-ZDCRTTOTSA-N,Cc1oc2nc1C(=O)N[C@](C)(C(=O)OC(C)C)c1nc(c(C)o1)C(=O)N[C@](C)(C(=O)OC(C)C)c1nc(c(C)o1)C(=O)N[C@]2(C)C(=O)OC(C)C,6.660004
UWCNYUKPPQGNMZ-LZYBPNLTSA-N,COc1ccc(-c2ccc(/C=N/NC(N)=S)o2)cc1OC,2.220823
HCURYSQJGREHOP-FRKPEAEDSA-N,N#Cc1cc(-c2ccc(/C=N/NC(N)=S)o2)ccc1O,2.624142
WZBUVKGUABINJT-ZVHZXABRSA-N,Cc1c(NC(=S)N/N=C/c2ccc(-c3ccc([N+](=O)[O-])cc3)o2)c(=O)n(-c2ccccc2)n1C,2.598465
JGJJCXBQYAWUFV-CJNGLKHVSA-N,[C-]#[N+]c1ccc(CNC(=O)[C@@H]2CCC[C@H](Nc3nc(C)nc(NC)n3)C2)c(C(F)(F)F)c1,3.689663
KVLOEFKBTCCASR-UHFFFAOYSA-N,Cc1cccc(=S)n1O,2.971036
RGWVVEFOFSTTPY-UHFFFAOYSA-N,Cc1cc(C)c2c(N3CCCC3)nc(C(=O)N3CCCCC3)nc2n1,2.490607
VJJXLMKFVBUDIS-UHFFFAOYSA-N,CN1C(=O)C2(NCCc3cc4c(cc32)OCCO4)c2cc(Cl)ccc21,3.670102
SNJXBRHNYDZGKX-UHFFFAOYSA-N,CCn1c(C(=O)NCCCNC(=O)n2cc(F)c(=O)[nH]c2=O)cc2ccccc21,2.606407
GMABJXHOHFHSLT-AJNGGQMLSA-N,CSCC[C@H](NC(=O)[C@H](CS)NC(C)=O)C(=O)N[C@@H](CCCCN)C(=O)N[C@@H](CS)C(N)=O,3.753152
NAXBTMOXVUBTMT-UHFFFAOYSA-N,CC(C)Cn1c(C(=O)NCCCNC(=O)n2cc(F)c(=O)[nH]c2=O)cc2cc(F)ccc21,2.785135
QLDDTGDDLGYCQR-UHFFFAOYSA-N,O=C1C(=O)N(CN2CCOCC2)c2ccc([N+](=O)[O-])cc21,2.281239
UTASNHDUPWMLJY-FIZWSPBBSA-N,COc1ccc2c(c1)c(CC(=O)NCCN1CCN(C(=O)CCC(=O)N[C@H](C(=O)C3N[C@H](C(=O)N[C@@H](C)c4ccc(-c5scnc5C)cc4)C[C@H]3O)C(C)(C)C)CC1)c(C)n2C(=O)c1ccc(Cl)cc1,5.07597
FDVVVCKJTOJTHY-UHFFFAOYSA-N,Cn1cc(SCC(=O)NCc2ccc(Cl)c(Cl)c2)c2ccccc21,2.092443
FHXKQEFQCDBMSD-UHFFFAOYSA-N,CCCN1C(=O)C(=O)c2cc(I)ccc21,2.211096
RPMOZTXHJDAKOV-UHFFFAOYSA-N,O=c1sc2ccccc2n1Cc1ccccc1,1.718293
MHGOPQDELUOKPE-UHFFFAOYSA-N,O=C1C(=O)N(CO)c2ccccc21,2.052474
CIONIIWSVPYOSP-UHFFFAOYSA-N,O=C(NCCCNC(=O)n1cc(F)c(=O)[nH]c1=O)c1cc2ccccc2n1Cc1ccccc1,2.535022
OEBVSVQILHVAJO-UHFFFAOYSA-N,CC(C)Cn1c(C(=O)NCCCNC(=O)n2cc(F)c(=O)[nH]c2=O)cc2cc(OC(F)(F)F)ccc21,2.933594
XUNUNZAURVDKGP-SRVKXCTJSA-N,CC(=O)N[C@@H](CS)C(=O)N[C@@H](Cc1ccc(O)c(O)c1)C(=O)N[C@@H](CS)C(N)=O,3.431468
JTSLALYXYSRPGW-UHFFFAOYSA-N,N#Cc1ccc(-c2cnc3[nH]cc(NC(=O)c4cccnc4)c3c2)cc1,2.319542
RGLIAWGLDXUKKZ-UHFFFAOYSA-N,On1c(=S)ccc2ccccc21,2.479836
LOQOGNHVALJWKW-UHFFFAOYSA-N,CON(C)C(=O)C(=O)N(C)c1ccc(NC(=O)CC23CC4CC(CC(C4)C2)C3)cc1,3.869906
SSFMNWVQVIILOH-YWIBTEMISA-N,CCCCCCCCCCCCCCCC(C)Cc1nnc(SCCO)n1/N=C/c1cn(Cc2ccccc2)c2ccccc12,3.383345
IDBWWEGDLCFCTD-VNEMRZQUSA-N,Cc1cc(C(=O)N[C@@H](C)C(=O)N[C@H](C(=O)N[C@@H](CC(C)C)C(=O)N[C@H](/C=C/C(=O)OCc2ccccc2)C[C@@H]2CCNC2=O)C(C)C)no1,4.289961
FBRLIBPBDRBKDM-HJOGWXRNSA-N,Cc1oc2nc1C(=O)N[C@](C)(C(=O)O)c1nc(c(C)o1)C(=O)N[C@](C)(C(=O)O)c1nc(c(C)o1)C(=O)N[C@]2(C)C(=O)O,6.524996
GBFDUEHBZPUKMB-VIZOYTHASA-N,NC(=S)N/N=C/c1ccc(-c2ccc(C(=O)O)cc2)o1,2.20224
SIWCXZAWSGRAIS-VJOZVQJDSA-N,Cc1oc2nc1C(=O)N[C@](C)(C(=O)Nc1cccc(CCN)c1)c1nc(c(C)o1)C(=O)N[C@](C)(C(=O)Nc1cccc(CCN)c1)c1nc(c(C)o1)C(=O)N[C@]2(C)C(=O)Nc1ccc(CCN)cc1,6.795422
FYEGXKYSNJHGJJ-FRKPEAEDSA-N,NC(=O)c1ccc(-c2ccc(/C=N/NC(N)=S)o2)cc1,2.248802
ROOAWSGVWLPDFX-XWGVYQGASA-N,CC(C)(C)OC(=O)Nc1cccn(C(=O)N[C@@H](CC2CC2)C(=O)N[C@@H](C[C@@H]2CCNC2=O)C(=O)C(=O)NCc2ccccc2)c1=O,4.029851
VJTLXWPIIWQBLS-VLNAADLNSA-N,CC(=O)C1C(=O)C=C2Oc3c(-c4csc(N/N=C/c5cccs5)n4)c(O)c(C)c(O)c3[C@@]2(C)C1=O,4.39595
LJFHPWXJDBHGHG-UHFFFAOYSA-N,Cc1ccc(S(=O)(=O)N2CCC(C(=O)NC3CCCCCC3)CC2)c(C)c1,2.081329
QSOTWVWXSUXKJA-UHFFFAOYSA-N,CC1CCN(c2nc3ncn(-c4ccccc4)c(=S)c3c(=O)[nH]2)CC1,2.757432
RTPXYUZLLYULJQ-UHFFFAOYSA-N,On1ccc2ccccc2c1=S,2.495266
CJTVDIBZBUWIFC-UHFFFAOYSA-N,COc1ccc(-c2cnc3[nH]cc(C#Cc4cccnc4)c3c2)cc1OC,2.520491
YCEZTGFHPHYSGF-UHFFFAOYSA-N,CC(C)Cc1ccc(C(C)C(=O)Oc2cncc(Cl)c2)cc1,2.674458
KXTFBCOEROZFIG-UHFFFAOYSA-N,O=C1Nc2c(Br)cc(Br)cc2C12NCCc1cc3c(cc12)OCCO3,3.95824
YHWUKRCQVMSDIV-UHFFFAOYSA-N,Cc1ccc2c(c1)cc(C(=O)NCCCNC(=O)n1cc(F)c(=O)[nH]c1=O)n2CC(C)C,2.762218
ZRUIMDMDIRQCKV-UHFFFAOYSA-N,O=C1C(=O)N(CN2CCOCC2)c2ccccc21,2.039322
AFZSMODLJJCVPP-UHFFFAOYSA-N,c1ccc2sc(SSc3nc4ccccc4s3)nc2c1,2.355188
FVRVCKWJOSBBDD-UHFFFAOYSA-N,CN1C(=O)C(=O)c2cc(I)ccc21,2.287717
HXHWSAZORRCQMX-UHFFFAOYSA-N,CCCSc1ccc2nc(NC(=O)OC)[nH]c2c1,2.391193
ASVPWOBASOPKEC-IIBYNOLFSA-N,C[C@@]1(O)CCN(C(=O)CCCc2nc3ccccc3[nH]2)C[C@H]1n1ccc(=O)[nH]c1=O,3.510311
WOZSCQDILHKSGG-UHFFFAOYSA-N,CC(C)(C)C(=O)OCOP(=O)(COCCn1cnc2c(N)ncnc21)OCOC(=O)C(C)(C)C,3.27641
JDEUJNQLQIMIJM-YMTOWFKASA-N,C[C@@]1(O)CN(C(=O)CCC(=O)O)CC[C@H]1n1ccc(=O)[nH]c1=O,3.52398
VSQQQLOSPVPRAZ-DSYKOEDSSA-N,O=c1[nH]c(=O)n([C@H]2C[C@@H](O)[C@H](CO)O2)cc1C(F)(F)F,3.61184
SQANVQYLDPEULW-ZHKQUFGTSA-N,CC(C)c1nc(CNC(=O)N[C@@H](C(=O)N[C@H](Cc2ccccc2)C[C@H](O)[C@@H](Cc2ccccc2)NC(=O)OCc2cncs2)C(C)C)cs1,4.121762
CSKDFZIMJXRJGH-DEPYFDJDSA-N,O=C(NN1C(=O)[C@H]2[C@@H]3C=C[C@@H]([C@@H]4C[C@H]34)[C@@H]2C1=O)c1ccc(C(F)(F)F)cc1,4.640998
QDGZDCVAUDNJFG-PRJMDXOYSA-N,C=C1[C@@H](CO)[C@@H](O)C[C@H]1n1cnc2c(=O)[nH]c(N)nc21,4.085793
GMEYOGCJRWNADB-YUKKFKLSSA-N,Nc1nc(N)c2c(n1)O[C@@]1(COCCN(C(=O)/C=C/C(=O)O)C1)C2,4.168053
UDTJYKKDSCDXBX-ZIMYNFRDSA-N,C[C@@H](O)[C@@H]1C(=O)N2C(C(=O)O)=C(O[C@H]3CN[C@@H](C(=O)Nc4cccc(C(=O)O)c4)C3)C[C@H]12,4.105075
RHWKPHLQXYSBKR-BMIGLBTASA-N,C[C@@H]1CCO[C@H]2Cn3cc(C(=O)NCc4ccc(F)cc4F)c(=O)c(O)c3C(=O)N12,3.622005
KEJCWVGMRLCZQQ-GHLMCRBVSA-N,CO/N=C(\C(=O)N[C@H]1C(=O)N2C(C(=O)O[C@H](C)OC(C)=O)=C(COC(N)=O)CS[C@H]12)c1ccco1,4.109297
RXZBWNGUTUDXCB-MEBBXXQBSA-N,Cc1cn([C@@H]2CN(C(=O)CCC(=O)O)CC[C@@]2(C)O)c(=O)[nH]c1=O,3.443511
BCEHBSKCWLPMDN-QFYYESIMSA-N,C[C@@H](c1ncncc1F)[C@@](O)(Cn1cncn1)c1ccc(F)cc1F,3.590676
LCQXIDKTBJQMLZ-CQSZACIVSA-N,Cc1cn([C@@H]2CCCN(C(=O)OCc3nc4ccccc4n3C)C2)c(=O)[nH]c1=O,2.932852
HBKNVIRXFLPDKH-XOBRGWDASA-N,C[C@]1(O)CCN(C(=O)CCCN2C(=O)NC3(CCCC3)C2=O)C[C@@H]1n1ccc(=O)[nH]c1=O,4.145529
OHKOGUYZJXTSFX-JXVAYASWSA-N,CC1(C)S[C@@H]2[C@@H](NC(=O)[C@H](C(=O)O)c3ccsc3)C(=O)N2[C@@H]1C(=O)O,3.927981
IWUCXVSUMQZMFG-UOPPWDSKSA-N,NC(=O)c1ncn([C@H]2O[C@@H](CO)[C@H](O)[C@H]2O)n1,3.868771
ONERCQLZGHDOTI-UONOGXRCSA-N,NCCCCC(=O)N1C[C@@H](O)[C@@H](n2ccc3c(C(N)=O)ccnc32)C1,3.431982
ALERUQYUFZBIHS-JPYJTQIMSA-N,Cc1cc2nc(CCC(=O)N3CC[C@](C)(O)[C@H](n4cc(C)c(=O)[nH]c4=O)C3)[nH]c2cc1C,3.633028
YUAAOPBFCUAMJG-VBKZILBWSA-N,C[C@@]1(O)CCN(C(=O)c2cccc(OCC(=O)O)c2)C[C@@H]1n1cnc2c(N)ncnc21,3.409828
NFROZTBQJQWVRS-QRWLVFNGSA-N,Cc1ccc2nc(OCC(=O)N3CC[C@](C)(O)[C@H](n4ccc(=O)[nH]c4=O)C3)[nH]c2c1,3.70132
HOXAYMWMKBXYJG-OILHZVAOSA-N,Cc1ccc2c(c1)OC(C)(C)[C@@H]1C[C@@H]3CN(C(=O)COCC(=O)O)CC[C@H]3O[C@@H]21,3.996639
WPVFJKSGQUFQAP-RKDXNWHRSA-N,CC(C)[C@@H](N)C(=O)OC[C@@H](CO)OCn1cnc2c(=O)[nH]c(N)nc21,3.714725
GQBGFQRZBCABJE-CABCVRRESA-N,Cc1ccc2[nH]c(COCC(=O)N3C[C@@H](n4cnc5c(N)ncnc54)[C@@H](O)C3)nc2c1,3.571774
VVTCGQGHJYBJLX-MISXGVKJSA-N,Nc1ncnc2c1ncn2[C@@H]1CCCC[C@H](NCCCC(=O)O)[C@H]1O,3.582887
JNVHYRKCRHIEMR-LZWOXQAQSA-N,NCCOc1cccc(C(=O)N2C[C@@H](O)[C@@H](N3CN=C4C3=NC=N[C@@H]4N)C2)c1,4.320749
IWOVIOGQWDMTHH-IERDGZPVSA-N,Cc1cn([C@@H]2CN(C(=O)COc3nc4ccccc4n3C)CC[C@]2(C)O)c(=O)[nH]c1=O,3.642441
PQWCWNXJULEGDW-BDJLRTHQSA-N,Cc1cn([C@@H]2CN(C(=O)CCCC(=O)O)CC[C@@]2(C)O)c(=O)[nH]c1=O,3.44539
UMQDQRMAFULSCM-RNJXMRFFSA-N,Cc1cn([C@@H]2C[C@H](N=[N+2]#N)[C@@H](CO[P@@](=O)(O)O[P@@](=O)(O)O[P+](=O)(=O)[O-])O2)c(=O)[nH]c1=O,5.533689
ZPRUSEUEAPKMBP-JSGCOSHPSA-N,Cc1[nH]c(=O)[nH]c1C(=O)CCCCC(=O)N1C[C@H](O)[C@@H](n2cc(C)c(=O)[nH]c2=O)C1,3.692932
SLLFACHWAOAFMT-UHFFFAOYSA-N,CCOc1ccc(CCC(=O)O)cc1-c1cc(-c2ccc(F)cc2)n(Cc2ccccc2)n1,2.229532
BCEHBSKCWLPMDN-QFYYESIMSA-N,C[C@@H](c1ncncc1F)[C@@](O)(Cn1cncn1)c1ccc(F)cc1F,3.590676
LSQZJLSUYDQPKJ-RMIALFOJSA-N,CC1(C)S[C@H]2[C@@H](NC(=O)[C@@H](N)c3ccc(O)cc3)C(=O)N2[C@H]1C(=O)O,3.660829
XNKLLVCARDGLGL-HTQZYQBOSA-N,Cc1cn([C@H]2C=C[C@H](CO)O2)c(=O)[nH]c1=O,3.582011
XQSPYNMVSIKCOC-RITPCOANSA-N,Nc1nc(=O)n([C@H]2CS[C@@H](CO)O2)cc1F,3.887363
IASPBORHOMBZMY-UHFFFAOYSA-N,O=C(Nc1ccccc1-c1cn2c(CN3CCNCC3)csc2n1)c1cnc2ccccc2n1,2.690015
FRACPXUHUTXLCX-DDKRZIBASA-N,CC(C)(C)OC(=O)Nc1cccn([C@@H](CC2CC2)C(=O)N[C@@H](C[C@H]2CCNC2=O)[C@@H](O)C(=O)NCc2ccccc2)c1=O,4.119604
BYPKBFGNLXCERX-CHWSQXEVSA-N,O=C(O)COc1cccc(C(=O)N2C[C@@H](O)[C@H](n3cc(Cl)c(=O)[nH]c3=O)C2)c1,3.255212
ORFOPKXBNMVMKC-SYODWGPNSA-N,CC(C)(O/N=C(\C(=O)N[C@H]1C(=O)N2C(C(=O)O)=C(C[n+]3ccccc3)CS[C@H]12)c1csc(N)n1)C(=O)[O-],4.280987
IQFYYKKMVGJFEH-GJMOJQLCSA-N,Cc1cn([C@H]2C[C@@H](O)[C@H](CO)O2)c(=O)[nH]c1=O,3.376367
HEFNNWSXXWATRW-JTQLQIEISA-N,CC(C)Cc1ccc([C@H](C)C(=O)O)cc1,2.191755
UFTYLSAJFHNBJK-LURJTMIESA-N,C[C@@H](OCCn1cnc2c(N)ncnc21)P(=O)(O)O,3.407187
LAHWUFPJEOEXLA-PSTGCABASA-N,Cc1cn(C[C@]2(O)CC[C@@H](N(C)C(=O)CCC(=O)O)C[C@H]2O)c(=O)[nH]c1=O,3.994086
ZUGCRBMNFSAUOC-YRNVUSSQSA-N,COc1cc(O)c(C(=O)/C=C/c2ccc(O)cc2)cc1CC=C(C)C,2.454469
HCQUMJYLWCSLLR-QYWGDWMGSA-N,COc1c(C(C)C)cc2c(c1O)[C@@]1(C)CCCC(C)(C)[C@@H]1C[C@@H]2O,3.986398
RHMXXJGYXNZAPX-UHFFFAOYSA-N,Cc1cc(O)c2c(c1)C(=O)c1cc(O)cc(O)c1C2=O,2.408931
AJHWPFYAIBXMKJ-JCGIZDLHSA-N,CC1=C[C@]2(O)CC[C@H]3C(C)(C)CCC[C@]3(C)C2=CC1=O,4.244607
DWDOXTINEVOYSV-FFZOFVMBSA-N,CC(C)C1=C[C@]2(O)CC[C@H]3C(C)(C)CCC[C@]3(C)C2=CC1=O,4.296493
JIPPMKUXMDLGCD-YRNDCAJDSA-N,CC(=O)O[C@@H]1C(=O)[C@@H]2CC[C@@H]3[C@]1(C2)C(=O)[C@@H](O)[C@@H]1C(C)(C)C[C@]2(O)C(=O)OC[C@@]132,6.699655
UCOLOGFFOJGXGN-HEPPIXLFSA-N,CC1=CC[C@@H]2[C@@H](C1)c1c(/C=C/c3ccc(O)cc3)cc(O)cc1OC2(C)C,3.623355
HICKZJMJOXACIR-UHFFFAOYSA-N,COc1cc(OC)c2c(c1)C(=O)c1cc(C)cc(OC)c1C2=O,2.167423
UPBJEHBYZUPVDF-JUALLIRVSA-N,COc1cc([C@@H]2CC(=O)c3c(cc(O)c(C/C=C(\C)CCC=C(C)C)c3O)O2)cc(OC)c1O,3.493752
GTEXSOHUVFEXMJ-BGEOSOQGSA-N,CC1=CC[C@@H]2[C@@H](C1)c1c(O)cc(/C=C/c3ccc(O)cc3)cc1OC2(C)C,3.502032
RQJGBVDTAFXEIJ-UHFFFAOYSA-N,Cc1c(-c2ccc(O)c(O)c2)oc2cc(O)cc(O)c2c1=O,2.510873
WPZLJHVSIPEPJH-UAAWYHEHSA-N,CC[C@H](C)C[C@@H](C)/C=C(\C)[C@@]1(C)O[C@@](C)(c2c3c(cn(C)c2=O)[C@@]2(OC)CCC(=O)C[C@H]2O3)CC[C@H]1C,5.473561
ICCCTINORQADKA-UHFFFAOYSA-N,CC(c1ccc(O)c(O)c1)c1cc(=O)c2c(O)cccc2o1,3.019597
QHCQSGYWGBDSIY-HZPDHXFCSA-N,CCCCc1cc(O)c2c(c1)OC(C)(C)[C@@H]1CCC(C)=C[C@@H]21,3.461886
CKSUSXRQDWUSGT-QGGQDBDUSA-N,C=C1CC[C@H]2[C@@](C)(CCC[C@]2(C)C(=O)O)[C@@H]1C/C=C(\C)[C@@H]1CCc2c(O)c(CC3C(=O)C(C(C)=O)C(=O)C(C)(C)C3=O)c(O)c(C(=O)CCC)c2C1,5.538433
UAXIYOKLPAVKKO-VEZXFZPBSA-N,O=C1C[C@H](c2ccc(O)cc2)c2c(cc(O)c3c2O[C@H](c2ccc(O)c(O)c2)[C@H](OC(=O)c2cc(O)c(O)c(O)c2)C3)O1,4.193116
IEPKWJCBNGNVDF-WQIPHUEGSA-N,COc1cc(-c2oc3cc(O)cc(O)c3c(=O)c2O[C@@H]2O[C@H](CO[C@@H]3O[C@@H](C)[C@H](O)[C@@H](O)[C@H]3O)[C@@H](O)[C@H](O)[C@H]2O)cc(O)c1O,4.867007
KJXSIXMJHKAJOD-GJZGRUSLSA-N,O=C1c2c(O)cc(O)cc2O[C@@H](c2cc(O)c(O)c(O)c2)[C@H]1O,3.533628
USVIPPRFYRVOQB-SXUAVWAJSA-N,CCN1C(=O)CCC1c1c(O)cc(O)c2c1O[C@@H](c1cc(O)c(O)c(O)c1)[C@@H](OC(=O)c1cc(O)c(O)c(O)c1)C2,4.32083
XGAIRODEJLQNBI-UHFFFAOYSA-N,O=c1c(CCC2CO2)c(-c2ccc(O)c(O)c2)oc2cc(O)cc(O)c12,3.275802
WPZLJHVSIPEPJH-UAAWYHEHSA-N,CC[C@H](C)C[C@@H](C)/C=C(\C)[C@@]1(C)O[C@@](C)(c2c3c(cn(C)c2=O)[C@@]2(OC)CCC(=O)C[C@H]2O3)CC[C@H]1C,5.473561
XPHFOBQVOVBHDP-SCMBCXDZSA-N,CC[C@H](C)C[C@@H](C)/C=C(\C)[C@@]1(C)O[C@@](C)(c2c3c(cn(C)c2=O)[C@@]2(OC)CCC(OC)(OC)C[C@H]2O3)CC[C@H]1C,5.630651
HAHYQYHDHMZCIB-UHFFFAOYSA-N,O=c1c(COCCO)c(-c2ccc(O)c(O)c2)oc2cc(O)cc(O)c12,2.74476
CKSUSXRQDWUSGT-RZNGMERMSA-N,C=C1CC[C@H]2[C@@](C)(CCC[C@]2(C)C(=O)O)[C@@H]1C/C=C(\C)[C@H]1CCc2c(O)c(CC3C(=O)C(C(C)=O)C(=O)C(C)(C)C3=O)c(O)c(C(=O)CCC)c2C1,5.538433
USVIPPRFYRVOQB-STYNEHFQSA-N,CCN1C(=O)CCC1c1c(O)cc(O)c2c1O[C@H](c1cc(O)c(O)c(O)c1)[C@H](OC(=O)c1cc(O)c(O)c(O)c1)C2,4.32083
OISNUAGADFFZMC-CHXLFPOFSA-N,CCN1C(=O)CC[C@@H]1c1c(O)cc2c(c1O)C[C@@H](OC(=O)c1cc(O)c(O)c(O)c1)[C@@H](c1ccc(O)c(O)c1)O2,4.211169
PATPZEUUPZHPHI-ITUUZZBWSA-N,C[C@H]1CC[C@@H]2[C@@H](C(=O)c3c(O)c([C@]4(O)CCC(O)(O)[C@@H]5O[C@@H]54)c[nH]c3=O)[C@@H](C)C=C[C@H]2C1,5.289562
JWPZQWKMASEBNO-SQMJIZMMSA-N,O=C(/C=C/c1ccc(O)c(O)c1)O[C@@H]1Cc2c(O)cc(O)cc2O[C@@H]1c1ccc(O)c(O)c1,3.605806
PELKIIPDZWDSKX-ZBKNUEDVSA-N,CC(C)(O)C1Cc2cc(/C=C3\OC(=O)C(c4cc5c(cc4O)OC(C)(C)C(O)C5)C3=O)ccc2O1,4.371586
WPZLJHVSIPEPJH-XNPWINIOSA-N,CC[C@H](C)C[C@@H](C)/C=C(\C)[C@@]1(C)O[C@@](C)(c2c3c(cn(C)c2=O)[C@@]2(OC)CCC(=O)C[C@H]2O3)CC[C@@H]1C,5.473561
YXWXVUSGNDTEJY-LRXDAGSUSA-N,C[C@@H]1C[C@H](C)[C@H]2c3c(ccn(O)c3=O)O[C@H](C)[C@@]2(C)C1,4.668141
KQMVAGISDHMXJJ-UHFFFAOYSA-N,COc1cc(O)c2c(=O)c(-c3ccc(O)cc3)coc2c1,2.209394
JGEWWECZHHEMFT-ZLONGOGWSA-N,CC[C@H](/C=C/C=C/C=C/C(=O)c1c(O)c(C2=CCC(O)CC2)cn(O)c1=O)CO,4.394964
WIRRQLQRDSREEG-UHFFFAOYSA-N,O=c1oc2cc(O)cc(O)c2c2oc3cc(O)ccc3c12,2.665892
DJQRTLNVHQQQCS-FYOYPEGLSA-N,CC(C)C[C@H](NC(=O)OCc1ccccc1)C(=O)N[C@@H](CC1CCNC1=O)C(C)S(=O)(=O)O,3.82674
DWCXXICTUDDKTB-JQWIXIFHSA-N,CC1=CC(=O)[C@@]2(O[C@H]2C(=O)CC(C)C)C(=O)N1,4.526439
PVMAFRKRHGVJOS-KHOZXUSZSA-N,O=C(OC[C@H]1C[C@@H](OC(=O)c2cc(O)c(O)c(O)c2)[C@H](OC(=O)c2cc(O)c(O)c(O)c2)[C@@H](OC(=O)c2cc(O)c(O)c(O)c2)[C@@H]1O)c1cc(O)c(O)c(O)c1,4.596671
JXGIYKRRPGCLFV-JOCHJYFZSA-N,CC(C)(C)NC(=O)[C@@H](c1cccnc1)N(C(=O)c1ccco1)c1ccc(C(C)(C)C)cc1,2.908556
DWCXXICTUDDKTB-ZYHUDNBSSA-N,CC1=CC(=O)[C@]2(O[C@@H]2C(=O)CC(C)C)C(=O)N1,4.526439
QLTWQIOYJXJUJH-WFEKMPBRSA-N,C[C@@H]1C[C@H](C)[C@@H](c2c(O)cc[nH]c2=O)[C@H](C)[C@@](C)(O)C1,4.312901
CQWUIBZRNKFXRS-UHFFFAOYSA-N,O=C(Oc1ccc(O)c(O)c1)c1cc(=O)c2c(O)cccc2o1,2.356759
REIDKNJPKCZOCD-QPJJXVBHSA-N,CC(=O)Oc1ccc(/C=C/C(=O)OC2Cc3c(O)cc(O)cc3OC2c2cc(O)c(O)c(O)c2)cc1,3.66153
BNLVODKLELGOBT-DUXPYHPUSA-N,O=C(/C=C/c1ccc(O)c(O)c1)OC1Cc2c(O)cc(O)cc2OC1c1cc(O)c(O)c(O)c1,3.734192
PQBATSTYUATBBZ-DLCKZTKESA-N,O=C(O[C@H]1Cc2c(O)cc(O)cc2OC1c1cc(O)c(O)c2c(=O)c(O)cc(C3Oc4cc(O)cc(O)c4C[C@H]3O)cc12)c1ccc(O)c(O)c1O,4.89202
ZUIXFZJBOJTTET-OWOJBTEDSA-N,Oc1cc(/C=C/c2cc(O)c(O)c(O)c2)cc(O)c1O,2.362715
MSTNVJDHQJXVFI-UHFFFAOYSA-N,CC(C)=CCc1cc(C2CCc3ccc(O)cc3O2)cc(O)c1O,3.216119
QAHZLNKOVIYDGB-UHFFFAOYSA-N,Cc1ccc(-c2oc3ccccc3c(=O)c2O)cc1,1.867431
MCJWZZBYWKEBAV-STZSEOLCSA-N,O=C1c2ccc(O)c([C@@H]3OC(O)C(O)C(O)[C@H]3O)c2OCC1c1ccc(O)cc1,4.232946
INFKGIQNEZSZMS-ZBKSJXDOSA-N,CC(=O)Oc1cc2c(cc1C(C)C)C=CC1C(C)(C)[C@@H](OC(C)=O)CC[C@]21C,3.986097
BNLVODKLELGOBT-DUXPYHPUSA-N,O=C(/C=C/c1ccc(O)c(O)c1)OC1Cc2c(O)cc(O)cc2OC1c1cc(O)c(O)c(O)c1,3.734192
IPHQLOCHDZNFAY-GQCTYLIASA-N,CC(=O)Oc1ccc(/C=C/C(=O)OC2Cc3c(O)cc(O)cc3OC2c2cc(O)c(O)c(O)c2)cc1OC(C)=O,3.821296
MSTNVJDHQJXVFI-UHFFFAOYSA-N,CC(C)=CCc1cc(C2CCc3ccc(O)cc3O2)cc(O)c1O,3.216119
HCQUMJYLWCSLLR-QYWGDWMGSA-N,COc1c(C(C)C)cc2c(c1O)[C@@]1(C)CCCC(C)(C)[C@@H]1C[C@@H]2O,3.986398
SPVBYUUOYMVKJL-ZECJCAIXSA-N,COC(=O)C[C@H](c1ccc(O)cc1)c1c(O)cc(O)c2c1O[C@H](c1cc(O)c(O)c(O)c1)[C@H](OC(=O)c1cc(O)c(O)c(O)c1)C2,4.298377
ALVPFGSHPUPROW-UHFFFAOYSA-N,CCCSSCCC,2.819104
FCBIKWDKLODCOY-TZRRMPRUSA-N,COc1cc([C@@H]2Oc3cc4c(cc3C(=O)[C@H]2O)CC[C@@](C)(CCCCO)O4)ccc1O,3.850228
UFCLZKMFXSILNL-BMPVICKZSA-N,O=C(/C=C/c1ccc(O)c(O)c1)O[C@@H]1[C@@H](O)C[C@@](O)(C(=O)O)C[C@H]1OC(=O)/C=C/c1ccc(O)c(O)c1,4.141057
YFDKIHAZVQFLRC-HXUWFJFHSA-N,COC(=O)[C@]1(C)CCCc2c1ccc1c2C(=O)C(=O)c2c(C)coc2-1,3.599221
YSTPAHQEHQSRJD-SECBINFHSA-N,CC1=CC(=O)[C@@H](C(C)C)CC1,3.253613
LQGUBLBATBMXHT-UHFFFAOYSA-N,Cc1cc(O)c2c(c1)C(=O)c1cccc(O)c1C2=O,2.18886
VFLDPWHFBUODDF-KYPMKJFLSA-N,COc1cc(/C=C\C(=O)CC(=O)/C=C/c2ccc(O)c(OC)c2)ccc1O,2.425674
OVSQVDMCBVZWGM-QLNOSOPISA-N,O=c1c(O[C@H]2O[C@H](CO)[C@H](O)[C@@H](O)[C@H]2O)c(-c2ccc(O)c(O)c2)oc2cc(O)cc(O)c12,4.007675
YAAJRTVBAVFJQG-CYBMUJFWSA-N,CC(=O)c1c(O)cc(O)cc1C[C@@H]1Cc2cc(O)cc(O)c2C(=O)O1,3.379279
RTIXKCRFFJGDFG-UHFFFAOYSA-N,O=c1cc(-c2ccccc2)oc2cc(O)cc(O)c12,2.096003
REFJWTPEDVJJIY-UHFFFAOYSA-N,O=c1c(O)c(-c2ccc(O)c(O)c2)oc2cc(O)cc(O)c12,2.544709
XFDQJKDGGOEYPI-UHFFFAOYSA-O,COc1cc(-c2[o+]c3cc(O)cc(O)c3cc2O)ccc1O,2.916091
SEOVTRFCIGRIMH-UHFFFAOYSA-N,O=C(O)Cc1c[nH]c2ccccc12,1.729354
GADIKQPUNWAMEB-UHFFFAOYSA-N,CCc1c(C(=O)OC)ncc2[nH]c3cc(OC)c(OC)cc3c12,2.424486
IKIIZLYTISPENI-YRIDSSQKSA-N,O=C(O)[C@@H]1O[C@H](Oc2cc3oc(-c4ccccc4)cc(=O)c3c(O)c2O)[C@@H](O)[C@H](O)[C@H]1O,3.892785
FEFAIBOZOKSLJR-UHFFFAOYSA-N,CC(C)C1=Cc2ccc3c(c2C(=O)C1=O)CCCC3(C)C,2.921077
UYHHGHQLVKQIQK-OAHLLOKOSA-N,CNc1ccc([C@H]2CCN3Cc4ccccc4N=C23)cc1C(=O)OC,3.150675
BYVWXQRJRYELNP-AFYYWNPRSA-N,O=C1C(c2ccc(O)c(O)c2)Oc2cc(O)cc(O)c2[C@H]1O,3.546265
BPRXODFDYBYPRA-MJAJTENYSA-N,COc1cc([C@H]2OC[C@@H]2c2cc(/C=C/C(=O)NCCc3ccc(O)cc3)cc(OC)c2O)ccc1O,3.404143
TYCLBPSZSGTWCX-UHFFFAOYSA-N,Oc1ccc(Cc2ncc[nH]2)cc1Oc1cccc(Cc2ncc[nH]2)c1,2.581582
REFJWTPEDVJJIY-UHFFFAOYSA-N,O=c1c(O)c(-c2ccc(O)c(O)c2)oc2cc(O)cc(O)c12,2.544709
VCCRNZQBSJXYJD-UHFFFAOYSA-N,O=c1c(O)c(-c2ccccc2)oc2cc(O)cc(O)c12,2.225481
FFERWTFUZDSRQX-UXHICEINSA-N,O=C1c2ccccc2N[C@H]1[C@H]1c2ccccc2-n2c1nc1ccccc1c2=O,3.218006
SPCXZDDGSGTVAW-XIDUGBJDSA-N,CC1=C2[C@H](CC1)[C@H](C)CC[C@@H]1[C@H]2C1(C)C,4.035988
DILWBGJKPDDTLS-UHFFFAOYSA-N,C=CC(C)(C)c1c2c(c(O)c3c(=O)c4cccc(O)c4oc13)CCC(C)(C)O2,3.307903
RRAFCDWBNXTKKO-UHFFFAOYSA-N,C=CCc1ccc(O)c(OC)c1,1.960895
YWQKYQPYGMDGFG-GTNSWQLSSA-N,CCOC(=O)[C@H]1N=Cc2[nH]c3cccc(OC(C)C)c3c2[C@@H]1C,3.846405
DWDOXTINEVOYSV-AHRSYUTCSA-N,CC(C)C1=C[C@@]2(O)CC[C@@H]3C(C)(C)CCC[C@@]3(C)C2=CC1=O,4.296493
PFTAWBLQPZVEMU-HIFRSBDPSA-N,Oc1cc(O)c2c(c1)O[C@@H](c1ccc(O)c(O)c1)[C@H](O)C2,3.344094
FTVWIRXFELQLPI-CYBMUJFWSA-N,O=C1C[C@H](c2ccc(O)cc2)Oc2cc(O)cc(O)c21,2.825487
ZBHUUXLHDOUMKM-REZTVBANSA-N,CC(C)=CCC/C(C)=C/Cc1cc(-c2coc3cc(O)ccc3c2=O)ccc1O,2.756347
ZRMWSCPMGTWKPO-IHLOFXLRSA-N,COc1ccc2cc1Oc1ccc(cc1)C[C@@H]1c3cc(c(OC)cc3CCN1C)Oc1cc3c(c(OC)c1O)CCN(C)[C@H]3C2,5.968521
AIONOLUJZLIMTK-CQSZACIVSA-N,COc1ccc([C@H]2CC(=O)c3c(O)cc(O)cc3O2)cc1O,2.911947
VEVZSMAEJFVWIL-UHFFFAOYSA-O,Oc1cc(O)c2cc(O)c(-c3ccc(O)c(O)c3)[o+]c2c1,3.03791
NSMMPEJLOMMKCX-ILELCVFRSA-N,CCCCCCCCCCC/C=C1/C(=O)O[C@H](C)[C@H]1O,3.299503
VMZGZQGCIBFDJR-WUKNDPDISA-N,CN(C)CCCN(CCCCNC(=O)c1ccccc1)C(=O)/C=C/c1ccccc1,2.150209
VFLDPWHFBUODDF-FCXRPNKRSA-N,COc1cc(/C=C/C(=O)CC(=O)/C=C/c2ccc(O)c(OC)c2)ccc1O,2.425674
LRLXAXGCQUOKIO-ATYLQFJESA-N,[H]/N=C(\N)NCCCCNC(=O)/C=C/c1cc(OC)c2c(c1)[C@@H](C(=O)NCCCCN/C(N)=N/[H])[C@H](c1ccc(O)cc1)O2,4.365381
VMXHAVNNYIGUTL-SZMSYODNSA-N,CC1=C(/C=C/C(C)=C/C=C/C(C)=C/C=C/C=C(C)/C=C/C=C(\C)CCC(=O)[C@]2(C)C[C@H](O)CC2(C)C)C(C)(C)C[C@@H](O)C1,4.936666
GKHOGRMKNUUWFH-SHWYRAPHSA-N,O=C(/C=C\c1ccc(O)c(O)c1)O[C@@H]1[C@H](O)CC[C@H]1OC(=O)/C=C/c1ccc(O)c(O)c1,3.738231
ULSUXBXHSYSGDT-UHFFFAOYSA-N,COc1ccc(-c2cc(=O)c3c(OC)c(OC)c(OC)c(OC)c3o2)cc1,2.374225
KZNIFHPLKGYRTM-UHFFFAOYSA-N,O=c1cc(-c2ccc(O)cc2)oc2cc(O)cc(O)c12,2.252669
BYRGGBMULKTYME-QHCPKHFHSA-N,CC(C)=CCC[C@@]1(C)CCc2c(c(C)cc3c2[nH]c2cc(O)ccc23)O1,3.466754
UTEFVWWPMXBETL-SXGWCWSVSA-N,COc1cc(CCC(=O)NCCc2ccc(O)cc2)ccc1Oc1cc(/C=C\C(=O)NCCc2ccc(O)cc2)cc(OC)c1O,2.703083
HARGZZNYNSYSGJ-SNVBAGLBSA-N,Cc1cccc2c3c(ccc12)C1=C(C(=O)C3=O)[C@H](C)CO1,3.18604
SCHKABUWAYOIBY-WEVVVXLNSA-N,COc1cc(/C=C/C(=O)NCCCCn2c(C=O)ccc2CO)ccc1O,2.740901
FAFKEIMQBPAMNO-FRKPEAEDSA-N,C=C(/C(C)=C/C)c1c(OC)c2c(c3c(-c4ccccc4)cc(=O)oc13)OC(C)(C)C=C2,3.221002
ZQSIJRDFPHDXIC-UHFFFAOYSA-N,O=c1c(-c2ccc(O)cc2)coc2cc(O)ccc12,2.071328
UBJVUCKUDDKUJF-UHFFFAOYSA-N,C=CCSCC=C,3.404805
RZDVRZOFWDUODE-JSOSNVBQSA-N,COc1ccc2cc1Oc1ccc(cc1)C[C@@H]1c3cc(c(OC)cc3CCN1C)Oc1cc3c(c(OC)c1OC)CCN(C)[C@H]3C2,5.944437
LNTHITQWFMADLM-UHFFFAOYSA-N,O=C(O)c1cc(O)c(O)c(O)c1,2.095278
RPMNUQRUHXIGHK-SLNHTJRHSA-N,C[C@@H]1O[C@H](O[C@H]2[C@H](Oc3cc(O)c4c(=O)cc(-c5ccc(O)cc5)oc4c3)O[C@H](CO)[C@@H](O)[C@@H]2O)[C@H](O)[C@H](O)[C@H]1O,4.60637
FTQXELOPBMFYKP-DYLAAIIWSA-N,COc1ccc2c(c1)N[C@@H]1[C@@H]2CCN[C@@H]1C,3.670049
HCQUMJYLWCSLLR-WHSLLNHNSA-N,COc1c(C(C)C)cc2c(c1O)[C@]1(C)CCCC(C)(C)[C@H]1C[C@H]2O,3.986398
LSHVYAFMTMFKBA-CTNGQTDRSA-N,O=C(O[C@@H]1Cc2c(O)cc(O)cc2O[C@H]1c1ccc(O)c(O)c1)c1cc(O)c(O)c(O)c1,3.608068
SGAWOGXMMPSZPB-UHFFFAOYSA-N,CC1=C(C=O)C(C)(C)CC=C1,3.417037
XGVJWXAYKUHDOO-KSYCFECVSA-N,O[C@@H]1[C@H]2c3cc4c(cc3CN3CCC(=C[C@@H]1O)[C@H]23)OCO4,4.165135
DROARAMNSGFOAW-NJWMRHRVSA-N,O=C(O[C@H]1Cc2c(O)cc(O)cc2O[C@@H]1c1cc(O)c(O)c(O)c1)[C@H]1C[C@@H](O)[C@H](O)[C@@H](O)C1,4.479071
LTUGUGXKMMPGRF-HNNXBMFYSA-N,COc1cc2c3c(c4cc(OC)c(OC)cc4c2cc1OC)CN1CCCC[C@H]1C3,2.938003
YDDGKXBLOXEEMN-XAKUNQSDSA-N,O=C(/C=C/c1ccc(O)c(O)c1)O[C@H](C(=O)O)[C@@H](OC(=O)/C=C/c1ccc(O)c(O)c1)C(=O)O,3.514184
NGSWKAQJJWESNS-ZZXKWVIFSA-N,O=C(O)/C=C/c1ccc(O)cc1,1.783128
RDWZVQVSXRSNDS-PZMYXVABSA-N,COc1cc([C@H]2O[C@@H](c3ccc(O)c(OC)c3)[C@H](C(=O)Cc3ccc(O)cc3C(=O)O)[C@H]2C(=O)Cc2ccc(O)cc2C(=O)O)ccc1O,4.316529
YIICVSCAKJMMDJ-SNVBAGLBSA-N,O[C@@H]1CCN2Cc3ccccc3N=C12,3.234166
VYKJHZPVMQESSZ-SNMMKEDWSA-N,O=C(O)[C@@H](Cc1ccc(O)c(O)c1)OC/C=C\c1ccc(O)c2c1[C@H](C(=O)O[C@H](Cc1ccc(O)c(O)c1)C(=O)O)O[C@@H]2c1ccc(O)c(O)c1,4.68962
HARGZZNYNSYSGJ-JTQLQIEISA-N,Cc1cccc2c3c(ccc12)C1=C(C(=O)C3=O)[C@@H](C)CO1,3.18604
ABDQTIKKAYGHNV-UHFFFAOYSA-N,O=c1c(O)c(-c2cccc(O)c2)oc2cc(O)cc(O)c12,2.4474
MTRCSFCAOFJJGL-QUDODWQYSA-N,C=CC/C(=N\OSOOO)S[C@@H]1O[C@H](CO)[C@@H](O)[C@H](O)[C@@H]1O,4.902577
XBAHULAFZOLUBT-VIFPVBQESA-N,CO[C@H]1C=CC2=NC3=C(CCN=C3C)C2=C1,4.49618
XVFMGWDSJLBXDZ-UHFFFAOYSA-O,Oc1ccc(-c2[o+]c3cc(O)cc(O)c3cc2O)cc1,2.894629
JRSJLGASDWZQGF-VKDZGMKNSA-N,COC(=O)/C(=C\c1ccc(O)c(O)c1)Oc1ccc(/C=C/C(=O)O[C@@H](Cc2ccc(O)c(O)c2)C(=O)O)cc1O,3.471718
AYDKOFQQBHRXEW-OKTNMODBSA-N,CC1(C)C[C@H]2C3=CC[C@@H]4[C@@]5(C)CC[C@@H](O)C(C)(C)[C@@H]5CC[C@@]4(C)[C@@]3(C)C[C@@H](O)[C@]2(CO)[C@@H](O)[C@@H]1O,5.093795
OWGUBYRKZATRIT-QPJJXVBHSA-N,COc1cc(O)cc(O)c1C(=O)/C=C/c1ccc(O)cc1,2.239653
OUGNWRCWQLUXHX-CVXRCJAMSA-N,COc1cc(C)c2c(=O)cc(C[C@@H](C)O)oc2c1[C@@H]1O[C@@H](CO)[C@@H](O)[C@@H](O)[C@@H]1OC(=O)/C=C/c1ccc(O)cc1,4.402388
KSEBMYQBYZTDHS-HWKANZROSA-N,COc1cc(/C=C/C(=O)O)ccc1O,1.869063
VSHUQLRHTJOKTA-XBXARRHUSA-N,O=C(/C=C/c1ccc(O)c(O)c1)NCCc1ccc(O)cc1,2.060697
XDUXBBDRILEIEZ-IBGZPJMESA-N,Cc1coc2c1C(=O)C(=O)c1c-2ccc2c1CCC[C@@]2(C)CO,3.626101
WRYLYDPHFGVWKC-SNVBAGLBSA-N,CC1=CC[C@](O)(C(C)C)CC1,3.664577
QDAQTXSEIPFKEE-NUTIFNJFSA-N,COc1cc(/C=C/C(=O)N[C@@H](O)C(=O)c2ccc(O)cc2)ccc1O,2.746155
MZSGWZGPESCJAN-IGIASEDTSA-N,O=C(/C=C/c1ccc(O/C(=C/c2ccc(O)c(O)c2)C(=O)O)c(O)c1)O[C@@H](Cc1ccc(O)c(O)c1)C(=O)O,3.444438
SSEUDFYBEOIWGF-CQSZACIVSA-N,COc1cc2c3c(c4cc(OC)c(OC)cc4c2cc1OC)CN1CCC[C@@H]1C3,2.931032
XLTSBDOZTUSCMX-UHFFFAOYSA-N,CC(C)C1=CC(=O)C=CC1=O,2.624111
PFTAWBLQPZVEMU-UKRRQHHQSA-N,Oc1cc(O)c2c(c1)O[C@H](c1ccc(O)c(O)c1)[C@H](O)C2,3.344094
HARQODABMDXYTD-FJIJXJHWSA-N,CC(=O)c1cc2c(cc1C(C)C)C=C[C@@H]1C(C)(C)[C@H](C(C)=O)CC[C@@]21C,4.121666
ZUGCRBMNFSAUOC-YRNVUSSQSA-N,COc1cc(O)c(C(=O)/C=C/c2ccc(O)cc2)cc1CC=C(C)C,2.454469
IQPNAANSBPBGFQ-UHFFFAOYSA-N,O=c1cc(-c2ccc(O)c(O)c2)oc2cc(O)cc(O)c12,2.420331
LNCIXDIFZNXBDP-HNRBIFIRSA-N,CN1CCCN(CCCCN2CCCN(C)[C@H](c3ccccc3)CC2=O)C(=O)C[C@@H]1c1ccccc1,3.314571
RHMXXJGYXNZAPX-UHFFFAOYSA-N,Cc1cc(O)c2c(c1)C(=O)c1cc(O)cc(O)c1C2=O,2.408931
PHZOWSSBXJXFOR-PTGZALFTSA-N,C=CC/C(=N\OS(=O)(=O)O)S[C@@H]1O[C@H](CO)[C@@H](O)[C@H](O)[C@H]1O,4.580138
VOCGSQHKPZSIKB-FQEVSTJZSA-N,COc1cc2c(cc1CC=C(C)C)C(=O)C[C@@H](c1ccc(O)cc1)O2,2.995571
ZQSIJRDFPHDXIC-UHFFFAOYSA-N,O=c1c(-c2ccc(O)cc2)coc2cc(O)ccc12,2.071328
VFLDPWHFBUODDF-FCXRPNKRSA-N,COc1cc(/C=C/C(=O)CC(=O)/C=C/c2ccc(O)c(OC)c2)ccc1O,2.425674
LSEDQFLRUJOXDX-IQJVAEQNSA-N,OC[C@@H]1O[C@H](O[C@@H](CCCCc2ccc(O)c(O)c2)CCc2ccc(O)c(O)c2)[C@@H](O)[C@H](O)[C@H]1O,4.028253
OIEMCIKPOVGWLI-UHFFFAOYSA-N,O=C(CCC(=O)N(O)CCCCCN1C(=O)CCC1=O)NCCCCCN(O)C(=O)Cc1ccccc1,2.800008
GVKKJJOMQCNPGB-SNVBAGLBSA-N,C[C@@H]1COC2=C1C(=O)C(=O)c1c2ccc2c1CCCC2(C)C,3.563048
HYXITZLLTYIPOF-UHFFFAOYSA-N,Cc1coc2c1C(=O)C(=O)c1c-2ccc2c1CCCC2(C)C,2.955739
CJHDBEPXEKGBDW-VMPITWQZSA-N,NCCCCNC(=O)/C=C/c1ccc(O)cc1,1.982296
UXIVGJWMQVRKJZ-KWBMFXBPSA-N,COC(=O)[C@@]1(C)CC[C@]2(C)CC[C@]3(C)C(=CC(=O)[C@H]4[C@]5(C)CC[C@@H](O[C@@H]6O[C@H](C(=O)CO)[C@@H](O)[C@H](O)[C@H]6O[C@H]6O[C@@H](C(=O)CO)[C@@H](O)[C@@H](O)[C@H]6O)C(C)(C)[C@H]5CC[C@@]43C)[C@H]2C1,6.197795
REFJWTPEDVJJIY-UHFFFAOYSA-N,O=c1c(O)c(-c2ccc(O)c(O)c2)oc2cc(O)cc(O)c12,2.544709
GKHOGRMKNUUWFH-RXBUKYKGSA-N,O=C(/C=C/c1ccc(O)c(O)c1)O[C@@H]1[C@H](O)CC[C@H]1OC(=O)/C=C/c1ccc(O)c(O)c1,3.738231
NCEUUOJBSVCOQU-UHFFFAOYSA-N,C=CCc1cc2c(cc1O)oc(=O)c1c3ccc(O)cc3oc21,2.764595
GRWFGVWFFZKLTI-IUCAKERBSA-N,CC1=CC[C@H]2C[C@@H]1C2(C)C,4.272897
CZDNLUMNELLDDD-BIPCAJJSSA-N,O=C1CCC=C[C@@]1(O)C(=O)OCc1ccccc1O[C@H]1O[C@H](CO)[C@@H](O)[C@H](O)[C@H]1O,4.235009
AJERVVHSERWGFL-FXVWLTTGSA-N,C=C(C)[C@H](Cc1c(OC)ccc(C(=O)/C=C/c2ccc(O)cc2)c1O)OO,3.229833
IKGXIBQEEMLURG-MZQQJHOSSA-N,C[C@@H]1O[C@@H](OC[C@@H]2O[C@H](Oc3c(-c4ccc(O)c(O)c4)oc4cc(O)cc(O)c4c3=O)[C@@H](O)[C@H](O)[C@H]2O)[C@H](O)[C@H](O)[C@H]1O,4.782795
QUEMNJXBRHOUNX-FJFCSAGJSA-N,C[C@]1(C(=O)O)CC[C@@]2(C)CC[C@@H]3C(=CC(=O)[C@H]4[C@H]3CC[C@H]3C[C@@H](O[C@@H]5O[C@H](C(=O)O)[C@@H](O)[C@H](O)[C@H]5O[C@@H]5O[C@H](C(=O)O)[C@@H](O)[C@@H](O)[C@@H]5O)CC[C@@]34C)[C@@H]2C1,5.915325
XLTLOPRYDVGSEG-OZFXOPILSA-N,CC1(C)CC[C@]23CO[C@@]4(C=C[C@H]5[C@]6(C)CC[C@H](O[C@@H]7O[C@@H](O[C@@H]8O[C@@H](O)[C@@H](O)[C@H](O)[C@@H]8O)[C@@H](O[C@@H]8O[C@H](CO)[C@@H](O)[C@H](O)[C@H]8O)[C@H](O)[C@@H]7O)[C@@](C)(CO)[C@H]6CC[C@]5(C)[C@]4(C)C[C@@H]2O)[C@H]3C1,7.721613
NSMMPEJLOMMKCX-SUKJIKOTSA-N,CCCCCCCCCCC/C=C1\C(=O)O[C@H](C)[C@H]1O,3.299503
AZOCLKLJIKZOLF-XUHQJRGCSA-N,O=C(/C=C/c1ccc(O[C@H](C(=O)O)[C@@H](O)c2ccc(O)c(O)c2)c(O)c1)O[C@@H](Cc1ccc(O)c(O)c1)C(=O)O,3.905724
COHYTHOBJLSHDF-BUHFOSPRSA-N,O=C1/C(=C2\Nc3ccccc3C2=O)Nc2ccccc21,2.340993
SATMZMMKDDTOSQ-UHFFFAOYSA-N,Cc1nccc2c1[nH]c1cc(O)ccc12,2.320524
GAEQWKVGMHUUKO-UHFFFAOYSA-N,Cc1cc2c([nH]c3ccccc32)c2c1OC(C)(C)C=C2,2.665526
RHMXXJGYXNZAPX-UHFFFAOYSA-N,Cc1cc(O)c2c(c1)C(=O)c1cc(O)cc(O)c1C2=O,2.408931
IGTCYLQHMDCGHA-CCEZHUSRSA-N,O=CNCCCCN(CCCNC(=O)c1ccccc1)C(=O)/C=C/c1ccccc1,2.315471
PANKHBYNKQNAHN-MQQNZMFNSA-N,CC(/C=C/C=C(\C)C(=O)O)=C\C=C\C=C(C)\C=C\C=C(/C)C(=O)O,3.349659
SDIVYZXRQHWCKF-SECBINFHSA-N,O=c1c2ccccc2nc2n1CC[C@H]2O,2.686584
KZNIFHPLKGYRTM-UHFFFAOYSA-N,O=c1cc(-c2ccc(O)cc2)oc2cc(O)cc(O)c12,2.252669
PMOWTIHVNWZYFI-AATRIKPKSA-N,O=C(O)/C=C/c1ccccc1O,1.909446
CAPUGADOGHKUQS-YDNDUVNHSA-N,COc1ccc2c(c1)N1C(=O)C[C@@H]3OCC=C4CN5CC[C@@]26[C@@H]5C[C@@H]4[C@H]3[C@@H]16,5.75446
XROUKQJUPSQEJF-YPCIICBESA-N,COc1cc(/C=C/C(=O)CC(=O)/C=C/c2ccc(O)c(OO)c2)ccc1O,2.70328
WMBWREPUVVBILR-GHTZIAJQSA-N,O=C(O[C@H]1Cc2c(O)cc(O)cc2O[C@@H]1c1cc(O)c(O)c(O)c1)c1cc(O)c(O)c(O)c1,3.739795
SBHXYTNGIZCORC-ZDUSSCGKSA-N,O=C1C[C@@H](c2ccc(O)c(O)c2)Oc2cc(O)cc(O)c21,2.993667
BQSJTQLCZDPROO-UHFFFAOYSA-N,Cc1nc(-c2ccc(OCC(C)C)c(C#N)c2)sc1C(=O)O,2.324463
OXJKSVCEIOYZQL-ODPGBAFUSA-N,O=c1c(O[C@H]2O[C@@H](CO)[C@@H](O)[C@@H]2O)c(-c2cc(O)c(O)c(O)c2)oc2cc(O)cc(O)c12,3.980015
FPLMIPQZHHQWHN-UHFFFAOYSA-N,COc1ccc(-c2oc3cc(O)cc(O)c3c(=O)c2O)cc1O,2.469691
JPUDEIBVUZNDCK-FCXRPNKRSA-N,COc1ccc(/C=C/C(=O)CC(=O)/C=C/c2ccc(O)c(OC)c2)cc1O,2.446251
ABVFJXLTKCYFCU-GFCCVEGCSA-N,Nc1ccccc1[C@H]1CCn2c1nc1ccccc1c2=O,2.754751
NFVYQWIJCKHXPY-HRFLEFDHSA-N,CC[C@@H]1C=CCC[C@@]2(C[C@H]3CC[C@@]4(C(=O)OCCCCCCCCCCCCCCCCCC(=O)N(CCCN)CCCC(N)=O)C[C@]5(CCC[C@H](C)O5)N=C(N2)N34)O1,6.107967
VWHYFMQKJYFLCC-DUXPYHPUSA-N,O=C(/C=C/CCc1ccc(O)c(O)c1)CCc1ccc(O)c(O)c1,2.486493
TUFLVKBJDSZLAW-UHFFFAOYSA-N,COc1cc(OC)c2ccc(=O)oc2c1O,2.23298
GVKKJJOMQCNPGB-SNVBAGLBSA-N,C[C@@H]1COC2=C1C(=O)C(=O)c1c2ccc2c1CCCC2(C)C,3.563048
CRDNMYFJWFXOCH-YPKPFQOOSA-N,O=C1Nc2ccccc2/C1=C1/Nc2ccccc2C1=O,2.279132
PSFDQSOCUJVVGF-UHFFFAOYSA-N,Cc1nccc2c1[nH]c1ccccc12,2.017476
CLZDRNKNWXDFQT-HCEBPPTQSA-N,O=C(O[C@H](Cc1ccc(O)c(O)c1)C(=O)O)C1=Cc2ccc(O)c(O)c2[C@H](C(=O)O[C@@H](Cc2ccc(O)c(O)c2)C(=O)O)[C@H]1c1ccc(O)c(O)c1,4.632407
HUWICDSAMDEDAM-HSRKKVFISA-N,O=C(OO[C@@H]1O[C@H](OC(=O)c2cc(O)c(O)c(O)c2)[C@@H](OC(=O)c2cc(O)c(O)c(O)c2)[C@H](OC(=O)c2cc(O)c(O)c(O)c2)[C@H]1O)c1cc(O)c(O)c(O)c1,4.691032
RLJGTGKXUCBJPF-MPUGBXDSSA-N,COc1cc(C)c2c(=O)cc(C(O)(O)C(C)=O)oc2c1[C@@H]1O[C@@H](CO)[C@@H](O)[C@@H](O)[C@@H]1OC(=O)/C=C/c1ccccc1,4.481364
LUKBXSAWLPMMSZ-OWOJBTEDSA-N,Oc1ccc(/C=C/c2cc(O)cc(O)c2)cc1,2.112456
WTARULDDTDQWMU-IUCAKERBSA-N,C=C1CC[C@H]2C[C@@H]1C2(C)C,4.385149
MZRGPMSVJSTWGI-QUTULZHUSA-N,CCO[C@@H]1C(=O)C=C[C@@H](OC=O)[C@]1(O)C(=O)OCc1ccccc1O[C@@H]1O[C@H](COC(=O)c2ccccc2)[C@@H](OC(=O)c2ccccc2)[C@H](O)[C@H]1O,4.869073
TVWPPWLGMUSNNX-UHFFFAOYSA-N,C=CCc1cc(-c2oc3cc(O)c(CC=C)c(O)c3c(=O)c2O)cc(O)c1O,3.142434
IYRMWMYZSQPJKC-UHFFFAOYSA-N,O=c1c(O)c(-c2ccc(O)cc2)oc2cc(O)cc(O)c12,2.374548
PQBITFIHFKWRFS-FTQOQOITSA-N,COC(=O)[C@@]1(C)CC[C@]2(C)CC[C@]3(C)C(=CC(=O)[C@H]4[C@]5(C)CC[C@@H](O[C@@H]6O[C@H](C(=O)NN)[C@@H](O)[C@H](O)[C@H]6O[C@H]6O[C@@H](C(=O)NN)[C@@H](O)[C@@H](O)[C@H]6O)C(C)(C)[C@H]5CC[C@@]43C)[C@H]2C1,6.154551
MZSGWZGPESCJAN-MOWZVGOISA-N,O=C(/C=C/c1ccc(O/C(=C\c2ccc(O)c(O)c2)C(=O)O)c(O)c1)O[C@@H](Cc1ccc(O)c(O)c1)C(=O)O,3.444438
KVYNYRIOAYQBFK-ODMAYWLASA-N,[H]/N=C(\N)NCCCCNC(=O)/C=C/c1ccc2c(c1)[C@@H](C(=O)NCCCCN/C(N)=N/[H])[C@H](c1ccc(O)cc1)O2,4.294875
XCDQFROEGGNAER-NNEHRPRASA-N,C[C@@H]1[C@@H](O)CC[C@H]2[C@@]1(C)CC[C@@H]1[C@]2(C)CC[C@@]2(C)[C@@H]3CC(C)(C)CC[C@@]3(C)CC[C@]12C,4.79473
QTUCSHJOGPJHIM-MZVGWLCOSA-N,C[C@@H]1[C@@H](O[C@@H](CCCCc2ccc(O)c(O)c2)CCc2ccc(O)c(O)c2)O[C@@H](O)[C@H](O)[C@H]1O,4.159852
CEBIAOODBQSTTK-UHFFFAOYSA-N,CC(=O)NCCCCCN(O)C(=O)CCC(=O)NCCCCCN(O)C(=O)Cc1ccccc1,2.644809
TZBJGXHYKVUXJN-UHFFFAOYSA-N,O=c1c(-c2ccc(O)cc2)coc2cc(O)cc(O)c12,2.296604
DOHSSXZMQRXAPZ-INHBTNCSSA-N,C[C@@H]1O[C@@H](O[C@H]2CC[C@]3(C)[C@H](CC[C@@]4(C)[C@H]3C=C[C@@H]3[C@H]5CC(C)(C)CC[C@]5(CO)[C@H](O)C[C@]34C)[C@]2(C)O)[C@@H](O)[C@@H](O[C@@H]2O[C@H](CO)[C@@H](O)[C@H](O)[C@H]2O)[C@@H]1O,6.169226
YDQWDHRMZQUTBA-UHFFFAOYSA-N,O=C1c2cccc(O)c2C(=O)c2c(O)cc(CO)cc21,2.310382
JXFZHMCSCYADIX-XVNBXDOJSA-N,COc1cc(/C=C/C(=O)Nc2ccc(O)cc2C(=O)O)ccc1O,2.10392
YVPXVXANRNDGTA-URLMMPGGSA-N,COc1ccc2cc1Oc1ccc(cc1)C[C@@H]1c3c(cc4c(c3Oc3cc5c(cc3OC)CCN(C)[C@H]5C2)OCO4)CCN1C,5.810318
YABIJLLNNFURIJ-UHFFFAOYSA-N,CC(C)=CCc1cc2c(cc1O)oc(=O)c1c3ccc(O)cc3oc21,2.817042
CAGSJLJFRUTERD-ZCIJVQOHSA-N,C[C@@H]1[C@@H](O)[C@H](O)[C@@H](O)O[C@H]1[C@@H](CCc1ccc(O)c(O)c1)CC(=O)CCc1ccc(O)c(O)c1,4.329743
TZBJGXHYKVUXJN-UHFFFAOYSA-N,O=c1c(-c2ccc(O)cc2)coc2cc(O)cc(O)c12,2.296604
LSHVYAFMTMFKBA-TZIWHRDSSA-N,O=C(O[C@@H]1Cc2c(O)cc(O)cc2O[C@@H]1c1ccc(O)c(O)c1)c1cc(O)c(O)c(O)c1,3.608068
UYBHWSVYGLVLEM-QTBYGSMXSA-N,C=C(C)[C@H]1CC[C@]2(C(=O)O)CC[C@@H]3[C@H](CC[C@@H]4[C@]3(C)CC[C@@H]3C(C)(C)C(=O)CC[C@@]43C)[C@H]12,4.667654
VXNWJKFKJUYKNY-UHFFFAOYSA-N,C=CCc1ccc(C(C)=O)c(OC)c1,1.970625
LAWAARLALKUFQQ-AUSIDOKSSA-N,COc1ccc2c3c(c4cc(OC)c(OC)cc4c2c1)CN1CCC[C@@H]1[C@H]3O,3.261913
XHEFDIBZLJXQHF-UHFFFAOYSA-N,O=c1c(O)c(-c2ccc(O)c(O)c2)oc2cc(O)ccc12,2.359283
ABWRSFGMUNFXLV-ZBRBORSZSA-N,COc1cc2c(cc1O)[C@]13CCN4CC5=CCO[C@H]6CC(=O)N2[C@@H]1[C@@H]6[C@H]5C[C@H]43,5.859319
SRVFFFJZQVENJC-RDBSUJKOSA-N,CCOC(=O)[C@H]1O[C@@H]1C(=O)N[C@H](CC(C)C)C(=O)NCCC(C)C,3.3008
ZDSHHVKRPQDWHF-WEVVVXLNSA-N,C=C(Cc1c(OC)ccc(C(=O)/C=C/c2ccc(O)cc2)c1O)OO,2.759875
AUIKOEBHPNLVIV-IZPAUZPXSA-N,O=C(/C=C/c1ccc(O)c(O)c1)NCC[C@@H]1CNc2ccccc21,2.954498
YJVMDLQSCPBESM-BPWQLTPQSA-N,CC1(C)CC[C@]2(CO)C(=O)C[C@]3(C)C(=CC[C@H]4[C@]5(C)CC[C@@H](O)C(C)(C)[C@H]5CC[C@@]43C)[C@H]2C1,4.870676
OPCNBYUJAGAASS-QRWLVFNGSA-N,C[C@H]1OC(c2ccccc2O)=N[C@@H]1C(=O)NCCCNCCCNC(=O)c1cccc(O)c1O,3.575769
DEMKZLAVQYISIA-GGRNZYNVSA-N,O=C1C[C@H](c2ccc(O[C@H]3O[C@H](CO)[C@H](O)[C@H](O)[C@@H]3O)cc2)Oc2cc(O)ccc21,3.855808
KYWSCMDFVARMPN-AXWYSAQTSA-N,C[C@@H]1O[C@@H](O[C@H]2CC[C@]3(C)[C@H](CC[C@@]4(C)[C@H]3C=C[C@]35OC[C@@]6(CCC(C)(C)C[C@@H]63)[C@@H](O)C[C@@]45C)[C@]2(C)CO)[C@@H](O)[C@@H](O[C@@H]2O[C@H](CO)[C@@H](O)[C@H](O)[C@H]2O)[C@@H]1O,7.259064
IYRMWMYZSQPJKC-UHFFFAOYSA-N,O=c1c(O)c(-c2ccc(O)cc2)oc2cc(O)cc(O)c12,2.374548
OBGPEBYHGIUFBN-UHFFFAOYSA-N,CC(C)=CCc1cc(-c2coc3cc(O)ccc3c2=O)ccc1O,2.518769
CMJGAYUQSLJSCR-ULIPXBITSA-N,O=C1OC[C@H](Cc2ccc3c(c2)OCO3)/C1=C\c1ccc2c(c1)OCO2,3.098423
XMOCLSLCDHWDHP-SWLSCSKDSA-N,Oc1cc(O)c2c(c1)O[C@H](c1cc(O)c(O)c(O)c1)[C@@H](O)C2,3.520934
OJYLAHXKWMRDGS-UHFFFAOYSA-N,COc1cc(CCC(C)=O)ccc1O,1.784223
BYIUQAPTUVOGEC-STROVDMWSA-N,O=C(O[C@@H]1O[C@H](OC(=O)c2cc(O)c(O)c(O)c2)[C@@H](OC(=O)c2cc(O)c(O)c(O)c2)[C@H](OC(=O)c2cc(O)c(O)c(O)c2)[C@H]1O)c1cc(O)c(O)c(O)c1,4.435752
LPLVUJXQOOQHMX-FLWAPPOHSA-N,CC1(C)[C@H]2CC[C@@]3(C)[C@@H](C(=O)C=C4[C@H]5C[C@@](C)(C(=O)O)CC[C@]5(C)CC[C@]43C)[C@]2(C)CC[C@H]1O[C@@H]1O[C@H](C(=O)O)[C@@H](O)[C@H](O)[C@H]1O[C@H]1O[C@@H](C(=O)O)[C@@H](O)[C@@H](O)[C@H]1O,5.92904
IAKHMKGGTNLKSZ-INIZCTEOSA-N,COc1cc2c(c(OC)c1OC)-c1ccc(OC)c(=O)cc1[C@@H](NC(C)=O)CC2,2.924423
IYGYMKDQCDOMRE-ZWKOTPCHSA-N,CN1CCc2cc3c(cc2[C@H]1[C@@H]1OC(=O)c2c1ccc1c2OCO1)OCO3,3.599145
NYCCSNKAKDPMKQ-JXYRPZLXSA-N,OC[C@H]1O[C@H](Oc2cccc(/C=C/c3ccc(O)cc3)c2)[C@@H](O)[C@H](O)[C@@H]1O,3.496972
OJFGQVZAISEIPG-IJIVKGSJSA-N,O=C(/C=C/c1ccc(O)c(O)c1)CC(=O)/C=C/c1ccc(O)c(O)c1,2.577243
UZROCPSMHKOYDS-CQSZACIVSA-N,Nc1ccccc1[C@H]1CCN2Cc3ccccc3N=C12,3.103044
YMGFTDKNIWPMGF-WNQDSSHSSA-N,O=C(/C=C/c1ccc(O)c(O)c1/C=C/c1ccc(O)c(O)c1)O[C@@H](Cc1ccc(O)c(O)c1)C(=O)O,3.38742
KCWHZHZEQUHBCW-HNNXBMFYSA-N,Oc1ccc(CCCC[C@H](O)CCc2ccc(O)c(O)c2)cc1O,2.703061
IOUVKUPGCMBWBT-QNDFHXLGSA-N,O=C(CCc1ccc(O)cc1)c1c(O)cc(O)cc1O[C@@H]1O[C@H](CO)[C@@H](O)[C@H](O)[C@H]1O,3.784671
QRYRORQUOLYVBU-VLIAUNLRSA-N,CC(C)c1cc2c(c(O)c1O)[C@]1(C(=O)O)CCCC(C)(C)[C@H]1CC2,3.768484
RERZNCLIYCABFS-UHFFFAOYSA-N,COc1ccc2c3c([nH]c2c1)C(C)=NCC3,2.611123
PHPGTEVCWLIQIT-BQYYLDSTSA-N,CC1(C)[C@H]2CC[C@@]3(C)[C@@H](C(=O)C=C4[C@H]5C[C@@](C)(C(=O)O)CC[C@]5(C)CC[C@]43C)[C@]2(C)CC[C@H]1O[C@@H]1O[C@H](C(=O)N[C@H](SCc2ccccc2)C(=O)O)[C@@H](O)[C@H](O)[C@H]1O[C@H]1O[C@@H](C(=O)N[C@H](CSCc2ccccc2)C(=O)O)[C@@H](O)[C@@H](O)[C@H]1O,6.711363
SUYLTDFWHNXGDX-LFAPAAFUSA-N,O=C(O[C@H](Cc1ccc(O)c(O)c1)C(=O)O)[C@@H]1[C@H](C(=O)O[C@@H](Cc2ccc(O)c(O)c2)C(=O)O)[C@@H](c2ccc(O)c(O)c2)[C@@H]1c1ccc(O)c(O)c1,4.494099
JGTYOOKXGOJQII-IBUQTYFYSA-N,CO[C@H]1[C@H](O[C@@H]2O[C@H](CO)[C@H](O)[C@H](O)[C@@H]2O)[C@@H](O)[C@H](O[C@H]2CC[C@@]3(C)[C@@H](CC[C@]4(C)[C@@H]3C=CC3=C5CC(C)(C)CC[C@@]5(CO)[C@H](O)C[C@]34C)[C@]2(C)CO)O[C@@H]1C,6.10186
YDQWDHRMZQUTBA-UHFFFAOYSA-N,O=C1c2cccc(O)c2C(=O)c2c(O)cc(CO)cc21,2.310382
QUQPHWDTPGMPEX-XPMSIJAISA-N,COc1ccc([C@H]2CC(=O)c3c(O)cc(O[C@@H]4O[C@H](CO[C@@H]5O[C@H](C)[C@H](O)[C@H](O)[C@@H]5O)[C@H](O)[C@@H](O)[C@H]4O)cc3O2)cc1O,4.817902
YUSWMAULDXZHPY-UHFFFAOYSA-N,O=c1cc(-c2ccc(O)c(-c3c(O)cc(O)c4c(=O)cc(-c5ccc(O)cc5)oc34)c2)oc2cc(O)cc(O)c12,3.037619
DLBOMVFEFWKKHS-NXBHMOJESA-N,O=C(O[C@@H]1[C@H](Oc2ccc(O)cc2COC(=O)[C@@]2(O)[C@H](O)C=CC(=O)[C@@H]2O)O[C@H](CO)[C@@H](O)[C@@H]1O)c1ccccc1,4.616411
WEEGYLXZBRQIMU-WAAGHKOSSA-N,CC1(C)O[C@]2(C)CC[C@H]1CC2,3.952939
CYQRDZPBFHTFJZ-ASGMLYFASA-N,C[C@@H]1OC(c2ccccc2O)=N[C@@H]1C(=O)NCCCN(CCCNC(=O)c1cccc(O)c1O)C(=O)[C@H]1N=C(c2ccccc2O)O[C@H]1C,4.563141
CXHQWFDNPRYKLR-CRGSBIFKSA-N,O=C1c2c(O)cccc2[C@H]([C@@H]2O[C@H](CO)[C@H](O)[C@H](O)[C@H]2O)c2cc(O)cc(O)c21,4.145231
XXAKVORQXOAQMW-OSCSTCBISA-N,CC[C@H](C)[C@@H](NC(=O)[C@@H](C)NC)C(=O)N1CC[C@@H]2Oc3ccc(OC)c(c3)CCNC(=O)[C@@H](C)NC(=O)[C@@H]21,5.556993
AKIHYQWCLCDMMI-VMPITWQZSA-N,[H]/N=C(/N)NCCCCNC(=O)/C=C/c1ccc(O)cc1,2.789968
RHVPEFQDYMMNSY-UHFFFAOYSA-N,CC1=NCCc2c1[nH]c1cc(O)ccc21,2.835311
IIVCIAROSDNLCL-VUUSOMOASA-N,CC1(C)[C@H]2CC[C@@]3(C)[C@@H](C(=O)C=C4[C@H]5C[C@@](C)(C(=O)O)CC[C@]5(C)CC[C@]43C)[C@]2(C)CC[C@H]1O[C@@H]1O[C@H](C(=O)N[C@H]2O[C@@H](CO)[C@@H](O)[C@H](O)[C@@H]2NC=O)[C@@H](O)[C@H](O)[C@H]1O[C@H]1O[C@@H](C(=O)N[C@H]2O[C@@H](CO)[C@H](O)[C@H](O)[C@@H]2NC=O)[C@@H](O)[C@@H](O)[C@H]1O,7.347689
OQWKEEOHDMUXEO-BQYQJAHWSA-N,CCCCC/C=C/C(=O)CCc1ccc(O)c(OC)c1,2.193437
CAGSJLJFRUTERD-VKECQMBHSA-N,C[C@@H]1[C@@H](O)[C@H](O)[C@@H](O)O[C@H]1[C@H](CCc1ccc(O)c(O)c1)CC(=O)CCc1ccc(O)c(O)c1,4.329743
XPEQUGZSJRBTLJ-UHFFFAOYSA-N,O=C(CCc1ccc(O)c(O)c1)CC(=O)CCc1ccc(O)c(O)c1,2.416238
GCCUNTZRCHAEMO-FCISZPQZSA-N,CC1(C)[C@H]2CC[C@@]3(C)[C@@H](C(=O)C=C4[C@H]5C[C@@](C)(C(=O)c6c[nH]c(=O)[nH]c6=O)CC[C@]5(C)CC[C@]43C)[C@]2(C)CC[C@H]1O[C@@H]1O[C@H](C(=O)c2c[nH]c(=O)[nH]c2=O)[C@@H](O)[C@H](O)[C@H]1O[C@H]1O[C@@H](C(=O)c2c[nH]c(=O)[nH]c2=O)[C@@H](O)[C@@H](O)[C@H]1O,6.847631
OVBPIULPVIDEAO-GFCCVEGCSA-N,Nc1nc2ncc(CNc3ccc(C(=O)N[C@H](CCC(=O)O)C(=O)O)cc3)nc2c(=O)[nH]1,3.045072
INVSLAPXYYHYAD-SKSBSBCQSA-N,COc1ccc2c(c1)N1C(=O)C[C@@H]3OCC=C4CN5CC[C@@]26[C@H]1[C@@H]3[C@H]4C[C@]56O,6.078165
OBGPEBYHGIUFBN-UHFFFAOYSA-N,CC(C)=CCc1cc(-c2coc3cc(O)ccc3c2=O)ccc1O,2.518769
KYWSCMDFVARMPN-ASWPDFGGSA-N,C[C@@H]1O[C@@H](O[C@H]2CC[C@]3(C)[C@H](CC[C@@]4(C)[C@H]3C=C[C@]35OC[C@@]6(CCC(C)(C)C[C@@H]63)[C@H](O)C[C@@]45C)[C@]2(C)CO)[C@@H](O)[C@@H](O[C@@H]2O[C@H](CO)[C@@H](O)[C@H](O)[C@H]2O)[C@@H]1O,7.259064
KGUHFCVSCDQVEU-GEXKASOQSA-N,C=C(C)[C@H]1CC[C@]2(C(=O)O)CC[C@@H]3[C@H](CC[C@@H]4[C@]3(C)CC[C@@H]3C(C)(C)[C@H](O)CC[C@@]43C)[C@H]12,4.688448
WMBWREPUVVBILR-WIYYLYMNSA-N,O=C(O[C@@H]1Cc2c(O)cc(O)cc2O[C@@H]1c1cc(O)c(O)c(O)c1)c1cc(O)c(O)c(O)c1,3.739795
KZNIFHPLKGYRTM-UHFFFAOYSA-N,O=c1cc(-c2ccc(O)cc2)oc2cc(O)cc(O)c12,2.252669
ZUGCRBMNFSAUOC-YRNVUSSQSA-N,COc1cc(O)c(C(=O)/C=C/c2ccc(O)cc2)cc1CC=C(C)C,2.454469
XGVJWXAYKUHDOO-KSYCFECVSA-N,O[C@@H]1[C@H]2c3cc4c(cc3CN3CCC(=C[C@@H]1O)[C@H]23)OCO4,4.165135
IQPNAANSBPBGFQ-UHFFFAOYSA-N,O=c1cc(-c2ccc(O)c(O)c2)oc2cc(O)cc(O)c12,2.420331
CGBLBCRVDKYKCU-ZHACJKMWSA-N,CSC(=O)NCCCN(CCCCNC=O)C(=O)/C=C/c1ccccc1,2.727102
VWHYFMQKJYFLCC-DUXPYHPUSA-N,O=C(/C=C/CCc1ccc(O)c(O)c1)CCc1ccc(O)c(O)c1,2.486493
MWMMPGDUPHYPAA-FPYGCLRLSA-N,O=c1oc(/C=C/c2ccc(O)cc2)nc2ccc(O)cc12,2.363868
GNZSCHDPXFZGRO-FVCCEPFGSA-N,C=C1CCC[C@@]2(C)CC[C@H](CO)[C@@H](O)[C@]12O,4.495039
YMHFBUOKLSWOQF-NSHGMRRFSA-N,CN1CCc2cc3c(cc2[C@H]1[C@@H]1O[C@H](O)c2c1ccc1c2OCO1)OCO3,3.936084
QISBNGLMCHHHFG-HNQUOIGGSA-N,O=c1cc(O)oc(/C=C/c2ccc(O)c(O)c2)c1,2.886595
IKMDFBPHZNJCSN-UHFFFAOYSA-N,O=c1c(O)c(-c2cc(O)c(O)c(O)c2)oc2cc(O)cc(O)c12,2.73326
IYGYMKDQCDOMRE-ZWKOTPCHSA-N,CN1CCc2cc3c(cc2[C@H]1[C@@H]1OC(=O)c2c1ccc1c2OCO1)OCO3,3.599145
AIONOLUJZLIMTK-CQSZACIVSA-N,COc1ccc([C@H]2CC(=O)c3c(O)cc(O)cc3O2)cc1O,2.911947
YUSWMAULDXZHPY-UHFFFAOYSA-N,O=c1cc(-c2ccc(O)c(-c3c(O)cc(O)c4c(=O)cc(-c5ccc(O)cc5)oc34)c2)oc2cc(O)cc(O)c12,3.037619
RLAWBFSVSTZLIY-UHFFFAOYSA-N,Oc1cccc(Cc2ncc[nH]2)c1Oc1ccccc1Cc1ncc[nH]1,2.724588
WMHJCSAICLADIN-WYWSWGBSSA-N,CC1=C(C=O)C(C)(C)C[C@H](O[C@@H]2O[C@H](CO)[C@@H](O)[C@H](O)[C@H]2O)C1,4.319399
VOCGSQHKPZSIKB-HXUWFJFHSA-N,COc1cc2c(cc1CC=C(C)C)C(=O)C[C@H](c1ccc(O)cc1)O2,2.995571
AIGAZQPHXLWMOJ-UHFFFAOYSA-N,Cc1coc2c1C(=O)C(=O)c1c-2ccc2c(C)cccc12,2.572273
FURJVCYQVDCGPY-JZKQVHKSSA-N,CC(C)c1cc2c(c(O)c1O)[C@]13CCCC(C)(C)[C@H]1C[C@H]2C(=O)OO3,5.653132
AIFRHYZBTHREPW-UHFFFAOYSA-N,c1ccc2c(c1)[nH]c1cnccc12,1.888046
KZJWDPNRJALLNS-VPUBHVLGSA-N,CC[C@@H](CC[C@H](C)[C@@H]1CC[C@H]2[C@@H]3CC=C4C[C@@H](O)CC[C@]4(C)[C@H]3CC[C@@]21C)C(C)C,4.38804
OPJNODHFKFAIBH-JMQWPVDRSA-N,O=C(/C=C/c1ccc(O)c(O)c1)NCCCCNCCCNC(=O)/C=C/c1ccc(O)c(O)c1,2.640808
CXHQWFDNPRYKLR-CRGSBIFKSA-N,O=C1c2c(O)cccc2[C@H]([C@@H]2O[C@H](CO)[C@H](O)[C@H](O)[C@H]2O)c2cc(O)cc(O)c21,4.145231
WXTPOHDTGNYFSB-RMPHRYRLSA-N,OC[C@H]1O[C@@H](Oc2cc(O)cc(O)c2)[C@H](O)[C@@H](O)[C@@H]1O,3.672861
ITYNGVSTWVVPIC-DHGKCCLASA-N,C=C1CC[C@@H]2[C@H]([C@@H]3[C@H](C)CC[C@H]13)C2(C)C,4.223064
NPNNKDMSXVRADT-WEVVVXLNSA-N,COc1cc(/C=C/C(=O)NCCc2ccc(O)cc2)ccc1O,1.987468
WLKFTWWPENDPDN-RMKNXTFCSA-N,C=CCc1cc(C(=O)/C=C/c2ccc(O)cc2)c(O)cc1O,2.443801
IQPNAANSBPBGFQ-UHFFFAOYSA-N,O=c1cc(-c2ccc(O)c(O)c2)oc2cc(O)cc(O)c12,2.420331
RHRMQQJITNWFMZ-CXUHLZMHSA-N,COc1cc(/C=C/C(=O)NCCc2ccc(Oc3ccc(CCNC(=O)C(=O)Cc4ccc(O)c(OC)c4)cc3)cc2)ccc1O,2.709733
SSEUDFYBEOIWGF-AWEZNQCLSA-N,COc1cc2c3c(c4cc(OC)c(OC)cc4c2cc1OC)CN1CCC[C@H]1C3,2.931032
MDBLUWPKZWARGG-RVFMGZSWSA-N,COC(=O)CCC(=O)O[C@@H]1C[C@@](OC(=O)/C=C/c2ccc(O)c(O)c2)(C(=O)O)C[C@H](OC(=O)/C=C/c2ccc(O)c(O)c2)[C@H]1O,4.354082
KZMACGJDUUWFCH-UHFFFAOYSA-O,COc1cc(-c2[o+]c3cc(O)cc(O)c3cc2O)cc(OC)c1O,2.944466
QYMDEOQLJUUNOF-UHFFFAOYSA-N,COc1ccc2[nH]c3c(c2c1)CCNC3,2.35041
ZERULLAPCVRMCO-UHFFFAOYSA-N,CCCSCCC,2.304677
JVXZRQGOGOXCEC-UHFFFAOYSA-N,O=c1cc(-c2ccc(O)cc2)oc2cc(O)c(O)c(O)c12,2.396773
NLDDIKRKFXEWBK-AWEZNQCLSA-N,CCCCC[C@H](O)CC(=O)CCc1ccc(O)c(OC)c1,2.582845
ZDOTZEDNGNPOEW-UHFFFAOYSA-N,O=c1c(O)c(-c2ccc(O)cc2)oc2c(O)c(O)cc(O)c12,2.565543
QAIPRVGONGVQAS-DUXPYHPUSA-N,O=C(O)/C=C/c1ccc(O)c(O)c1,2.035483
SUQWXNKVRJSLJG-VJTYHZGZSA-N,COc1cc(C)c2c(=O)cc(C[C@@H](C)O)oc2c1[C@@H]1O[C@@H](CO)[C@@H](C)[C@@H](O)[C@@H]1OC(=O)/C=C/c1ccccc1,4.386775
UBAXRAHSPKWNCX-UHFFFAOYSA-N,C=CCSSSCC=C,3.972036
MVIYWFBLVAFZID-AWEZNQCLSA-N,O=C(CCc1ccc(O)c(O)c1)C[C@@H](O)CCc1ccc(O)c(O)c1,2.850848
HYXITZLLTYIPOF-UHFFFAOYSA-N,Cc1coc2c1C(=O)C(=O)c1c-2ccc2c1CCCC2(C)C,2.955739
ZFAHNWWNDFHPOH-YFKPBYRVSA-N,C=CCSC[C@H](N)C(=O)O,3.237465
REFJWTPEDVJJIY-UHFFFAOYSA-N,O=c1c(O)c(-c2ccc(O)c(O)c2)oc2cc(O)cc(O)c12,2.544709
QXNWVJOHUAQHLM-QUCCMNQESA-N,CC(C)c1cc2c(cc1O)[C@]1(C)CCCC(C)(C)[C@H]1CC2,3.38708
DBQOYAOBGQRKIK-HIBOQREESA-N,COc1ccc(-c2cc(=O)c3c(O)c(OC)c(O[C@@H]4O[C@H](CO[C@H]5O[C](C)[C@H](O)[C@@H](O)[C@@H]5O)[C@@H](O)[C@H](O)[C@H]4O)cc3o2)cc1,4.841661
ZQSIJRDFPHDXIC-UHFFFAOYSA-N,O=c1c(-c2ccc(O)cc2)coc2cc(O)ccc12,2.071328
ZWXLQYJRFHYYAO-KCXIHHOBSA-N,COc1cc(C)c2c(=O)cc(CC(C)=O)oc2c1[C@@H]1O[C@@H](CO)[C@@H](C)[C@@H](O)[C@@H]1OC(=O)/C=C/c1ccccc1,4.268536
NLDDIKRKFXEWBK-CQSZACIVSA-N,CCCCC[C@@H](O)CC(=O)CCc1ccc(O)c(OC)c1,2.582845
IKMDFBPHZNJCSN-UHFFFAOYSA-N,O=c1c(O)c(-c2cc(O)c(O)c(O)c2)oc2cc(O)cc(O)c12,2.73326
PFRGXCVKLLPLIP-UHFFFAOYSA-N,C=CCSSCC=C,3.936111
HFSDOBJCQNMPRQ-UHFFFAOYSA-N,CNOC(=O)c1cc2c(cn1)[nH]c1ccccc12,2.535789
JKHRCGUTYDNCLE-UHFFFAOYSA-O,Oc1cc(O)c2cc(O)c(-c3cc(O)c(O)c(O)c3)[o+]c2c1,3.188617
DKBOCUYXQDBLOY-RUZDIDTESA-N,CN1CCCCN(CCCCNC(=O)c2ccccc2)C(=O)[C@]1(O)C(=O)c1ccccc1,2.923601
QGJZLNKBHJESQX-JWTUGZEHSA-N,C=C(C)[C@H]1CC[C@]2(C(=O)O)CC[C@]3(C)[C@H](CC[C@H]4[C@]5(C)CC[C@@H](O)C(C)(C)[C@H]5CC[C@@]43C)[C@H]12,4.688998
KJSPSKUHMMEKCA-SIWDACQESA-N,COc1cc([C@@H](O)[C@@H]2C(=O)NCCc3cccc(c3)Oc3ccc(cc3)CCNC(=O)/C=C/Cc3cc(OC)c(O)c2c3)ccc1O,6.077735
HGEFZKVVMSUQFS-UHFFFAOYSA-N,C=CCc1c(CCCc2ccc(O)cc2O)cc(O)c(O)c1CC=C,2.905477
ITYNGVSTWVVPIC-XVIXHAIJSA-N,C=C1CC[C@@H]2[C@H]([C@@H]3[C@H](C)CC[C@@H]13)C2(C)C,4.223064
GRQOHVDLWPRWAW-OYJCNGCPSA-N,O=C(/C=C1\c2cc(O)c(O)cc2[C@H](c2ccc(O)c(O)c2)[C@H]1C(=O)NCCc1ccc(O)cc1)NCCc1ccc(O)cc1,3.788092
QYOIIVVCQDPNAG-XDMWQQQZSA-N,O=C1c2cc(CO)cc(O)c2C(=O)c2c1ccc([C@@]1([C@@H]3O[C@H](CO)[C@H](O)[C@H](O)[C@H]3O)c3cccc(O)c3C(=O)c3c(O)cc(O)cc31)c2O,4.861628
BYSRPHRKESMCPO-LNOLUJMESA-N,Oc1cc(O)c2c(c1)O[C@]1(c3ccc(O)c(O)c3)Oc3cc(O)c4c(c3[C@@H]2[C@H]1O)O[C@H](c1ccc(O)c(O)c1)[C@@H](O)[C@@H]4c1c(O)cc(O)c2c1O[C@@H](c1ccc(O)c(O)c1)[C@H](O)C2,6.299694
DOUMFZQKYFQNTF-GIZXNFQBSA-N,O=C(/C=C/c1ccc(O)c(O)c1)O[C@@H](Cc1ccc(O)c(O)c1)C(=O)O,2.90301
BXNJHAXVSOCGBA-UHFFFAOYSA-N,COc1ccc2c(c1)[nH]c1c(C)nccc12,2.129909
YDQWDHRMZQUTBA-UHFFFAOYSA-N,O=C1c2cccc(O)c2C(=O)c2c(O)cc(CO)cc21,2.310382
YKPUWZUDDOIDPM-SOFGYWHQSA-N,COc1cc(CNC(=O)CCCC/C=C/C(C)C)ccc1O,2.189967
GVKKJJOMQCNPGB-JTQLQIEISA-N,C[C@H]1COC2=C1C(=O)C(=O)c1c2ccc2c1CCCC2(C)C,3.563048
MXXWOMGUGJBKIW-YPCIICBESA-N,O=C(/C=C/C=C/c1ccc2c(c1)OCO2)N1CCCCC1,2.344304
FZKRWTVMKFSFSG-CYBMUJFWSA-N,CNc1ccc([C@H]2CCn3c2nc2ccccc2c3=O)cc1C(=O)OC,2.877861
DQEAAVKYRCHQOQ-IEFPXSNCSA-N,C[C@H]1O[C@H](Oc2ccc3ccc(=O)oc3c2-c2c(O)ccc3ccc(=O)oc23)[C@H](O)[C@@H](O)[C@@H]1O,4.127809
WKOLLVMJNQIZCI-UHFFFAOYSA-N,COc1cc(C(=O)O)ccc1O,1.542219
IQPNAANSBPBGFQ-UHFFFAOYSA-N,O=c1cc(-c2ccc(O)c(O)c2)oc2cc(O)cc(O)c12,2.420331
SGJNQVTUYXCBKH-HNQUOIGGSA-N,O=c1cc(O)cc(/C=C/c2ccc(O)c(O)c2)o1,2.562763
