key,input,sy_sa
DWCXXICTUDDKTB-ZYHUDNBSSA-N,CC1=CC(=O)[C@]2(O[C@@H]2C(=O)CC(C)C)C(=O)N1,-18.907080739553784
ICCCTINORQADKA-UHFFFAOYSA-N,CC(c1ccc(O)c(O)c1)c1cc(=O)c2c(O)cccc2o1,33.97349361087563
JXGIYKRRPGCLFV-JOCHJYFZSA-N,CC(C)(C)NC(=O)[C@@H](c1cccnc1)N(C(=O)c1ccco1)c1ccc(C(C)(C)C)cc1,149.395580579193
IEPKWJCBNGNVDF-WQIPHUEGSA-N,COc1cc(-c2oc3cc(O)cc(O)c3c(=O)c2O[C@@H]2O[C@H](CO[C@@H]3O[C@@H](C)[C@H](O)[C@@H](O)[C@H]3O)[C@@H](O)[C@H](O)[C@H]2O)cc(O)c1O,104.33559089450391
DWCXXICTUDDKTB-JQWIXIFHSA-N,CC1=CC(=O)[C@@]2(O[C@H]2C(=O)CC(C)C)C(=O)N1,-18.907080739553784
REIDKNJPKCZOCD-QPJJXVBHSA-N,CC(=O)Oc1ccc(/C=C/C(=O)OC2Cc3c(O)cc(O)cc3OC2c2cc(O)c(O)c(O)c2)cc1,77.76603315990462
JGEWWECZHHEMFT-ZLONGOGWSA-N,CC[C@H](/C=C/C=C/C=C/C(=O)c1c(O)c(C2=CCC(O)CC2)cn(O)c1=O)CO,-46.235952462029694
WPZLJHVSIPEPJH-UAAWYHEHSA-N,CC[C@H](C)C[C@@H](C)/C=C(\C)[C@@]1(C)O[C@@](C)(c2c3c(cn(C)c2=O)[C@@]2(OC)CCC(=O)C[C@H]2O3)CC[C@H]1C,-57.991195696209445
YXWXVUSGNDTEJY-LRXDAGSUSA-N,C[C@@H]1C[C@H](C)[C@H]2c3c(ccn(O)c3=O)O[C@H](C)[C@@]2(C)C1,-44.76280125583217
DJQRTLNVHQQQCS-FYOYPEGLSA-N,CC(C)C[C@H](NC(=O)OCc1ccccc1)C(=O)N[C@@H](CC1CCNC1=O)C(C)S(=O)(=O)O,81.323671556055
WPZLJHVSIPEPJH-XNPWINIOSA-N,CC[C@H](C)C[C@@H](C)/C=C(\C)[C@@]1(C)O[C@@](C)(c2c3c(cn(C)c2=O)[C@@]2(OC)CCC(=O)C[C@H]2O3)CC[C@@H]1C,-57.991195696209445
YOVZIUFWFJWPCD-UHFFFAOYSA-N,Oc1cc(O)c(Oc2cc(O)cc(O)c2-c2c(O)cc(O)cc2Oc2c(O)cc(O)cc2Oc2c(O)cc(O)c3c2Oc2c(O)cc(O)cc2O3)c(O)c1,-5.304204530382874
PQBATSTYUATBBZ-DLCKZTKESA-N,O=C(O[C@H]1Cc2c(O)cc(O)cc2OC1c1cc(O)c(O)c2c(=O)c(O)cc(C3Oc4cc(O)cc(O)c4C[C@H]3O)cc12)c1ccc(O)c(O)c1O,6.732496369171254
XPHFOBQVOVBHDP-SCMBCXDZSA-N,CC[C@H](C)C[C@@H](C)/C=C(\C)[C@@]1(C)O[C@@](C)(c2c3c(cn(C)c2=O)[C@@]2(OC)CCC(OC)(OC)C[C@H]2O3)CC[C@H]1C,-52.841984481111524
DWDOXTINEVOYSV-FFZOFVMBSA-N,CC(C)C1=C[C@]2(O)CC[C@H]3C(C)(C)CCC[C@]3(C)C2=CC1=O,-29.054708598286233
WPZLJHVSIPEPJH-UAAWYHEHSA-N,CC[C@H](C)C[C@@H](C)/C=C(\C)[C@@]1(C)O[C@@](C)(c2c3c(cn(C)c2=O)[C@@]2(OC)CCC(=O)C[C@H]2O3)CC[C@H]1C,-57.991195696209445
JIPPMKUXMDLGCD-YRNDCAJDSA-N,CC(=O)O[C@@H]1C(=O)[C@@H]2CC[C@@H]3[C@]1(C2)C(=O)[C@@H](O)[C@@H]1C(C)(C)C[C@]2(O)C(=O)OC[C@@]132,-67.28068364098259
GTEXSOHUVFEXMJ-BGEOSOQGSA-N,CC1=CC[C@@H]2[C@@H](C1)c1c(O)cc(/C=C/c3ccc(O)cc3)cc1OC2(C)C,9.941111202753026
QLTWQIOYJXJUJH-WFEKMPBRSA-N,C[C@@H]1C[C@H](C)[C@@H](c2c(O)cc[nH]c2=O)[C@H](C)[C@@](C)(O)C1,-23.25657999615948
QJYNZEYHSMRWBK-NIKIMHBISA-N,O=C(OC[C@H]1O[C@@H](OC(=O)c2cc(O)c(O)c(O)c2)[C@H](OC(=O)c2cc(O)c(O)c(O)c2)[C@@H](OC(=O)c2cc(O)c(O)c(O)c2)[C@@H]1OC(=O)c1cc(O)c(O)c(O)c1)c1cc(O)c(O)c(O)c1,45.823558640172934
CQWUIBZRNKFXRS-UHFFFAOYSA-N,O=C(Oc1ccc(O)c(O)c1)c1cc(=O)c2c(O)cccc2o1,53.612986007974975
INFKGIQNEZSZMS-ZBKSJXDOSA-N,CC(=O)Oc1cc2c(cc1C(C)C)C=CC1C(C)(C)[C@@H](OC(C)=O)CC[C@]21C,-4.148794076624845
HAHYQYHDHMZCIB-UHFFFAOYSA-N,O=c1c(COCCO)c(-c2ccc(O)c(O)c2)oc2cc(O)cc(O)c12,45.266461955941836
KJXSIXMJHKAJOD-GJZGRUSLSA-N,O=C1c2c(O)cc(O)cc2O[C@@H](c2cc(O)c(O)c(O)c2)[C@H]1O,6.695796589045228
KQMVAGISDHMXJJ-UHFFFAOYSA-N,COc1cc(O)c2c(=O)c(-c3ccc(O)cc3)coc2c1,60.32787068656123
JWPZQWKMASEBNO-SQMJIZMMSA-N,O=C(/C=C/c1ccc(O)c(O)c1)O[C@@H]1Cc2c(O)cc(O)cc2O[C@@H]1c1ccc(O)c(O)c1,58.90447939881143
BNLVODKLELGOBT-DUXPYHPUSA-N,O=C(/C=C/c1ccc(O)c(O)c1)OC1Cc2c(O)cc(O)cc2OC1c1cc(O)c(O)c(O)c1,62.19475022511784
HCQUMJYLWCSLLR-QYWGDWMGSA-N,COc1c(C(C)C)cc2c(c1O)[C@@]1(C)CCCC(C)(C)[C@@H]1C[C@@H]2O,-2.2770269307867337
PVMAFRKRHGVJOS-KHOZXUSZSA-N,O=C(OC[C@H]1C[C@@H](OC(=O)c2cc(O)c(O)c(O)c2)[C@H](OC(=O)c2cc(O)c(O)c(O)c2)[C@@H](OC(=O)c2cc(O)c(O)c(O)c2)[C@@H]1O)c1cc(O)c(O)c(O)c1,27.447084076085613
MSTNVJDHQJXVFI-UHFFFAOYSA-N,CC(C)=CCc1cc(C2CCc3ccc(O)cc3O2)cc(O)c1O,1.4459400702468406
MSTNVJDHQJXVFI-UHFFFAOYSA-N,CC(C)=CCc1cc(C2CCc3ccc(O)cc3O2)cc(O)c1O,1.4459400702468406
PELKIIPDZWDSKX-ZBKNUEDVSA-N,CC(C)(O)C1Cc2cc(/C=C3\OC(=O)C(c4cc5c(cc4O)OC(C)(C)C(O)C5)C3=O)ccc2O1,-5.944227735097926
UAXIYOKLPAVKKO-VEZXFZPBSA-N,O=C1C[C@H](c2ccc(O)cc2)c2c(cc(O)c3c2O[C@H](c2ccc(O)c(O)c2)[C@H](OC(=O)c2cc(O)c(O)c(O)c2)C3)O1,28.022685938265727
RQJGBVDTAFXEIJ-UHFFFAOYSA-N,Cc1c(-c2ccc(O)c(O)c2)oc2cc(O)cc(O)c2c1=O,39.42984260904712
ZUIXFZJBOJTTET-OWOJBTEDSA-N,Oc1cc(/C=C/c2cc(O)c(O)c(O)c2)cc(O)c1O,21.536816138447513
AJHWPFYAIBXMKJ-JCGIZDLHSA-N,CC1=C[C@]2(O)CC[C@H]3C(C)(C)CCC[C@]3(C)C2=CC1=O,-32.18081599535421
ZUGCRBMNFSAUOC-YRNVUSSQSA-N,COc1cc(O)c(C(=O)/C=C/c2ccc(O)cc2)cc1CC=C(C)C,78.22404573328271
UPBJEHBYZUPVDF-JUALLIRVSA-N,COc1cc([C@@H]2CC(=O)c3c(cc(O)c(C/C=C(\C)CCC=C(C)C)c3O)O2)cc(OC)c1O,47.24074889200164
OISNUAGADFFZMC-CHXLFPOFSA-N,CCN1C(=O)CC[C@@H]1c1c(O)cc2c(c1O)C[C@@H](OC(=O)c1cc(O)c(O)c(O)c1)[C@@H](c1ccc(O)c(O)c1)O2,14.685119642054044
WIRRQLQRDSREEG-UHFFFAOYSA-N,O=c1oc2cc(O)cc(O)c2c2oc3cc(O)ccc3c12,26.96077852257885
CKSUSXRQDWUSGT-RZNGMERMSA-N,C=C1CC[C@H]2[C@@](C)(CCC[C@]2(C)C(=O)O)[C@@H]1C/C=C(\C)[C@H]1CCc2c(O)c(CC3C(=O)C(C(C)=O)C(=O)C(C)(C)C3=O)c(O)c(C(=O)CCC)c2C1,-40.76605728694646
QNLGNISMYMFVHP-UHFFFAOYSA-N,CC(C)=CCc1cc(-c2coc3cc(O)c(CC=C(C)C)c(O)c3c2=O)cc(O)c1O,24.61323758598477
QAHZLNKOVIYDGB-UHFFFAOYSA-N,Cc1ccc(-c2oc3ccccc3c(=O)c2O)cc1,54.417116282251875
USVIPPRFYRVOQB-SXUAVWAJSA-N,CCN1C(=O)CCC1c1c(O)cc(O)c2c1O[C@@H](c1cc(O)c(O)c(O)c1)[C@@H](OC(=O)c1cc(O)c(O)c(O)c1)C2,0.5952090819398619
WCGUUGGRBIKTOS-UHFFFAOYSA-N,CC1CCC2(C(=O)O)CCC3(C)C(=CCC4C5(C)CCC(O)C(C)(C)C5CCC43C)C2C1C,-35.34906522567073
MCJWZZBYWKEBAV-STZSEOLCSA-N,O=C1c2ccc(O)c([C@@H]3OC(O)C(O)C(O)[C@H]3O)c2OCC1c1ccc(O)cc1,-25.669789216756747
BNLVODKLELGOBT-DUXPYHPUSA-N,O=C(/C=C/c1ccc(O)c(O)c1)OC1Cc2c(O)cc(O)cc2OC1c1cc(O)c(O)c(O)c1,62.19475022511784
MSTNVJDHQJXVFI-UHFFFAOYSA-N,CC(C)=CCc1cc(C2CCc3ccc(O)cc3O2)cc(O)c1O,1.4459400702468406
HCQUMJYLWCSLLR-QYWGDWMGSA-N,COc1c(C(C)C)cc2c(c1O)[C@@]1(C)CCCC(C)(C)[C@@H]1C[C@@H]2O,-2.2770269307867337
PATPZEUUPZHPHI-ITUUZZBWSA-N,C[C@H]1CC[C@@H]2[C@@H](C(=O)c3c(O)c([C@]4(O)CCC(O)(O)[C@@H]5O[C@@H]54)c[nH]c3=O)[C@@H](C)C=C[C@H]2C1,-52.56284704139003
UCOLOGFFOJGXGN-HEPPIXLFSA-N,CC1=CC[C@@H]2[C@@H](C1)c1c(/C=C/c3ccc(O)cc3)cc(O)cc1OC2(C)C,4.903651804737342
IPHQLOCHDZNFAY-GQCTYLIASA-N,CC(=O)Oc1ccc(/C=C/C(=O)OC2Cc3c(O)cc(O)cc3OC2c2cc(O)c(O)c(O)c2)cc1OC(C)=O,81.02749062930799
HICKZJMJOXACIR-UHFFFAOYSA-N,COc1cc(OC)c2c(c1)C(=O)c1cc(C)cc(OC)c1C2=O,25.953868116259905
XGAIRODEJLQNBI-UHFFFAOYSA-N,O=c1c(CCC2CO2)c(-c2ccc(O)c(O)c2)oc2cc(O)cc(O)c12,35.363482832860136
RHMXXJGYXNZAPX-UHFFFAOYSA-N,Cc1cc(O)c2c(c1)C(=O)c1cc(O)cc(O)c1C2=O,31.79409705527379
SPVBYUUOYMVKJL-ZECJCAIXSA-N,COC(=O)C[C@H](c1ccc(O)cc1)c1c(O)cc(O)c2c1O[C@H](c1cc(O)c(O)c(O)c1)[C@H](OC(=O)c1cc(O)c(O)c(O)c1)C2,58.148720394668366
USVIPPRFYRVOQB-STYNEHFQSA-N,CCN1C(=O)CCC1c1c(O)cc(O)c2c1O[C@H](c1cc(O)c(O)c(O)c1)[C@H](OC(=O)c1cc(O)c(O)c(O)c1)C2,0.5952090819398619
YMOIZYZRBLAFFF-UHFFFAOYSA-N,Oc1cc(O)cc(Oc2cc(O)c(Oc3c(O)cc(O)cc3Oc3cc(O)c(Oc4cc(O)cc(O)c4Oc4cc(O)cc(O)c4Oc4cc(O)cc(O)c4Oc4cc(O)c(Oc5c(O)cc(O)cc5Oc5c(O)cc(Oc6c(O)cc(Oc7c(O)cc(Oc8c(O)cc(Oc9c(O)cc(Oc%10c(O)cc(Oc%11c(O)cc(O)cc%11O)cc%10O)cc9O)cc8O)cc7O)cc6O)cc5O)c(O)c4)c(O)c3)c(O)c2)c1,30.30728635713228
QHCQSGYWGBDSIY-HZPDHXFCSA-N,CCCCc1cc(O)c2c(c1)OC(C)(C)[C@@H]1CCC(C)=C[C@@H]21,7.163298122179091
CKSUSXRQDWUSGT-QGGQDBDUSA-N,C=C1CC[C@H]2[C@@](C)(CCC[C@]2(C)C(=O)O)[C@@H]1C/C=C(\C)[C@@H]1CCc2c(O)c(CC3C(=O)C(C(C)=O)C(=O)C(C)(C)C3=O)c(O)c(C(=O)CCC)c2C1,-40.76605728694646
GRQOHVDLWPRWAW-OYJCNGCPSA-N,O=C(/C=C1\c2cc(O)c(O)cc2[C@H](c2ccc(O)c(O)c2)[C@H]1C(=O)NCCc1ccc(O)cc1)NCCc1ccc(O)cc1,59.21945091056781
CXHQWFDNPRYKLR-CRGSBIFKSA-N,O=C1c2c(O)cccc2[C@H]([C@@H]2O[C@H](CO)[C@H](O)[C@H](O)[C@H]2O)c2cc(O)cc(O)c21,-20.87797453488996
HARQODABMDXYTD-FJIJXJHWSA-N,CC(=O)c1cc2c(cc1C(C)C)C=C[C@@H]1C(C)(C)[C@H](C(C)=O)CC[C@@]21C,-17.134454951251744
LNTHITQWFMADLM-UHFFFAOYSA-N,O=C(O)c1cc(O)c(O)c(O)c1,6.603384035115964
YSTPAHQEHQSRJD-SECBINFHSA-N,CC1=CC(=O)[C@@H](C(C)C)CC1,-5.985804620377166
XFDQJKDGGOEYPI-UHFFFAOYSA-O,COc1cc(-c2[o+]c3cc(O)cc(O)c3cc2O)ccc1O,26.918859974923464
CZDNLUMNELLDDD-BIPCAJJSSA-N,O=C1CCC=C[C@@]1(O)C(=O)OCc1ccccc1O[C@H]1O[C@H](CO)[C@@H](O)[C@H](O)[C@H]1O,39.69621181221913
KZNIFHPLKGYRTM-UHFFFAOYSA-N,O=c1cc(-c2ccc(O)cc2)oc2cc(O)cc(O)c12,57.043190808426985
VFLDPWHFBUODDF-FCXRPNKRSA-N,COc1cc(/C=C/C(=O)CC(=O)/C=C/c2ccc(O)c(OC)c2)ccc1O,67.7762365441894
VMZGZQGCIBFDJR-WUKNDPDISA-N,CN(C)CCCN(CCCCNC(=O)c1ccccc1)C(=O)/C=C/c1ccccc1,137.5763851532713
ZUGCRBMNFSAUOC-YRNVUSSQSA-N,COc1cc(O)c(C(=O)/C=C/c2ccc(O)cc2)cc1CC=C(C)C,78.22404573328271
PFTAWBLQPZVEMU-HIFRSBDPSA-N,Oc1cc(O)c2c(c1)O[C@@H](c1ccc(O)c(O)c1)[C@H](O)C2,10.647218571402616
GRWFGVWFFZKLTI-IUCAKERBSA-N,CC1=CC[C@H]2C[C@@H]1C2(C)C,-9.90247684132042
WXTPOHDTGNYFSB-RMPHRYRLSA-N,OC[C@H]1O[C@@H](Oc2cc(O)cc(O)c2)[C@H](O)[C@@H](O)[C@@H]1O,36.5885164312603
NYCCSNKAKDPMKQ-JXYRPZLXSA-N,OC[C@H]1O[C@H](Oc2cccc(/C=C/c3ccc(O)cc3)c2)[C@@H](O)[C@H](O)[C@@H]1O,90.82738630143712
HYXITZLLTYIPOF-UHFFFAOYSA-N,Cc1coc2c1C(=O)C(=O)c1c-2ccc2c1CCCC2(C)C,-11.764744112784223
IYRMWMYZSQPJKC-UHFFFAOYSA-N,O=c1c(O)c(-c2ccc(O)cc2)oc2cc(O)cc(O)c12,55.481463307254465
AIONOLUJZLIMTK-CQSZACIVSA-N,COc1ccc([C@H]2CC(=O)c3c(O)cc(O)cc3O2)cc1O,39.08270982911449
NCEUUOJBSVCOQU-UHFFFAOYSA-N,C=CCc1cc2c(cc1O)oc(=O)c1c3ccc(O)cc3oc21,27.228787416457685
XXAKVORQXOAQMW-OSCSTCBISA-N,CC[C@H](C)[C@@H](NC(=O)[C@@H](C)NC)C(=O)N1CC[C@@H]2Oc3ccc(OC)c(c3)CCNC(=O)[C@@H](C)NC(=O)[C@@H]21,-79.44286360897237
WMHJCSAICLADIN-WYWSWGBSSA-N,CC1=C(C=O)C(C)(C)C[C@H](O[C@@H]2O[C@H](CO)[C@@H](O)[C@H](O)[C@H]2O)C1,-13.507586412546354
SCHKABUWAYOIBY-WEVVVXLNSA-N,COc1cc(/C=C/C(=O)NCCCCn2c(C=O)ccc2CO)ccc1O,127.16090727561209
AKIHYQWCLCDMMI-VMPITWQZSA-N,[H]/N=C(/N)NCCCCNC(=O)/C=C/c1ccc(O)cc1,92.06872392220484
AIGAZQPHXLWMOJ-UHFFFAOYSA-N,Cc1coc2c1C(=O)C(=O)c1c-2ccc2c(C)cccc12,4.01264803137534
XPEQUGZSJRBTLJ-UHFFFAOYSA-N,O=C(CCc1ccc(O)c(O)c1)CC(=O)CCc1ccc(O)c(O)c1,52.33596966855262
AIONOLUJZLIMTK-CQSZACIVSA-N,COc1ccc([C@H]2CC(=O)c3c(O)cc(O)cc3O2)cc1O,39.08270982911449
UYBHWSVYGLVLEM-QTBYGSMXSA-N,C=C(C)[C@H]1CC[C@]2(C(=O)O)CC[C@@H]3[C@H](CC[C@@H]4[C@]3(C)CC[C@@H]3C(C)(C)C(=O)CC[C@@]43C)[C@H]12,-48.228778109002505
AYDKOFQQBHRXEW-OKTNMODBSA-N,CC1(C)C[C@H]2C3=CC[C@@H]4[C@@]5(C)CC[C@@H](O)C(C)(C)[C@@H]5CC[C@@]4(C)[C@@]3(C)C[C@@H](O)[C@]2(CO)[C@@H](O)[C@@H]1O,-40.31893295945484
NSMMPEJLOMMKCX-SUKJIKOTSA-N,CCCCCCCCCCC/C=C1\C(=O)O[C@H](C)[C@H]1O,-11.377070506877708
YKPUWZUDDOIDPM-SOFGYWHQSA-N,COc1cc(CNC(=O)CCCC/C=C/C(C)C)ccc1O,104.91868139904211
IQPNAANSBPBGFQ-UHFFFAOYSA-N,O=c1cc(-c2ccc(O)c(O)c2)oc2cc(O)cc(O)c12,47.8310237282397
SSEUDFYBEOIWGF-AWEZNQCLSA-N,COc1cc2c3c(c4cc(OC)c(OC)cc4c2cc1OC)CN1CCC[C@H]1C3,0.7144256508487279
IQPNAANSBPBGFQ-UHFFFAOYSA-N,O=c1cc(-c2ccc(O)c(O)c2)oc2cc(O)cc(O)c12,47.8310237282397
IYGYMKDQCDOMRE-ZWKOTPCHSA-N,CN1CCc2cc3c(cc2[C@H]1[C@@H]1OC(=O)c2c1ccc1c2OCO1)OCO3,-35.72834928475518
PHZOWSSBXJXFOR-PTGZALFTSA-N,C=CC/C(=N\OS(=O)(=O)O)S[C@@H]1O[C@H](CO)[C@@H](O)[C@H](O)[C@H]1O,-6.5933951513601095
FFERWTFUZDSRQX-UXHICEINSA-N,O=C1c2ccccc2N[C@H]1[C@H]1c2ccccc2-n2c1nc1ccccc1c2=O,7.963060204647963
OXJKSVCEIOYZQL-ODPGBAFUSA-N,O=c1c(O[C@H]2O[C@@H](CO)[C@@H](O)[C@@H]2O)c(-c2cc(O)c(O)c(O)c2)oc2cc(O)cc(O)c12,57.01307348661256
XGVJWXAYKUHDOO-KSYCFECVSA-N,O[C@@H]1[C@H]2c3cc4c(cc3CN3CCC(=C[C@@H]1O)[C@H]23)OCO4,-53.04655835679623
YJVMDLQSCPBESM-BPWQLTPQSA-N,CC1(C)CC[C@]2(CO)C(=O)C[C@]3(C)C(=CC[C@H]4[C@]5(C)CC[C@@H](O)C(C)(C)[C@H]5CC[C@@]43C)[C@H]2C1,-40.72021113640223
OPCNBYUJAGAASS-QRWLVFNGSA-N,C[C@H]1OC(c2ccccc2O)=N[C@@H]1C(=O)NCCCNCCCNC(=O)c1cccc(O)c1O,41.71978092752036
DOUMFZQKYFQNTF-GIZXNFQBSA-N,O=C(/C=C/c1ccc(O)c(O)c1)O[C@@H](Cc1ccc(O)c(O)c1)C(=O)O,75.65755688335193
BYRGGBMULKTYME-QHCPKHFHSA-N,CC(C)=CCC[C@@]1(C)CCc2c(c(C)cc3c2[nH]c2cc(O)ccc23)O1,1.7186333832582041
MZSGWZGPESCJAN-IGIASEDTSA-N,O=C(/C=C/c1ccc(O/C(=C/c2ccc(O)c(O)c2)C(=O)O)c(O)c1)O[C@@H](Cc1ccc(O)c(O)c1)C(=O)O,73.23289238468288
HARGZZNYNSYSGJ-JTQLQIEISA-N,Cc1cccc2c3c(ccc12)C1=C(C(=O)C3=O)[C@@H](C)CO1,-23.189911835911754
GCCUNTZRCHAEMO-FCISZPQZSA-N,CC1(C)[C@H]2CC[C@@]3(C)[C@@H](C(=O)C=C4[C@H]5C[C@@](C)(C(=O)c6c[nH]c(=O)[nH]c6=O)CC[C@]5(C)CC[C@]43C)[C@]2(C)CC[C@H]1O[C@@H]1O[C@H](C(=O)c2c[nH]c(=O)[nH]c2=O)[C@@H](O)[C@H](O)[C@H]1O[C@H]1O[C@@H](C(=O)c2c[nH]c(=O)[nH]c2=O)[C@@H](O)[C@@H](O)[C@H]1O,45.36274132846407
RLAWBFSVSTZLIY-UHFFFAOYSA-N,Oc1cccc(Cc2ncc[nH]2)c1Oc1ccccc1Cc1ncc[nH]1,58.911477105593214
ZQSIJRDFPHDXIC-UHFFFAOYSA-N,O=c1c(-c2ccc(O)cc2)coc2cc(O)ccc12,61.75929595361237
QXNWVJOHUAQHLM-QUCCMNQESA-N,CC(C)c1cc2c(cc1O)[C@]1(C)CCCC(C)(C)[C@H]1CC2,13.91409629869651
QGJZLNKBHJESQX-JWTUGZEHSA-N,C=C(C)[C@H]1CC[C@]2(C(=O)O)CC[C@]3(C)[C@H](CC[C@H]4[C@]5(C)CC[C@@H](O)C(C)(C)[C@H]5CC[C@@]43C)[C@H]12,-9.928769832269762
RZDVRZOFWDUODE-JSOSNVBQSA-N,COc1ccc2cc1Oc1ccc(cc1)C[C@@H]1c3cc(c(OC)cc3CCN1C)Oc1cc3c(c(OC)c1OC)CCN(C)[C@H]3C2,-77.5662758522482
VSHUQLRHTJOKTA-XBXARRHUSA-N,O=C(/C=C/c1ccc(O)c(O)c1)NCCc1ccc(O)cc1,131.9434122379033
JRSJLGASDWZQGF-VKDZGMKNSA-N,COC(=O)/C(=C\c1ccc(O)c(O)c1)Oc1ccc(/C=C/C(=O)O[C@@H](Cc2ccc(O)c(O)c2)C(=O)O)cc1O,77.47140983291757
ZDSHHVKRPQDWHF-WEVVVXLNSA-N,C=C(Cc1c(OC)ccc(C(=O)/C=C/c2ccc(O)cc2)c1O)OO,54.22324954056146
QUQPHWDTPGMPEX-XPMSIJAISA-N,COc1ccc([C@H]2CC(=O)c3c(O)cc(O[C@@H]4O[C@H](CO[C@@H]5O[C@H](C)[C@H](O)[C@H](O)[C@@H]5O)[C@H](O)[C@@H](O)[C@H]4O)cc3O2)cc1O,110.21538716509312
CRDNMYFJWFXOCH-YPKPFQOOSA-N,O=C1Nc2ccccc2/C1=C1/Nc2ccccc2C1=O,-0.554273149130164
OWGUBYRKZATRIT-QPJJXVBHSA-N,COc1cc(O)cc(O)c1C(=O)/C=C/c1ccc(O)cc1,70.07789222625576
DOHSSXZMQRXAPZ-INHBTNCSSA-N,C[C@@H]1O[C@@H](O[C@H]2CC[C@]3(C)[C@H](CC[C@@]4(C)[C@H]3C=C[C@@H]3[C@H]5CC(C)(C)CC[C@]5(CO)[C@H](O)C[C@]34C)[C@]2(C)O)[C@@H](O)[C@@H](O[C@@H]2O[C@H](CO)[C@@H](O)[C@H](O)[C@H]2O)[C@@H]1O,-28.717965554391515
KZMACGJDUUWFCH-UHFFFAOYSA-O,COc1cc(-c2[o+]c3cc(O)cc(O)c3cc2O)cc(OC)c1O,24.92869265229747
MDBLUWPKZWARGG-RVFMGZSWSA-N,COC(=O)CCC(=O)O[C@@H]1C[C@@](OC(=O)/C=C/c2ccc(O)c(O)c2)(C(=O)O)C[C@H](OC(=O)/C=C/c2ccc(O)c(O)c2)[C@H]1O,57.27842490700257
XLTLOPRYDVGSEG-OZFXOPILSA-N,CC1(C)CC[C@]23CO[C@@]4(C=C[C@H]5[C@]6(C)CC[C@H](O[C@@H]7O[C@@H](O[C@@H]8O[C@@H](O)[C@@H](O)[C@H](O)[C@@H]8O)[C@@H](O[C@@H]8O[C@H](CO)[C@@H](O)[C@H](O)[C@H]8O)[C@H](O)[C@@H]7O)[C@@](C)(CO)[C@H]6CC[C@]5(C)[C@]4(C)C[C@@H]2O)[C@H]3C1,-34.34365114964912
GNZSCHDPXFZGRO-FVCCEPFGSA-N,C=C1CCC[C@@]2(C)CC[C@H](CO)[C@@H](O)[C@]12O,-34.56975622327096
PQBITFIHFKWRFS-FTQOQOITSA-N,COC(=O)[C@@]1(C)CC[C@]2(C)CC[C@]3(C)C(=CC(=O)[C@H]4[C@]5(C)CC[C@@H](O[C@@H]6O[C@H](C(=O)NN)[C@@H](O)[C@H](O)[C@H]6O[C@H]6O[C@@H](C(=O)NN)[C@@H](O)[C@@H](O)[C@H]6O)C(C)(C)[C@H]5CC[C@@]43C)[C@H]2C1,35.62190194615684
SRVFFFJZQVENJC-RDBSUJKOSA-N,CCOC(=O)[C@H]1O[C@@H]1C(=O)N[C@H](CC(C)C)C(=O)NCCC(C)C,70.11720366054762
SUYLTDFWHNXGDX-LFAPAAFUSA-N,O=C(O[C@H](Cc1ccc(O)c(O)c1)C(=O)O)[C@@H]1[C@H](C(=O)O[C@@H](Cc2ccc(O)c(O)c2)C(=O)O)[C@@H](c2ccc(O)c(O)c2)[C@@H]1c1ccc(O)c(O)c1,25.09403209829791
CXHQWFDNPRYKLR-CRGSBIFKSA-N,O=C1c2c(O)cccc2[C@H]([C@@H]2O[C@H](CO)[C@H](O)[C@H](O)[C@H]2O)c2cc(O)cc(O)c21,-20.87797453488996
JPUDEIBVUZNDCK-FCXRPNKRSA-N,COc1ccc(/C=C/C(=O)CC(=O)/C=C/c2ccc(O)c(OC)c2)cc1O,88.09176230364412
DQEAAVKYRCHQOQ-IEFPXSNCSA-N,C[C@H]1O[C@H](Oc2ccc3ccc(=O)oc3c2-c2c(O)ccc3ccc(=O)oc23)[C@H](O)[C@@H](O)[C@@H]1O,24.141379135002225
WTARULDDTDQWMU-IUCAKERBSA-N,C=C1CC[C@H]2C[C@@H]1C2(C)C,-20.082243370967596
SDIVYZXRQHWCKF-SECBINFHSA-N,O=c1c2ccccc2nc2n1CC[C@H]2O,10.363339402431711
AUIKOEBHPNLVIV-IZPAUZPXSA-N,O=C(/C=C/c1ccc(O)c(O)c1)NCC[C@@H]1CNc2ccccc21,75.3214472662046
LSEDQFLRUJOXDX-IQJVAEQNSA-N,OC[C@@H]1O[C@H](O[C@@H](CCCCc2ccc(O)c(O)c2)CCc2ccc(O)c(O)c2)[C@@H](O)[C@H](O)[C@H]1O,68.23020773922823
REFJWTPEDVJJIY-UHFFFAOYSA-N,O=c1c(O)c(-c2ccc(O)c(O)c2)oc2cc(O)cc(O)c12,47.66488912739564
CMJGAYUQSLJSCR-ULIPXBITSA-N,O=C1OC[C@H](Cc2ccc3c(c2)OCO3)/C1=C\c1ccc2c(c1)OCO2,39.7368207442127
KCWHZHZEQUHBCW-HNNXBMFYSA-N,Oc1ccc(CCCC[C@H](O)CCc2ccc(O)c(O)c2)cc1O,60.656294075957035
WEEGYLXZBRQIMU-WAAGHKOSSA-N,CC1(C)O[C@]2(C)CC[C@H]1CC2,-15.057922668313502
XMOCLSLCDHWDHP-SWLSCSKDSA-N,Oc1cc(O)c2c(c1)O[C@H](c1cc(O)c(O)c(O)c1)[C@@H](O)C2,-0.052376440807616026
GVKKJJOMQCNPGB-SNVBAGLBSA-N,C[C@@H]1COC2=C1C(=O)C(=O)c1c2ccc2c1CCCC2(C)C,-40.26700463551727
COHYTHOBJLSHDF-BUHFOSPRSA-N,O=C1/C(=C2\Nc3ccccc3C2=O)Nc2ccccc21,2.88917241421903
YAAJRTVBAVFJQG-CYBMUJFWSA-N,CC(=O)c1c(O)cc(O)cc1C[C@@H]1Cc2cc(O)cc(O)c2C(=O)O1,8.849691766832755
IQPNAANSBPBGFQ-UHFFFAOYSA-N,O=c1cc(-c2ccc(O)c(O)c2)oc2cc(O)cc(O)c12,47.8310237282397
ABWRSFGMUNFXLV-ZBRBORSZSA-N,COc1cc2c(cc1O)[C@]13CCN4CC5=CCO[C@H]6CC(=O)N2[C@@H]1[C@@H]6[C@H]5C[C@H]43,-100.16823521439258
MZRGPMSVJSTWGI-QUTULZHUSA-N,CCO[C@@H]1C(=O)C=C[C@@H](OC=O)[C@]1(O)C(=O)OCc1ccccc1O[C@@H]1O[C@H](COC(=O)c2ccccc2)[C@@H](OC(=O)c2ccccc2)[C@H](O)[C@H]1O,39.082557742534405
HGEFZKVVMSUQFS-UHFFFAOYSA-N,C=CCc1c(CCCc2ccc(O)cc2O)cc(O)c(O)c1CC=C,35.16369579281135
LTUGUGXKMMPGRF-HNNXBMFYSA-N,COc1cc2c3c(c4cc(OC)c(OC)cc4c2cc1OC)CN1CCCC[C@H]1C3,5.847480227992117
HUWICDSAMDEDAM-HSRKKVFISA-N,O=C(OO[C@@H]1O[C@H](OC(=O)c2cc(O)c(O)c(O)c2)[C@@H](OC(=O)c2cc(O)c(O)c(O)c2)[C@H](OC(=O)c2cc(O)c(O)c(O)c2)[C@H]1O)c1cc(O)c(O)c(O)c1,-3.0221379060430813
DEMKZLAVQYISIA-GGRNZYNVSA-N,O=C1C[C@H](c2ccc(O[C@H]3O[C@H](CO)[C@H](O)[C@H](O)[C@@H]3O)cc2)Oc2cc(O)ccc21,51.42386566801227
VOCGSQHKPZSIKB-HXUWFJFHSA-N,COc1cc2c(cc1CC=C(C)C)C(=O)C[C@H](c1ccc(O)cc1)O2,30.697255528684444
IGTCYLQHMDCGHA-CCEZHUSRSA-N,O=CNCCCCN(CCCNC(=O)c1ccccc1)C(=O)/C=C/c1ccccc1,108.24305818110446
XVFMGWDSJLBXDZ-UHFFFAOYSA-O,Oc1ccc(-c2[o+]c3cc(O)cc(O)c3cc2O)cc1,20.329892155149754
OQWKEEOHDMUXEO-BQYQJAHWSA-N,CCCCC/C=C/C(=O)CCc1ccc(O)c(OC)c1,61.79394059803968
IKIIZLYTISPENI-YRIDSSQKSA-N,O=C(O)[C@@H]1O[C@H](Oc2cc3oc(-c4ccccc4)cc(=O)c3c(O)c2O)[C@@H](O)[C@H](O)[C@H]1O,52.64678081058267
MVIYWFBLVAFZID-AWEZNQCLSA-N,O=C(CCc1ccc(O)c(O)c1)C[C@@H](O)CCc1ccc(O)c(O)c1,59.92147199557675
ZQSIJRDFPHDXIC-UHFFFAOYSA-N,O=c1c(-c2ccc(O)cc2)coc2cc(O)ccc12,61.75929595361237
IIVCIAROSDNLCL-VUUSOMOASA-N,CC1(C)[C@H]2CC[C@@]3(C)[C@@H](C(=O)C=C4[C@H]5C[C@@](C)(C(=O)O)CC[C@]5(C)CC[C@]43C)[C@]2(C)CC[C@H]1O[C@@H]1O[C@H](C(=O)N[C@H]2O[C@@H](CO)[C@@H](O)[C@H](O)[C@@H]2NC=O)[C@@H](O)[C@H](O)[C@H]1O[C@H]1O[C@@H](C(=O)N[C@H]2O[C@@H](CO)[C@H](O)[C@H](O)[C@@H]2NC=O)[C@@H](O)[C@@H](O)[C@H]1O,1.8939587167366216
PFRGXCVKLLPLIP-UHFFFAOYSA-N,C=CCSSCC=C,0.01484697352744302
FZKRWTVMKFSFSG-CYBMUJFWSA-N,CNc1ccc([C@H]2CCn3c2nc2ccccc2c3=O)cc1C(=O)OC,32.14059297953477
DROARAMNSGFOAW-NJWMRHRVSA-N,O=C(O[C@H]1Cc2c(O)cc(O)cc2O[C@@H]1c1cc(O)c(O)c(O)c1)[C@H]1C[C@@H](O)[C@H](O)[C@@H](O)C1,11.725753510613458
XGVJWXAYKUHDOO-KSYCFECVSA-N,O[C@@H]1[C@H]2c3cc4c(cc3CN3CCC(=C[C@@H]1O)[C@H]23)OCO4,-53.04655835679623
JXFZHMCSCYADIX-XVNBXDOJSA-N,COc1cc(/C=C/C(=O)Nc2ccc(O)cc2C(=O)O)ccc1O,105.58071129559944
WKOLLVMJNQIZCI-UHFFFAOYSA-N,COc1cc(C(=O)O)ccc1O,21.976022325347497
ITYNGVSTWVVPIC-XVIXHAIJSA-N,C=C1CC[C@@H]2[C@H]([C@@H]3[C@H](C)CC[C@@H]13)C2(C)C,-46.0975759407341
HYXITZLLTYIPOF-UHFFFAOYSA-N,Cc1coc2c1C(=O)C(=O)c1c-2ccc2c1CCCC2(C)C,-11.764744112784223
MZSGWZGPESCJAN-MOWZVGOISA-N,O=C(/C=C/c1ccc(O/C(=C\c2ccc(O)c(O)c2)C(=O)O)c(O)c1)O[C@@H](Cc1ccc(O)c(O)c1)C(=O)O,73.23289238468288
OIEMCIKPOVGWLI-UHFFFAOYSA-N,O=C(CCC(=O)N(O)CCCCCN1C(=O)CCC1=O)NCCCCCN(O)C(=O)Cc1ccccc1,112.83552783630454
DWDOXTINEVOYSV-AHRSYUTCSA-N,CC(C)C1=C[C@@]2(O)CC[C@@H]3C(C)(C)CCC[C@@]3(C)C2=CC1=O,-29.054708598286233
KJSPSKUHMMEKCA-SIWDACQESA-N,COc1cc([C@@H](O)[C@@H]2C(=O)NCCc3cccc(c3)Oc3ccc(cc3)CCNC(=O)/C=C/Cc3cc(OC)c(O)c2c3)ccc1O,-210.7203891295545
AZOCLKLJIKZOLF-XUHQJRGCSA-N,O=C(/C=C/c1ccc(O[C@H](C(=O)O)[C@@H](O)c2ccc(O)c(O)c2)c(O)c1)O[C@@H](Cc1ccc(O)c(O)c1)C(=O)O,84.33246163473004
NSMMPEJLOMMKCX-ILELCVFRSA-N,CCCCCCCCCCC/C=C1/C(=O)O[C@H](C)[C@H]1O,-11.377070506877708
ABDQTIKKAYGHNV-UHFFFAOYSA-N,O=c1c(O)c(-c2cccc(O)c2)oc2cc(O)cc(O)c12,48.19919694871125
VYKJHZPVMQESSZ-SNMMKEDWSA-N,O=C(O)[C@@H](Cc1ccc(O)c(O)c1)OC/C=C\c1ccc(O)c2c1[C@H](C(=O)O[C@H](Cc1ccc(O)c(O)c1)C(=O)O)O[C@@H]2c1ccc(O)c(O)c1,11.429195123446991
IQPNAANSBPBGFQ-UHFFFAOYSA-N,O=c1cc(-c2ccc(O)c(O)c2)oc2cc(O)cc(O)c12,47.8310237282397
YUSWMAULDXZHPY-UHFFFAOYSA-N,O=c1cc(-c2ccc(O)c(-c3c(O)cc(O)c4c(=O)cc(-c5ccc(O)cc5)oc34)c2)oc2cc(O)cc(O)c12,36.52548758077758
FPLMIPQZHHQWHN-UHFFFAOYSA-N,COc1ccc(-c2oc3cc(O)cc(O)c3c(=O)c2O)cc1O,56.95270761893825
RDWZVQVSXRSNDS-PZMYXVABSA-N,COc1cc([C@H]2O[C@@H](c3ccc(O)c(OC)c3)[C@H](C(=O)Cc3ccc(O)cc3C(=O)O)[C@H]2C(=O)Cc2ccc(O)cc2C(=O)O)ccc1O,23.70423113409975
YMGFTDKNIWPMGF-WNQDSSHSSA-N,O=C(/C=C/c1ccc(O)c(O)c1/C=C/c1ccc(O)c(O)c1)O[C@@H](Cc1ccc(O)c(O)c1)C(=O)O,74.67483808927206
REFJWTPEDVJJIY-UHFFFAOYSA-N,O=c1c(O)c(-c2ccc(O)c(O)c2)oc2cc(O)cc(O)c12,47.66488912739564
BYVWXQRJRYELNP-AFYYWNPRSA-N,O=C1C(c2ccc(O)c(O)c2)Oc2cc(O)cc(O)c2[C@H]1O,-5.0499993528178875
BYSRPHRKESMCPO-LNOLUJMESA-N,Oc1cc(O)c2c(c1)O[C@]1(c3ccc(O)c(O)c3)Oc3cc(O)c4c(c3[C@@H]2[C@H]1O)O[C@H](c1ccc(O)c(O)c1)[C@@H](O)[C@@H]4c1c(O)cc(O)c2c1O[C@@H](c1ccc(O)c(O)c1)[C@H](O)C2,-31.14728995834462
GAEQWKVGMHUUKO-UHFFFAOYSA-N,Cc1cc2c([nH]c3ccccc32)c2c1OC(C)(C)C=C2,10.774745687407265
TZBJGXHYKVUXJN-UHFFFAOYSA-N,O=c1c(-c2ccc(O)cc2)coc2cc(O)cc(O)c12,56.83422933045236
PFTAWBLQPZVEMU-UKRRQHHQSA-N,Oc1cc(O)c2c(c1)O[C@H](c1ccc(O)c(O)c1)[C@H](O)C2,10.647218571402616
RERZNCLIYCABFS-UHFFFAOYSA-N,COc1ccc2c3c([nH]c2c1)C(C)=NCC3,23.45468858752042
CLZDRNKNWXDFQT-HCEBPPTQSA-N,O=C(O[C@H](Cc1ccc(O)c(O)c1)C(=O)O)C1=Cc2ccc(O)c(O)c2[C@H](C(=O)O[C@@H](Cc2ccc(O)c(O)c2)C(=O)O)[C@H]1c1ccc(O)c(O)c1,1.5074599589317677
NGSWKAQJJWESNS-ZZXKWVIFSA-N,O=C(O)/C=C/c1ccc(O)cc1,24.244861402480115
UTEFVWWPMXBETL-SXGWCWSVSA-N,COc1cc(CCC(=O)NCCc2ccc(O)cc2)ccc1Oc1cc(/C=C\C(=O)NCCc2ccc(O)cc2)cc(OC)c1O,236.850881974563
CYQRDZPBFHTFJZ-ASGMLYFASA-N,C[C@@H]1OC(c2ccccc2O)=N[C@@H]1C(=O)NCCCN(CCCNC(=O)c1cccc(O)c1O)C(=O)[C@H]1N=C(c2ccccc2O)O[C@H]1C,58.407669965175224
JKHRCGUTYDNCLE-UHFFFAOYSA-O,Oc1cc(O)c2cc(O)c(-c3cc(O)c(O)c(O)c3)[o+]c2c1,11.85727149411088
XCDQFROEGGNAER-NNEHRPRASA-N,C[C@@H]1[C@@H](O)CC[C@H]2[C@@]1(C)CC[C@@H]1[C@]2(C)CC[C@@]2(C)[C@@H]3CC(C)(C)CC[C@@]3(C)CC[C@]12C,-28.58056885452074
MXXWOMGUGJBKIW-YPCIICBESA-N,O=C(/C=C/C=C/c1ccc2c(c1)OCO2)N1CCCCC1,70.46919148367702
LNCIXDIFZNXBDP-HNRBIFIRSA-N,CN1CCCN(CCCCN2CCCN(C)[C@H](c3ccccc3)CC2=O)C(=O)C[C@@H]1c1ccccc1,26.530170582085116
YVPXVXANRNDGTA-URLMMPGGSA-N,COc1ccc2cc1Oc1ccc(cc1)C[C@@H]1c3c(cc4c(c3Oc3cc5c(cc3OC)CCN(C)[C@H]5C2)OCO4)CCN1C,-77.08152261673345
QYOIIVVCQDPNAG-XDMWQQQZSA-N,O=C1c2cc(CO)cc(O)c2C(=O)c2c1ccc([C@@]1([C@@H]3O[C@H](CO)[C@H](O)[C@H](O)[C@H]3O)c3cccc(O)c3C(=O)c3c(O)cc(O)cc31)c2O,-6.152636554286522
JVXZRQGOGOXCEC-UHFFFAOYSA-N,O=c1cc(-c2ccc(O)cc2)oc2cc(O)c(O)c(O)c12,40.38400088515041
FTQXELOPBMFYKP-DYLAAIIWSA-N,COc1ccc2c(c1)N[C@@H]1[C@@H]2CCN[C@@H]1C,-34.9203605303594
SUQWXNKVRJSLJG-VJTYHZGZSA-N,COc1cc(C)c2c(=O)cc(C[C@@H](C)O)oc2c1[C@@H]1O[C@@H](CO)[C@@H](C)[C@@H](O)[C@@H]1OC(=O)/C=C/c1ccccc1,46.89668520533564
NPNNKDMSXVRADT-WEVVVXLNSA-N,COc1cc(/C=C/C(=O)NCCc2ccc(O)cc2)ccc1O,152.9332669698017
XBAHULAFZOLUBT-VIFPVBQESA-N,CO[C@H]1C=CC2=NC3=C(CCN=C3C)C2=C1,-69.04916525990734
PHPGTEVCWLIQIT-BQYYLDSTSA-N,CC1(C)[C@H]2CC[C@@]3(C)[C@@H](C(=O)C=C4[C@H]5C[C@@](C)(C(=O)O)CC[C@]5(C)CC[C@]43C)[C@]2(C)CC[C@H]1O[C@@H]1O[C@H](C(=O)N[C@H](SCc2ccccc2)C(=O)O)[C@@H](O)[C@H](O)[C@H]1O[C@H]1O[C@@H](C(=O)N[C@H](CSCc2ccccc2)C(=O)O)[C@@H](O)[C@@H](O)[C@H]1O,82.6476776844294
WRYLYDPHFGVWKC-SNVBAGLBSA-N,CC1=CC[C@](O)(C(C)C)CC1,-1.1855839033394766
VWHYFMQKJYFLCC-DUXPYHPUSA-N,O=C(/C=C/CCc1ccc(O)c(O)c1)CCc1ccc(O)c(O)c1,40.17937317442152
KZNIFHPLKGYRTM-UHFFFAOYSA-N,O=c1cc(-c2ccc(O)cc2)oc2cc(O)cc(O)c12,57.043190808426985
GKHOGRMKNUUWFH-SHWYRAPHSA-N,O=C(/C=C\c1ccc(O)c(O)c1)O[C@@H]1[C@H](O)CC[C@H]1OC(=O)/C=C/c1ccc(O)c(O)c1,49.18587321724627
OVSQVDMCBVZWGM-QLNOSOPISA-N,O=c1c(O[C@H]2O[C@H](CO)[C@H](O)[C@@H](O)[C@H]2O)c(-c2ccc(O)c(O)c2)oc2cc(O)cc(O)c12,89.0371073396057
GVKKJJOMQCNPGB-JTQLQIEISA-N,C[C@H]1COC2=C1C(=O)C(=O)c1c2ccc2c1CCCC2(C)C,-40.26700463551727
TYCLBPSZSGTWCX-UHFFFAOYSA-N,Oc1ccc(Cc2ncc[nH]2)cc1Oc1cccc(Cc2ncc[nH]2)c1,77.06052689461553
UYHHGHQLVKQIQK-OAHLLOKOSA-N,CNc1ccc([C@H]2CCN3Cc4ccccc4N=C23)cc1C(=O)OC,16.657761315774252
VXNWJKFKJUYKNY-UHFFFAOYSA-N,C=CCc1ccc(C(C)=O)c(OC)c1,53.27327905270378
LUKBXSAWLPMMSZ-OWOJBTEDSA-N,Oc1ccc(/C=C/c2cc(O)cc(O)c2)cc1,51.01449934209443
QRYRORQUOLYVBU-VLIAUNLRSA-N,CC(C)c1cc2c(c(O)c1O)[C@]1(C(=O)O)CCCC(C)(C)[C@H]1CC2,-7.041377895366853
UFCLZKMFXSILNL-BMPVICKZSA-N,O=C(/C=C/c1ccc(O)c(O)c1)O[C@@H]1[C@@H](O)C[C@@](O)(C(=O)O)C[C@H]1OC(=O)/C=C/c1ccc(O)c(O)c1,40.194768185385364
KZNIFHPLKGYRTM-UHFFFAOYSA-N,O=c1cc(-c2ccc(O)cc2)oc2cc(O)cc(O)c12,57.043190808426985
MWMMPGDUPHYPAA-FPYGCLRLSA-N,O=c1oc(/C=C/c2ccc(O)cc2)nc2ccc(O)cc12,60.65060514611374
RHMXXJGYXNZAPX-UHFFFAOYSA-N,Cc1cc(O)c2c(c1)C(=O)c1cc(O)cc(O)c1C2=O,31.79409705527379
NFVYQWIJCKHXPY-HRFLEFDHSA-N,CC[C@@H]1C=CCC[C@@]2(C[C@H]3CC[C@@]4(C(=O)OCCCCCCCCCCCCCCCCCC(=O)N(CCCN)CCCC(N)=O)C[C@]5(CCC[C@H](C)O5)N=C(N2)N34)O1,-11.746546451823617
QUEMNJXBRHOUNX-FJFCSAGJSA-N,C[C@]1(C(=O)O)CC[C@@]2(C)CC[C@@H]3C(=CC(=O)[C@H]4[C@H]3CC[C@H]3C[C@@H](O[C@@H]5O[C@H](C(=O)O)[C@@H](O)[C@H](O)[C@H]5O[C@@H]5O[C@H](C(=O)O)[C@@H](O)[C@@H](O)[C@@H]5O)CC[C@@]34C)[C@@H]2C1,-53.559384382946774
VWHYFMQKJYFLCC-DUXPYHPUSA-N,O=C(/C=C/CCc1ccc(O)c(O)c1)CCc1ccc(O)c(O)c1,40.17937317442152
LSHVYAFMTMFKBA-TZIWHRDSSA-N,O=C(O[C@@H]1Cc2c(O)cc(O)cc2O[C@@H]1c1ccc(O)c(O)c1)c1cc(O)c(O)c(O)c1,40.403963060915856
IOUVKUPGCMBWBT-QNDFHXLGSA-N,O=C(CCc1ccc(O)cc1)c1c(O)cc(O)cc1O[C@@H]1O[C@H](CO)[C@@H](O)[C@H](O)[C@H]1O,105.49714344955883
RHVPEFQDYMMNSY-UHFFFAOYSA-N,CC1=NCCc2c1[nH]c1cc(O)ccc21,-4.897929711196753
VFLDPWHFBUODDF-FCXRPNKRSA-N,COc1cc(/C=C/C(=O)CC(=O)/C=C/c2ccc(O)c(OC)c2)ccc1O,67.7762365441894
DKBOCUYXQDBLOY-RUZDIDTESA-N,CN1CCCCN(CCCCNC(=O)c2ccccc2)C(=O)[C@]1(O)C(=O)c1ccccc1,86.06381119424154
XHEFDIBZLJXQHF-UHFFFAOYSA-N,O=c1c(O)c(-c2ccc(O)c(O)c2)oc2cc(O)ccc12,35.92644116405729
YIICVSCAKJMMDJ-SNVBAGLBSA-N,O[C@@H]1CCN2Cc3ccccc3N=C12,-8.826473400782342
ZWXLQYJRFHYYAO-KCXIHHOBSA-N,COc1cc(C)c2c(=O)cc(CC(C)=O)oc2c1[C@@H]1O[C@@H](CO)[C@@H](C)[C@@H](O)[C@@H]1OC(=O)/C=C/c1ccccc1,45.61130031709024
QAIPRVGONGVQAS-DUXPYHPUSA-N,O=C(O)/C=C/c1ccc(O)c(O)c1,29.94332455554921
IYGYMKDQCDOMRE-ZWKOTPCHSA-N,CN1CCc2cc3c(cc2[C@H]1[C@@H]1OC(=O)c2c1ccc1c2OCO1)OCO3,-35.72834928475518
OJFGQVZAISEIPG-IJIVKGSJSA-N,O=C(/C=C/c1ccc(O)c(O)c1)CC(=O)/C=C/c1ccc(O)c(O)c1,49.3514018434262
XDUXBBDRILEIEZ-IBGZPJMESA-N,Cc1coc2c1C(=O)C(=O)c1c-2ccc2c1CCC[C@@]2(C)CO,-18.95818649251674
SGAWOGXMMPSZPB-UHFFFAOYSA-N,CC1=C(C=O)C(C)(C)CC=C1,-40.976903875325284
IAKHMKGGTNLKSZ-INIZCTEOSA-N,COc1cc2c(c(OC)c1OC)-c1ccc(OC)c(=O)cc1[C@@H](NC(C)=O)CC2,77.69141210177717
REFJWTPEDVJJIY-UHFFFAOYSA-N,O=c1c(O)c(-c2ccc(O)c(O)c2)oc2cc(O)cc(O)c12,47.66488912739564
FAFKEIMQBPAMNO-FRKPEAEDSA-N,C=C(/C(C)=C/C)c1c(OC)c2c(c3c(-c4ccccc4)cc(=O)oc13)OC(C)(C)C=C2,-1.6392624915185934
DBQOYAOBGQRKIK-HIBOQREESA-N,COc1ccc(-c2cc(=O)c3c(O)c(OC)c(O[C@@H]4O[C@H](CO[C@H]5O[C](C)[C@H](O)[C@@H](O)[C@@H]5O)[C@@H](O)[C@H](O)[C@H]4O)cc3o2)cc1,99.37192485332422
TVWPPWLGMUSNNX-UHFFFAOYSA-N,C=CCc1cc(-c2oc3cc(O)c(CC=C)c(O)c3c(=O)c2O)cc(O)c1O,27.704872183050842
FTVWIRXFELQLPI-CYBMUJFWSA-N,O=C1C[C@H](c2ccc(O)cc2)Oc2cc(O)cc(O)c21,32.13094310470309
BQSJTQLCZDPROO-UHFFFAOYSA-N,Cc1nc(-c2ccc(OCC(C)C)c(C#N)c2)sc1C(=O)O,53.90442969053699
SBHXYTNGIZCORC-ZDUSSCGKSA-N,O=C1C[C@@H](c2ccc(O)c(O)c2)Oc2cc(O)cc(O)c21,33.23538395797862
DLBOMVFEFWKKHS-NXBHMOJESA-N,O=C(O[C@@H]1[C@H](Oc2ccc(O)cc2COC(=O)[C@@]2(O)[C@H](O)C=CC(=O)[C@@H]2O)O[C@H](CO)[C@@H](O)[C@@H]1O)c1ccccc1,46.23029075182025
YMHFBUOKLSWOQF-NSHGMRRFSA-N,CN1CCc2cc3c(cc2[C@H]1[C@@H]1O[C@H](O)c2c1ccc1c2OCO1)OCO3,-40.819475170209984
VCCRNZQBSJXYJD-UHFFFAOYSA-N,O=c1c(O)c(-c2ccccc2)oc2cc(O)cc(O)c12,58.201393346673974
ZERULLAPCVRMCO-UHFFFAOYSA-N,CCCSCCC,20.12849623132881
ULSUXBXHSYSGDT-UHFFFAOYSA-N,COc1ccc(-c2cc(=O)c3c(OC)c(OC)c(OC)c(OC)c3o2)cc1,48.30304476659581
KZJWDPNRJALLNS-VPUBHVLGSA-N,CC[C@@H](CC[C@H](C)[C@@H]1CC[C@H]2[C@@H]3CC=C4C[C@@H](O)CC[C@]4(C)[C@H]3CC[C@@]21C)C(C)C,-30.332512098402326
NLDDIKRKFXEWBK-CQSZACIVSA-N,CCCCC[C@@H](O)CC(=O)CCc1ccc(O)c(OC)c1,72.39212412763459
LQGUBLBATBMXHT-UHFFFAOYSA-N,Cc1cc(O)c2c(c1)C(=O)c1cccc(O)c1C2=O,28.75288107258628
ZUGCRBMNFSAUOC-YRNVUSSQSA-N,COc1cc(O)c(C(=O)/C=C/c2ccc(O)cc2)cc1CC=C(C)C,78.22404573328271
FEFAIBOZOKSLJR-UHFFFAOYSA-N,CC(C)C1=Cc2ccc3c(c2C(=O)C1=O)CCCC3(C)C,-18.095808058090785
CAPUGADOGHKUQS-YDNDUVNHSA-N,COc1ccc2c(c1)N1C(=O)C[C@@H]3OCC=C4CN5CC[C@@]26[C@@H]5C[C@@H]4[C@H]3[C@@H]16,-85.51187393487744
PMOWTIHVNWZYFI-AATRIKPKSA-N,O=C(O)/C=C/c1ccccc1O,22.428490616672295
LAWAARLALKUFQQ-AUSIDOKSSA-N,COc1ccc2c3c(c4cc(OC)c(OC)cc4c2c1)CN1CCC[C@@H]1[C@H]3O,0.19306285988634866
AJERVVHSERWGFL-FXVWLTTGSA-N,C=C(C)[C@H](Cc1c(OC)ccc(C(=O)/C=C/c2ccc(O)cc2)c1O)OO,58.767566162342106
TZBJGXHYKVUXJN-UHFFFAOYSA-N,O=c1c(-c2ccc(O)cc2)coc2cc(O)cc(O)c12,56.83422933045236
AIFRHYZBTHREPW-UHFFFAOYSA-N,c1ccc2c(c1)[nH]c1cnccc12,33.01516136684613
OPJNODHFKFAIBH-JMQWPVDRSA-N,O=C(/C=C/c1ccc(O)c(O)c1)NCCCCNCCCNC(=O)/C=C/c1ccc(O)c(O)c1,87.00739593030175
QYMDEOQLJUUNOF-UHFFFAOYSA-N,COc1ccc2[nH]c3c(c2c1)CCNC3,29.544371687487814
VOCGSQHKPZSIKB-FQEVSTJZSA-N,COc1cc2c(cc1CC=C(C)C)C(=O)C[C@@H](c1ccc(O)cc1)O2,30.697255528684444
GVKKJJOMQCNPGB-SNVBAGLBSA-N,C[C@@H]1COC2=C1C(=O)C(=O)c1c2ccc2c1CCCC2(C)C,-40.26700463551727
RRAFCDWBNXTKKO-UHFFFAOYSA-N,C=CCc1ccc(O)c(OC)c1,46.15202383185866
QISBNGLMCHHHFG-HNQUOIGGSA-N,O=c1cc(O)oc(/C=C/c2ccc(O)c(O)c2)c1,43.95543101288387
UXIVGJWMQVRKJZ-KWBMFXBPSA-N,COC(=O)[C@@]1(C)CC[C@]2(C)CC[C@]3(C)C(=CC(=O)[C@H]4[C@]5(C)CC[C@@H](O[C@@H]6O[C@H](C(=O)CO)[C@@H](O)[C@H](O)[C@H]6O[C@H]6O[C@@H](C(=O)CO)[C@@H](O)[C@@H](O)[C@H]6O)C(C)(C)[C@H]5CC[C@@]43C)[C@H]2C1,30.160793685490997
IYRMWMYZSQPJKC-UHFFFAOYSA-N,O=c1c(O)c(-c2ccc(O)cc2)oc2cc(O)cc(O)c12,55.481463307254465
RLJGTGKXUCBJPF-MPUGBXDSSA-N,COc1cc(C)c2c(=O)cc(C(O)(O)C(C)=O)oc2c1[C@@H]1O[C@@H](CO)[C@@H](O)[C@@H](O)[C@@H]1OC(=O)/C=C/c1ccccc1,52.642023122659594
OJYLAHXKWMRDGS-UHFFFAOYSA-N,COc1cc(CCC(C)=O)ccc1O,70.11855965368896
FURJVCYQVDCGPY-JZKQVHKSSA-N,CC(C)c1cc2c(c(O)c1O)[C@]13CCCC(C)(C)[C@H]1C[C@H]2C(=O)OO3,-36.65206813006664
SGJNQVTUYXCBKH-HNQUOIGGSA-N,O=c1cc(O)cc(/C=C/c2ccc(O)c(O)c2)o1,42.13271995455223
KGUHFCVSCDQVEU-GEXKASOQSA-N,C=C(C)[C@H]1CC[C@]2(C(=O)O)CC[C@@H]3[C@H](CC[C@@H]4[C@]3(C)CC[C@@H]3C(C)(C)[C@H](O)CC[C@@]43C)[C@H]12,-46.140711722491744
REFJWTPEDVJJIY-UHFFFAOYSA-N,O=c1c(O)c(-c2ccc(O)c(O)c2)oc2cc(O)cc(O)c12,47.66488912739564
SATMZMMKDDTOSQ-UHFFFAOYSA-N,Cc1nccc2c1[nH]c1cc(O)ccc12,9.209390206854714
XROUKQJUPSQEJF-YPCIICBESA-N,COc1cc(/C=C/C(=O)CC(=O)/C=C/c2ccc(O)c(OO)c2)ccc1O,49.10946463741706
OVBPIULPVIDEAO-GFCCVEGCSA-N,Nc1nc2ncc(CNc3ccc(C(=O)N[C@H](CCC(=O)O)C(=O)O)cc3)nc2c(=O)[nH]1,96.24117086360425
JGTYOOKXGOJQII-IBUQTYFYSA-N,CO[C@H]1[C@H](O[C@@H]2O[C@H](CO)[C@H](O)[C@H](O)[C@@H]2O)[C@@H](O)[C@H](O[C@H]2CC[C@@]3(C)[C@@H](CC[C@]4(C)[C@@H]3C=CC3=C5CC(C)(C)CC[C@@]5(CO)[C@H](O)C[C@]34C)[C@]2(C)CO)O[C@@H]1C,-52.415698782776616
INVSLAPXYYHYAD-SKSBSBCQSA-N,COc1ccc2c(c1)N1C(=O)C[C@@H]3OCC=C4CN5CC[C@@]26[C@H]1[C@@H]3[C@H]4C[C@]56O,-81.76102113450162
FCBIKWDKLODCOY-TZRRMPRUSA-N,COc1cc([C@@H]2Oc3cc4c(cc3C(=O)[C@H]2O)CC[C@@](C)(CCCCO)O4)ccc1O,-2.315013938101711
CEBIAOODBQSTTK-UHFFFAOYSA-N,CC(=O)NCCCCCN(O)C(=O)CCC(=O)NCCCCCN(O)C(=O)Cc1ccccc1,104.53782695729102
QDAQTXSEIPFKEE-NUTIFNJFSA-N,COc1cc(/C=C/C(=O)N[C@@H](O)C(=O)c2ccc(O)cc2)ccc1O,96.90892408963298
KYWSCMDFVARMPN-ASWPDFGGSA-N,C[C@@H]1O[C@@H](O[C@H]2CC[C@]3(C)[C@H](CC[C@@]4(C)[C@H]3C=C[C@]35OC[C@@]6(CCC(C)(C)C[C@@H]63)[C@H](O)C[C@@]45C)[C@]2(C)CO)[C@@H](O)[C@@H](O[C@@H]2O[C@H](CO)[C@@H](O)[C@H](O)[C@H]2O)[C@@H]1O,-32.59480243420258
VEVZSMAEJFVWIL-UHFFFAOYSA-O,Oc1cc(O)c2cc(O)c(-c3ccc(O)c(O)c3)[o+]c2c1,18.570138372998986
CAGSJLJFRUTERD-ZCIJVQOHSA-N,C[C@@H]1[C@@H](O)[C@H](O)[C@@H](O)O[C@H]1[C@@H](CCc1ccc(O)c(O)c1)CC(=O)CCc1ccc(O)c(O)c1,35.79535511013897
CGBLBCRVDKYKCU-ZHACJKMWSA-N,CSC(=O)NCCCN(CCCCNC=O)C(=O)/C=C/c1ccccc1,55.818703270109424
HFSDOBJCQNMPRQ-UHFFFAOYSA-N,CNOC(=O)c1cc2c(cn1)[nH]c1ccccc12,32.816699165188425
CJHDBEPXEKGBDW-VMPITWQZSA-N,NCCCCNC(=O)/C=C/c1ccc(O)cc1,70.63908362351503
GKHOGRMKNUUWFH-RXBUKYKGSA-N,O=C(/C=C/c1ccc(O)c(O)c1)O[C@@H]1[C@H](O)CC[C@H]1OC(=O)/C=C/c1ccc(O)c(O)c1,49.18587321724627
OBGPEBYHGIUFBN-UHFFFAOYSA-N,CC(C)=CCc1cc(-c2coc3cc(O)ccc3c2=O)ccc1O,47.77462761888842
ZFAHNWWNDFHPOH-YFKPBYRVSA-N,C=CCSC[C@H](N)C(=O)O,-2.033165577962178
YDQWDHRMZQUTBA-UHFFFAOYSA-N,O=C1c2cccc(O)c2C(=O)c2c(O)cc(CO)cc21,30.85952888410388
ABVFJXLTKCYFCU-GFCCVEGCSA-N,Nc1ccccc1[C@H]1CCn2c1nc1ccccc1c2=O,1.4447358159580488
ITYNGVSTWVVPIC-DHGKCCLASA-N,C=C1CC[C@@H]2[C@H]([C@@H]3[C@H](C)CC[C@H]13)C2(C)C,-46.0975759407341
SSEUDFYBEOIWGF-CQSZACIVSA-N,COc1cc2c3c(c4cc(OC)c(OC)cc4c2cc1OC)CN1CCC[C@@H]1C3,0.7144256508487279
LPLVUJXQOOQHMX-FLWAPPOHSA-N,CC1(C)[C@H]2CC[C@@]3(C)[C@@H](C(=O)C=C4[C@H]5C[C@@](C)(C(=O)O)CC[C@]5(C)CC[C@]43C)[C@]2(C)CC[C@H]1O[C@@H]1O[C@H](C(=O)O)[C@@H](O)[C@H](O)[C@H]1O[C@H]1O[C@@H](C(=O)O)[C@@H](O)[C@@H](O)[C@H]1O,8.901973353812057
KSEBMYQBYZTDHS-HWKANZROSA-N,COc1cc(/C=C/C(=O)O)ccc1O,46.98186201066105
UZROCPSMHKOYDS-CQSZACIVSA-N,Nc1ccccc1[C@H]1CCN2Cc3ccccc3N=C12,-11.032239575703603
ZBHUUXLHDOUMKM-REZTVBANSA-N,CC(C)=CCC/C(C)=C/Cc1cc(-c2coc3cc(O)ccc3c2=O)ccc1O,63.342196223490475
PANKHBYNKQNAHN-MQQNZMFNSA-N,CC(/C=C/C=C(\C)C(=O)O)=C\C=C\C=C(C)\C=C\C=C(/C)C(=O)O,-34.78044230589768
KVYNYRIOAYQBFK-ODMAYWLASA-N,[H]/N=C(\N)NCCCCNC(=O)/C=C/c1ccc2c(c1)[C@@H](C(=O)NCCCCN/C(N)=N/[H])[C@H](c1ccc(O)cc1)O2,82.8848470746426
GADIKQPUNWAMEB-UHFFFAOYSA-N,CCc1c(C(=O)OC)ncc2[nH]c3cc(OC)c(OC)cc3c12,55.97450606606099
YUSWMAULDXZHPY-UHFFFAOYSA-N,O=c1cc(-c2ccc(O)c(-c3c(O)cc(O)c4c(=O)cc(-c5ccc(O)cc5)oc34)c2)oc2cc(O)cc(O)c12,36.52548758077758
OBGPEBYHGIUFBN-UHFFFAOYSA-N,CC(C)=CCc1cc(-c2coc3cc(O)ccc3c2=O)ccc1O,47.77462761888842
SEOVTRFCIGRIMH-UHFFFAOYSA-N,O=C(O)Cc1c[nH]c2ccccc12,49.93387742282111
RPMNUQRUHXIGHK-SLNHTJRHSA-N,C[C@@H]1O[C@H](O[C@H]2[C@H](Oc3cc(O)c4c(=O)cc(-c5ccc(O)cc5)oc4c3)O[C@H](CO)[C@@H](O)[C@@H]2O)[C@H](O)[C@H](O)[C@H]1O,107.61372538808183
ZQSIJRDFPHDXIC-UHFFFAOYSA-N,O=c1c(-c2ccc(O)cc2)coc2cc(O)ccc12,61.75929595361237
MTRCSFCAOFJJGL-QUDODWQYSA-N,C=CC/C(=N\OSOOO)S[C@@H]1O[C@H](CO)[C@@H](O)[C@H](O)[C@@H]1O,-32.08921310560048
WMBWREPUVVBILR-WIYYLYMNSA-N,O=C(O[C@@H]1Cc2c(O)cc(O)cc2O[C@@H]1c1cc(O)c(O)c(O)c1)c1cc(O)c(O)c(O)c1,35.88962787158353
RHMXXJGYXNZAPX-UHFFFAOYSA-N,Cc1cc(O)c2c(c1)C(=O)c1cc(O)cc(O)c1C2=O,31.79409705527379
PSFDQSOCUJVVGF-UHFFFAOYSA-N,Cc1nccc2c1[nH]c1ccccc12,28.33571991210787
VMXHAVNNYIGUTL-SZMSYODNSA-N,CC1=C(/C=C/C(C)=C/C=C/C(C)=C/C=C/C=C(C)/C=C/C=C(\C)CCC(=O)[C@]2(C)C[C@H](O)CC2(C)C)C(C)(C)C[C@@H](O)C1,-55.46363656349873
HARGZZNYNSYSGJ-SNVBAGLBSA-N,Cc1cccc2c3c(ccc12)C1=C(C(=O)C3=O)[C@H](C)CO1,-23.189911835911754
RHRMQQJITNWFMZ-CXUHLZMHSA-N,COc1cc(/C=C/C(=O)NCCc2ccc(Oc3ccc(CCNC(=O)C(=O)Cc4ccc(O)c(OC)c4)cc3)cc2)ccc1O,200.63343923631953
OUGNWRCWQLUXHX-CVXRCJAMSA-N,COc1cc(C)c2c(=O)cc(C[C@@H](C)O)oc2c1[C@@H]1O[C@@H](CO)[C@@H](O)[C@@H](O)[C@@H]1OC(=O)/C=C/c1ccc(O)cc1,54.94210079735534
DILWBGJKPDDTLS-UHFFFAOYSA-N,C=CC(C)(C)c1c2c(c(O)c3c(=O)c4cccc(O)c4oc13)CCC(C)(C)O2,-8.542113425245468
YABIJLLNNFURIJ-UHFFFAOYSA-N,CC(C)=CCc1cc2c(cc1O)oc(=O)c1c3ccc(O)cc3oc21,28.02285960101956
LSHVYAFMTMFKBA-CTNGQTDRSA-N,O=C(O[C@@H]1Cc2c(O)cc(O)cc2O[C@H]1c1ccc(O)c(O)c1)c1cc(O)c(O)c(O)c1,40.403963060915856
UBAXRAHSPKWNCX-UHFFFAOYSA-N,C=CCSSSCC=C,-0.9967798993712256
IKMDFBPHZNJCSN-UHFFFAOYSA-N,O=c1c(O)c(-c2cc(O)c(O)c(O)c2)oc2cc(O)cc(O)c12,38.43081692867919
WMBWREPUVVBILR-GHTZIAJQSA-N,O=C(O[C@H]1Cc2c(O)cc(O)cc2O[C@@H]1c1cc(O)c(O)c(O)c1)c1cc(O)c(O)c(O)c1,35.88962787158353
ZRMWSCPMGTWKPO-IHLOFXLRSA-N,COc1ccc2cc1Oc1ccc(cc1)C[C@@H]1c3cc(c(OC)cc3CCN1C)Oc1cc3c(c(OC)c1O)CCN(C)[C@H]3C2,-76.88704508134254
TUFLVKBJDSZLAW-UHFFFAOYSA-N,COc1cc(OC)c2ccc(=O)oc2c1O,25.9703239430157
CAGSJLJFRUTERD-VKECQMBHSA-N,C[C@@H]1[C@@H](O)[C@H](O)[C@@H](O)O[C@H]1[C@H](CCc1ccc(O)c(O)c1)CC(=O)CCc1ccc(O)c(O)c1,35.79535511013897
IKMDFBPHZNJCSN-UHFFFAOYSA-N,O=c1c(O)c(-c2cc(O)c(O)c(O)c2)oc2cc(O)cc(O)c12,38.43081692867919
YDQWDHRMZQUTBA-UHFFFAOYSA-N,O=C1c2cccc(O)c2C(=O)c2c(O)cc(CO)cc21,30.85952888410388
HCQUMJYLWCSLLR-WHSLLNHNSA-N,COc1c(C(C)C)cc2c(c1O)[C@]1(C)CCCC(C)(C)[C@H]1C[C@H]2O,-2.2770269307867337
YFDKIHAZVQFLRC-HXUWFJFHSA-N,COC(=O)[C@]1(C)CCCc2c1ccc1c2C(=O)C(=O)c2c(C)coc2-1,-6.396729087346106
WLKFTWWPENDPDN-RMKNXTFCSA-N,C=CCc1cc(C(=O)/C=C/c2ccc(O)cc2)c(O)cc1O,72.73479038505596
LRLXAXGCQUOKIO-ATYLQFJESA-N,[H]/N=C(\N)NCCCCNC(=O)/C=C/c1cc(OC)c2c(c1)[C@@H](C(=O)NCCCCN/C(N)=N/[H])[C@H](c1ccc(O)cc1)O2,84.12623125286149
YDQWDHRMZQUTBA-UHFFFAOYSA-N,O=C1c2cccc(O)c2C(=O)c2c(O)cc(CO)cc21,30.85952888410388
BXNJHAXVSOCGBA-UHFFFAOYSA-N,COc1ccc2c(c1)[nH]c1c(C)nccc12,35.07709031761842
QTUCSHJOGPJHIM-MZVGWLCOSA-N,C[C@@H]1[C@@H](O[C@@H](CCCCc2ccc(O)c(O)c2)CCc2ccc(O)c(O)c2)O[C@@H](O)[C@H](O)[C@H]1O,44.78121316301552
UBJVUCKUDDKUJF-UHFFFAOYSA-N,C=CCSCC=C,6.560860032837695
YWQKYQPYGMDGFG-GTNSWQLSSA-N,CCOC(=O)[C@H]1N=Cc2[nH]c3cccc(OC(C)C)c3c2[C@@H]1C,11.233522064431213
VFLDPWHFBUODDF-KYPMKJFLSA-N,COc1cc(/C=C\C(=O)CC(=O)/C=C/c2ccc(O)c(OC)c2)ccc1O,67.7762365441894
KYWSCMDFVARMPN-AXWYSAQTSA-N,C[C@@H]1O[C@@H](O[C@H]2CC[C@]3(C)[C@H](CC[C@@]4(C)[C@H]3C=C[C@]35OC[C@@]6(CCC(C)(C)C[C@@H]63)[C@@H](O)C[C@@]45C)[C@]2(C)CO)[C@@H](O)[C@@H](O[C@@H]2O[C@H](CO)[C@@H](O)[C@H](O)[C@H]2O)[C@@H]1O,-32.59480243420258
YDDGKXBLOXEEMN-XAKUNQSDSA-N,O=C(/C=C/c1ccc(O)c(O)c1)O[C@H](C(=O)O)[C@@H](OC(=O)/C=C/c1ccc(O)c(O)c1)C(=O)O,51.88296521186726
ZDOTZEDNGNPOEW-UHFFFAOYSA-N,O=c1c(O)c(-c2ccc(O)cc2)oc2c(O)c(O)cc(O)c12,28.705511547545424
BYIUQAPTUVOGEC-STROVDMWSA-N,O=C(O[C@@H]1O[C@H](OC(=O)c2cc(O)c(O)c(O)c2)[C@@H](OC(=O)c2cc(O)c(O)c(O)c2)[C@H](OC(=O)c2cc(O)c(O)c(O)c2)[C@H]1O)c1cc(O)c(O)c(O)c1,16.472034704763683
BPRXODFDYBYPRA-MJAJTENYSA-N,COc1cc([C@H]2OC[C@@H]2c2cc(/C=C/C(=O)NCCc3ccc(O)cc3)cc(OC)c2O)ccc1O,109.83619927066245
NLDDIKRKFXEWBK-AWEZNQCLSA-N,CCCCC[C@H](O)CC(=O)CCc1ccc(O)c(OC)c1,72.39212412763459
XLTSBDOZTUSCMX-UHFFFAOYSA-N,CC(C)C1=CC(=O)C=CC1=O,-7.142727781148491
SPCXZDDGSGTVAW-XIDUGBJDSA-N,CC1=C2[C@H](CC1)[C@H](C)CC[C@@H]1[C@H]2C1(C)C,-31.489454442249336
ALVPFGSHPUPROW-UHFFFAOYSA-N,CCCSSCCC,11.438738192000027
RTIXKCRFFJGDFG-UHFFFAOYSA-N,O=c1cc(-c2ccccc2)oc2cc(O)cc(O)c12,65.56974269645674
IKGXIBQEEMLURG-MZQQJHOSSA-N,C[C@@H]1O[C@@H](OC[C@@H]2O[C@H](Oc3c(-c4ccc(O)c(O)c4)oc4cc(O)cc(O)c4c3=O)[C@@H](O)[C@H](O)[C@H]2O)[C@H](O)[C@H](O)[C@H]1O,114.87445236598273
GPTMXAZKVCUZCW-UHFFFAOYSA-N,Cc1cc(O)c2c(c1)C(=O)c1c(Br)c(O)c(Br)c(O)c1C2=O,18.382725148959878
NGYAJBARDRVBLE-SUMWQHHRSA-N,CC[C@H](NC(C)=O)C(=O)N[C@H](C(=O)NCC(=O)OCCN1C(=O)C=CC1=O)C(C)(C)C,63.79874838396691
KVLOEFKBTCCASR-UHFFFAOYSA-N,Cc1cccc(=S)n1O,10.812935434906116
BZWKOEPAPGSYLV-UHFFFAOYSA-N,CCCN1C(=O)C(=O)c2cc(C(=O)O)ccc21,26.67551227370551
RCSXHMPTDXUMRL-UHFFFAOYSA-N,NC(=O)Cc1ccc2c(c1)C(=O)C(=O)N2Cc1ccc2ccccc2c1,91.7049636466587
UQIOKCTXGYYUDD-UHFFFAOYSA-N,O=C1Nc2ccc(NC(=O)c3ccc(Cl)cc3)cc2/C1=N/Nc1ccncc1,117.49211181563544
ALEMQFKPROZQHR-UHFFFAOYSA-N,CCS(=O)(=O)N1CC(CC#N)(n2cc(-c3ncnc4[nH]ccc34)c3ccc(C(F)(F)F)cc32)C1,41.66461294359076
HEKJYZZSCQBJGB-XDHOZWIPSA-N,CC1=NN(c2ccc(C(=O)O)cc2)C(=O)/C1=C/c1ccc(-c2cc(C)c(C)cc2[N+](=O)[O-])o1,102.29017586142962
XIDSLNRVMMPVBZ-UHFFFAOYSA-N,O=C(CSc1c[nH]c2cccc(Br)c12)NCc1ccc(Cl)c(Cl)c1,135.44714775919434
QLGUUVBDAVRWET-GIDUJCDVSA-N,NC(=S)N/N=C/c1cc(-c2ccc(C(=O)O)cc2)co1,14.559834619907573
NHSGNQAPJCROLA-UHFFFAOYSA-N,O=C(Oc1cncc(Cl)c1)c1ccccc1O,70.10947541466068
KNURQGGJBBBYHV-UHFFFAOYSA-N,O=C(CN1C(C(=O)c2ccc(F)c(Cl)c2)C(=O)c2ccc(F)cc2S1(=O)=O)Nc1ccc(C(F)(F)F)cc1,94.78682987170896
NKORYKWDZIQXSP-XNTDXEJSSA-N,CCS(=O)(=O)Oc1ccc(C(=O)/C=C2/C(=O)Nc3ccc(Cl)cc32)cc1,73.38296522363382
UKMZRNVGOWRFCH-UHFFFAOYSA-N,NS(=O)(=O)c1ccc(NC(=O)Cn2cc(CN3C(=O)C(=O)c4ccccc43)nn2)cc1,138.47048441421282
QCLUKMRSPIGCSN-MEDUHNTESA-N,Oc1cc(-c2nnc([C@H](O)[C@@H](O)Cc3nnc(-c4ccc(O)c(O)c4O)o3)o2)cc(O)c1O,46.53193820092809
PAVOOVPPTDMDLO-RVDMUPIBSA-N,CS(=O)(=O)N(c1ccc(C(=O)/C=C2/C(=O)Nc3ccccc32)cc1)S(C)(=O)=O,45.446977567502394
WJGBKYIDFKRSKX-UHFFFAOYSA-N,Cc1n[nH]c2c1C(c1cccs1)C1=C(N=C(N(C)C)N3N=C(c4ccc(Cl)cc4)NC13)N2,12.973557125381133
FEHQMKKCKBJNKA-UHFFFAOYSA-N,COc1ccc2c(c1)c(C(C)C(=O)Oc1cncc(Cl)c1)c(C)n2C(=O)c1ccc(Cl)cc1,99.3327838899328
NAXBTMOXVUBTMT-UHFFFAOYSA-N,CC(C)Cn1c(C(=O)NCCCNC(=O)n2cc(F)c(=O)[nH]c2=O)cc2cc(F)ccc21,97.7684863025913
RQNYSHJZOZMPRU-UHFFFAOYSA-N,S=c1[nH]nc2c3c(-c4ccccc4)cn(-c4ccc(Cl)cc4)c3ncn12,62.31273082724817
LJFHPWXJDBHGHG-UHFFFAOYSA-N,Cc1ccc(S(=O)(=O)N2CCC(C(=O)NC3CCCCCC3)CC2)c(C)c1,166.29757804330097
FATZKUQQYDHMNU-LNMRYCPJSA-N,COc1ccccc1CNC(=O)[C@@H]1CN2CCC1C[C@H]2Cn1cc(-c2cccc(O)c2)nn1,97.71997783704532
JZMXCENGODLQED-UHFFFAOYSA-N,CC(C)Cn1sc2ccccc2c1=O,44.65946131643317
XBVPAGLILYEOGS-UHFFFAOYSA-N,C=CCn1ccc2c(C(=O)Oc3cncc(Cl)c3)cccc21,81.98598928073223
HPKJGHVHQWJOOT-ZJOUEHCJSA-N,O=C[C@H](C[C@@H]1CCNC1=O)NC(=O)[C@H](CC1CCCCC1)NC(=O)c1cc2ccccc2[nH]1,59.373801059012244
USSHAFYEQLIBPW-UHFFFAOYSA-N,CN1C(=O)C(=O)c2cc(C(=O)ON3C(=O)CCC3=O)ccc21,25.605607017256602
GBFDUEHBZPUKMB-VIZOYTHASA-N,NC(=S)N/N=C/c1ccc(-c2ccc(C(=O)O)cc2)o1,85.86739536438786
SFOAMIQSXRHIDA-UHFFFAOYSA-N,CCCCCCOC(=O)c1c(Cl)c(Cl)c(Cl)c(Cl)c1-c1c2cc(I)c(=O)c(I)c-2oc2c(I)c(O)c(I)cc12,62.5950997057656
MFYVCHMRAJZMLR-UHFFFAOYSA-N,O=C(CSc1[nH]c2ccccc2c1SCC(=O)Nc1ccc(Cl)c(Cl)c1)Nc1ccc(Cl)c(Cl)c1,128.09618914913133
SIONLJQSJGOTQF-UHFFFAOYSA-N,CCCCN1C(=O)C(=O)c2cc(C(=O)OC)ccc21,71.37714636928517
QMPBBNUOBOFBFS-UHFFFAOYSA-N,Cn1cnc(Cn2c(=O)[nH]/c(=N\c3cc4cn(C)nc4cc3Cl)n(Cc3cc(F)c(F)cc3F)c2=O)n1,71.5169810368241
ASJKQODISKSGEL-GXDHUFHOSA-N,CS(=O)(=O)Oc1ccc(C(=O)/C=C2/C(=O)Nc3ccccc32)cc1,58.679567138144996
QPAMZFBGFIOWBO-UHFFFAOYSA-N,Cc1cccc(NC(=O)CSc2c[nH]c3ccccc23)c1,129.25806455517213
SNJXBRHNYDZGKX-UHFFFAOYSA-N,CCn1c(C(=O)NCCCNC(=O)n2cc(F)c(=O)[nH]c2=O)cc2ccccc21,113.91757874774291
CYUHVRDTEYEWJT-GHRIWEEISA-N,CCS(=O)(=O)N(c1ccc(C(=O)/C=C2/C(=O)Nc3ccccc32)cc1)S(=O)(=O)CC,47.54140499922945
WFUZYNUZYKCZJW-UHFFFAOYSA-N,COc1cccc(-c2ccnc3nc(N4CCCCC4)[nH]c(=O)c23)c1,85.3927362004431
WZECSTGWQTZCIY-SFQUDFHCSA-N,CCS(=O)(=O)N(c1ccc(C(=O)/C=C2/C(=O)Nc3ccc(Cl)cc32)cc1)S(=O)(=O)CC,53.56330168747607
BTOVWCZBXBSAQA-UHFFFAOYSA-N,Cn1c(C(=O)NCCCNC(=O)n2cc(F)c(=O)[nH]c2=O)cc2ccccc21,102.5948436584846
RTPXYUZLLYULJQ-UHFFFAOYSA-N,On1ccc2ccccc2c1=S,23.9700811153005
BSPZFJDYQHDZNR-ASPXRTSYSA-N,CC(C)C[C@H](NC(=O)OCc1ccccc1)C(=O)N[C@@H](CC1CCNC1=O)C(O)S(=O)(=O)O,78.95355779728825
DKXUFUWTVJBLRQ-UHFFFAOYSA-N,COc1ccc2c(c1)C(=O)C(=O)N2Cc1cn(CC(=O)Nc2ccc(S(N)(=O)=O)cc2)nn1,139.4617212372687
DMHYAQLYAFULCU-VXKWHMMOSA-N,C=CC[C@H](NC(=O)CCl)C(=O)N[C@@H](Cc1c[nH]c2ccccc12)C(=O)NCc1ccccc1,145.21052097882432
JTSLALYXYSRPGW-UHFFFAOYSA-N,N#Cc1ccc(-c2cnc3[nH]cc(NC(=O)c4cccnc4)c3c2)cc1,91.92840866125282
CIZCWSJDCWBINO-UHFFFAOYSA-N,CCCn1sc2ccccc2c1=O,50.53038622341521
,[CH](:[N]c1ccc[nH]1)c1c(CNCc2ccc[nH]2)c(CNCc2ccc[nH]2)c(CNCc2ccc[nH]2)c(CNCc2ccc[nH]2)c1CNCc1ccc[nH]1,27.90821252465155
NLZNSSWGRVBWIX-REVBKLEOSA-N,COC(=O)CC[C@H](NC(=O)[C@H](Cc1c[nH]c2ccccc12)NC(=O)OCc1ccccc1)C(=O)N[C@@H](Cc1cnc[nH]1)C(=O)NC(CC(=O)OC)C(=O)CF,203.23738579841887
WBRKFSSMEYRPGH-NSHDSACASA-N,CC[C@H](NC(C)=O)C(=O)NCC(=O)OCCCN1C(=O)C=CC1=O,63.46890971792815
YIDQCMXPPQQBGK-UHFFFAOYSA-N,Cn1c(C(=O)Nc2ccc3c(c2)OCCO3)cc2c(=O)n3ccccc3nc21,133.95620672250448
NLVRHQFXQFSBQK-XWGVYQGASA-N,CC(C)(C)OC(=O)Nc1cccn([C@@H](CC2CC2)C(=O)N[C@@H](C[C@@H]2CCNC2=O)C(=O)C(=O)NCc2ccccc2)c1=O,87.30637390750493
YSBHATAWWDVERR-UHFFFAOYSA-N,O=C(CSc1c[nH]c2cccc(Br)c12)N(Cc1ccccc1)Cc1ccccc1,114.36655387382967
LOFGZGVYCFBPQV-VIZOYTHASA-N,NC(=S)N/N=C/c1ccc(-c2ccc(S(N)(=O)=O)cc2)o1,122.44576798096632
PPPSWBCFHWAKFZ-UHFFFAOYSA-N,COc1ccccc1CNC(=O)CSc1c[nH]c2cccc(Br)c12,135.66640865944282
IDBWWEGDLCFCTD-LHDHWOGPSA-N,Cc1cc(C(=O)N[C@@H](C)C(=O)N[C@H](C(=O)NC(CC(C)C)C(=O)N[C@H](/C=C/C(=O)OCc2ccccc2)C[C@@H]2CCNC2=O)C(C)C)no1,107.2240837401854
PCLQVAFVSBWSTH-IBGZPJMESA-N,N#CC[C@@H](C1CCCC1)n1cc(-c2ncnc3[nH]ccc23)c2ccc(C(F)(F)F)cc21,54.711541651076395
IPFCRNVQLVQVIH-UHFFFAOYSA-N,COc1ccc2c(c1)cc(C(=O)NCCCNC(=O)n1cc(F)c(=O)[nH]c1=O)n2CC(C)C,105.27209077748941
GKNNUFVSPINFPF-UHFFFAOYSA-N,Cc1ccc2c(Nc3ccc(F)cc3)c(C(=O)N3CCCCCC3)cnc2n1,152.10860829644847
SAFVOXFFNIPXBI-JMDOFIGRSA-N,Cc1oc2nc1C(=O)N[C@](C)(C(=O)NC1CCCN(c3ccc(CCN)cc3)C1)c1nc(c(C)o1)C(=O)N[C@](C)(C(=O)NC1CCN(c3ccc(CCN)cc3)CC1)c1nc(c(C)o1)C(=O)N[C@]2(C)C(=O)NC1CCN(c2ccc(CCN)cc2)CC1,45.88694061928108
IDBWWEGDLCFCTD-VNEMRZQUSA-N,Cc1cc(C(=O)N[C@@H](C)C(=O)N[C@H](C(=O)N[C@@H](CC(C)C)C(=O)N[C@H](/C=C/C(=O)OCc2ccccc2)C[C@@H]2CCNC2=O)C(C)C)no1,107.2240837401854
HJUOXBLMOQFHCZ-UHFFFAOYSA-N,O=C(Nc1ncc([N+](=O)[O-])s1)C1CCCN1C(=O)OCc1ccccc1,130.75060439417837
RCWJCTXRXJZSQK-UHFFFAOYSA-N,Cc1ccn(O)c(=S)c1,12.23609966439733
KNZPYVJHLUGBIW-VOOSAAORSA-N,CC(C)C[C@H](NC(=O)[C@H](CC1=CNC2C=CC=CC12)NC(=O)[C@H](CCCNC(=N)N)NC(=O)[C@H]1CCC[C@@H]1NC(=O)[C@H](CCC(=O)O)NC(=O)[C@H](CC(=O)O)NC(=O)[C@H](CC(=O)O)NC(=O)[C@@H](N)CCCNC(=N)N)C(=O)N[C@H]1CCC[C@@H]1C(=O)NC(C(=O)N[C@@H](CC(=O)O)C(=O)NC1=CC=C[C@@H]1C(=O)N[C@H](C(=O)N[C@@H](Cc1ccc(O)cc1)C(=O)N[C@@H](CC(=O)O)C(=O)N[C@@H]1CCC[C@H]1C(=O)N[C@H](Cc1c[nH]c2ccccc12)C(=O)N[C@H](Cc1c[nH]cn1)C(N)=O)C(C)C)C(C)O,106.67136885726711
HWYRKZDETMXFKE-ZGFBMJKBSA-N,CC(C)[C@@H](NC(=O)OCc1ccccc1)C(=O)N[C@H](CC1CCCCC1)C(=O)N[C@@H](C=O)C[C@H]1CCNC1=O,95.06630124786321
YGFVTMGDFIQLFQ-DUCMRRHSSA-N,CC(=O)C1C(=O)C=C2Oc3c(-c4csc(N/N=C/c5ccc(C)s5)n4)c(O)c(C)c(O)c3[C@@]2(C)C1=O,28.82267363498165
JONKCGVALIFOJI-OCUUXUKKSA-N,C=S(=O)(CC)N1C/C(=C\c2ccc(F)cc2)C(=O)[C@]2(C1)[C@@H](c1ccc(F)cc1)CN(C)[C@@]21C(=O)Nc2ccccc21,-1.079602066090454
RAKAPPJABUBSGD-UHFFFAOYSA-N,O=C(CC12CC3CC(CC(C3)C1)C2)C(=O)Nc1cccc(OCCCN2CCOCC2)c1,145.88330194166448
PXPZZZZQRNCWHX-UHFFFAOYSA-N,CC(C)Cn1c(C(=O)NCCCNC(=O)n2cc(F)c(=O)[nH]c2=O)cc2ccccc21,105.09412186210453
RJWLAIMXRBDUMH-ULQDDVLXSA-N,CSCC[C@@H](C=O)NC(=O)[C@H](CC(C)C)NC(=O)[C@H](CC(C)C)NC(C)=O,46.803095500498955
TUGIXNFQXGSYAS-UHFFFAOYSA-N,O=C(Nc1ccc2c(c1)OCO2)c1nnc(C(=O)N2CCCC(C(=O)Nc3ccccc3)C2)s1,232.00646166872502
UKKYCNCWSWDENN-WDJPJFJCSA-N,CC(=O)N[C@H](C(=O)N[C@H](C(=O)N[C@@H](CC(C)C)C(=O)NCC(=O)OCCCN1C(=O)C=CC1=O)C(C)(C)C)C(C)C,107.89950863046853
MHGOPQDELUOKPE-UHFFFAOYSA-N,O=C1C(=O)N(CO)c2ccccc21,30.7999689412584
VFMMLZZPUQDOPY-UHFFFAOYSA-N,CN1C(=O)C2(NCCc3cc(O)c(O)cc32)c2ccccc21,-4.997919682184352
JKKULFTYKUEDPL-UHFFFAOYSA-N,O=c1cc(OCCCOc2ccnc(SCc3ccc(F)cc3)n2)c2cc(F)ccc2o1,135.42953485238635
VHCDTESYHOZJIB-UHFFFAOYSA-N,O=C(CSc1c[nH]c2c(Br)cccc12)N(Cc1ccccc1)Cc1ccccc1,109.98940230333142
RIEQBAIORONNKN-RPPGKUMJSA-N,Cc1n[nH]c2c1C(c1ccc([N+](=O)[O-])cc1)c1c(N/N=C/c3ccc(Cl)cc3)nc(N(C)C)nc1N2,95.61657635961927
HCWXJOREARTCJT-JTQLQIEISA-N,CC(=O)N1CSC[C@H]1C(=O)NCC(=O)OCCN1C(=O)C=CC1=O,51.94889328253043
BKCDKWJRHGJSRF-UHFFFAOYSA-N,O=c1c2ccccc2sn1CCO,48.155085019821335
PROCLCZZFLLLMZ-UHFFFAOYSA-N,N#Cc1ccc(S(=O)(=O)N2CCN(C(=O)c3cc(O)c(O)c(O)c3)C(C(=O)NCc3ccc(-c4ccccc4)cc3)C2)cc1,172.44070091959503
STEBBEGVSNSKGT-PMERELPUSA-N,Cc1ccc(-c2cccc(S(=O)(=O)N[C@@H](Cc3cccc(C(=N)N)c3)C(=O)N3CCC(NC(=O)NC(C)(C)C)CC3)c2)cc1C,159.60200627477136
UVHOYEZLJFOPNB-UHFFFAOYSA-N,O=C(Oc1ccccc1C(=O)Oc1cncc(Cl)c1)c1ccccc1O,102.11608575690985
VDNGDPGHZKPFHH-UHFFFAOYSA-N,NC(=O)c1ccc2c(c1)C(=O)C(=O)N2Cc1cc2ccccc2s1,91.74879651120673
QEQGAIPVZYHYPA-UHFFFAOYSA-N,COc1ccc2c(c1OC)CCNC21C(=O)Nc2ccc(F)cc21,-4.18019028455341
MFYVCHMRAJZMLR-UHFFFAOYSA-N,O=C(CSc1[nH]c2ccccc2c1SCC(=O)Nc1ccc(Cl)c(Cl)c1)Nc1ccc(Cl)c(Cl)c1,128.09618914913133
LUWFDVWYZOYALA-UHFFFAOYSA-N,CCCCCCCCCCOC(=O)c1c(Cl)c(Cl)c(Cl)c(Cl)c1-c1c2cc(I)c(=O)c(I)c-2oc2c(I)c(O)c(I)cc12,72.0784142631663
SRXXVPDYEVSZPE-UHFFFAOYSA-N,O=C(O)c1ccc2c(c1)C(=O)C(=O)N2Cc1ccccc1,53.92893681052046
YREMPYYYCXBPID-OFAXGOBFSA-N,CC(=O)N[C@H](C(=O)N[C@H](C(=O)N[C@@H](CC(C)C)C(=O)NCC(=O)OCCN1C(=O)C=CC1=O)C(C)(C)C)C(C)C,101.47979118509447
MLTLPJROQNHOKO-UHFFFAOYSA-N,O=C(Oc1cncc(Cl)c1)c1cc(F)cc2[nH]ccc12,72.94271462695698
LXKXHISGOOZAGB-UHFFFAOYSA-N,O=C(Oc1cncc(Cl)c1)c1ccc2c(ccn2S(=O)(=O)c2cccc([N+](=O)[O-])c2)c1,124.06598819768134
GESWKXCQFAPVOX-HXUWFJFHSA-N,Cc1ccc(N2CCN(C)CC2)cc1C(=O)N[C@H](C)c1cc(-c2cnn(C)c2)nc2ccccc12,124.50838739252607
KDMQSUUXKLZVNU-UHFFFAOYSA-N,O=c1c2ccccc2sn1-c1ccccc1,51.5887051275402
NTNYHMJYSGPGCQ-UHFFFAOYSA-N,NC(=O)c1ccc2c(c1)C(=O)C(=O)N2Cc1ccc2ccccc2c1,98.30789169522208
LXCISDRRPFVQLC-AJNGGQMLSA-N,CSCC[C@H](NC(=O)[C@H](CCCCN)NC(=O)[C@H](CS)NC(C)=O)C(=O)N[C@@H](CS)C(N)=O,30.321192279129647
LOQOGNHVALJWKW-UHFFFAOYSA-N,CON(C)C(=O)C(=O)N(C)c1ccc(NC(=O)CC23CC4CC(CC(C4)C2)C3)cc1,88.55041477763945
SSFMNWVQVIILOH-YWIBTEMISA-N,CCCCCCCCCCCCCCCC(C)Cc1nnc(SCCO)n1/N=C/c1cn(Cc2ccccc2)c2ccccc12,151.01992820752142
VXYQVSHWFNVJAE-UHFFFAOYSA-N,O=C(O)c1cccc2c1NC(c1cccc(Br)c1)C1CC=CC21,41.23165890249655
VGGQLLAULCYYQI-UHFFFAOYSA-N,CCCCOc1ccc(F)c(-n2ccc(=O)n(CCCCCOc3ccc(C(=O)O)cc3)c2=O)c1,101.59364659435496
AIZGXTUUNIJAEY-DTEOHWLHSA-N,C=C1CC[C@@H]2[C@](C)(COC(C)=O)[C@H](OC(C)O)CC[C@@]2(C)[C@@H]1CC(SC(=S)N1CCN(C(c2ccc(F)cc2)c2ccc(F)cc2)CC1)C1=CCOC1=O,20.638221063659472
SIWCXZAWSGRAIS-VJOZVQJDSA-N,Cc1oc2nc1C(=O)N[C@](C)(C(=O)Nc1cccc(CCN)c1)c1nc(c(C)o1)C(=O)N[C@](C)(C(=O)Nc1cccc(CCN)c1)c1nc(c(C)o1)C(=O)N[C@]2(C)C(=O)Nc1ccc(CCN)cc1,29.248293018887452
SFLYWAKKJPPSFS-IGCPHGIMSA-N,Cc1n[nH]c2c1C(c1ccc([N+](=O)[O-])cc1)C1=C(N=C(N(C)C)NC1N/N=C/C1O[C@H](CO)[C@@H](O)[C@H](O)[C@H]1O)N2,-6.771160285520766
UFOFCLFPQBJBGC-UHFFFAOYSA-N,Cc1c([N+](=O)[O-])c(O)c2c(c1[N+](=O)[O-])C(=O)c1c(c(O)c([N+](=O)[O-])c(O)c1[N+](=O)[O-])C2=O,4.984260136015396
OSHNCJIDUNDZJF-YUQJVSQNSA-N,COc1ccc(/C=C2\CN(S(C)(=O)=O)C[C@@]3(C2=O)[C@@H](c2ccc(OC)c(OC)c2)CN(C)[C@@]32C(=O)Nc3ccccc32)cc1OC,38.26890543625354
KWEPWRDIBPNLCJ-UHFFFAOYSA-N,CCCCCCCCOC(=O)c1c(Cl)c(Cl)c(Cl)c(Cl)c1-c1c2cc(I)c(=O)c(I)c-2oc2c(I)c(O)c(I)cc12,66.79063092530475
YKETVOGYIZZFGR-UHFFFAOYSA-N,CN(Cc1ccccc1)C(=O)CSc1c[nH]c2c(Br)cccc12,116.90457983103538
ZPYRPLKFPICBCL-XACXPKIDSA-N,CN1C[C@H](c2ccccc2)[C@]2(CN(S(C)(=O)=O)C/C(=C\c3ccccc3)C2=O)[C@]12C(=O)Nc1ccc(Cl)cc12,14.128485233757416
ACBZBWFKUGVGRC-UHFFFAOYSA-N,COc1ccc(-c2cnc3[nH]cc(NC(=O)c4cccnc4)c3c2)cc1OC,100.87132601196079
MIUBNBDMUMQCLE-UHFFFAOYSA-N,O=C(ON1C(=O)CCC1=O)c1ccc2c(c1)C(=O)C(=O)N2Cc1ccccc1,76.99454281068336
ACLZBMSEUGWFIO-KBXCAEBGSA-N,CC(=O)N1CSC[C@H]1C(=O)N[C@H](C(=O)NCC(=O)OCCCN1C(=O)C=CC1=O)C(C)(C)C,72.79852872465608
MIUFWBYRBXTIDZ-UHFFFAOYSA-N,NC(=O)c1ccc2c(c1)C(=O)C(=O)N2Cc1ccc2cc(-c3ccccc3)ccc2c1,90.25247493538095
SWBHRTWJNUKJGX-RNFRBKRXSA-N,CC(=O)N[C@H](CS)C(=O)NCC(=O)N[C@H](CS)C(N)=O,50.06550802014741
WENKGGFRFGCULS-DUNSEXALSA-N,CN1C[C@H](c2ccc(F)cc2)[C@]2(CN(S(C)(=O)=O)C/C(=C\c3ccc(F)cc3)C2=O)[C@]12C(=O)Nc1ccccc12,12.333180384672122
JBLLRCOZJMVOAE-HSQYWUDLSA-N,COc1cccc2[nH]c(C(=O)N[C@@H](CC(C)C)C(=O)N[C@@H](C[C@@H]3CCNC3=O)C(=O)c3nc4ccccc4s3)cc12,118.4360943321831
QWTUCZRORXAMPV-UHFFFAOYSA-N,O=C1C(=O)N(CN2CCOCC2)c2ccc(Cl)cc21,79.5115238926647
LYWZYDYFZJVNFA-KEBDBYFISA-N,C(=N/n1cnnc1)\c1c(-c2ccccc2)[nH]c2ccccc12,81.37260689114886
FSFLGRDOGLYDFS-UHFFFAOYSA-N,CCOc1ccccc1CN(OC)C(=O)CSc1c[nH]c2cccc(Br)c12,96.08232780376474
OYTNHSXZOSSYJN-CNHKJKLMSA-N,Cc1cc(-c2ccc(/C=N/NC(=O)Cn3nnnc3N)o2)c([N+](=O)[O-])cc1C,126.24798752481252
QVDSJCUXMOLKLI-UHFFFAOYSA-N,CC(=O)c1cccc(NC(=O)c2cc3c(=O)n4ccccc4nc3n2C)c1,136.62009578237937
TUCOTTOSWOLVMJ-UHFFFAOYSA-N,CN(Cc1ccccc1)C(=O)CSc1c[nH]c2ccccc12,127.0274027882752
PAVJYVVZIJTAHT-UHFFFAOYSA-N,O=C(Oc1cncc(Cl)c1)c1cccs1,75.95750880873953
WZBUVKGUABINJT-ZVHZXABRSA-N,Cc1c(NC(=S)N/N=C/c2ccc(-c3ccc([N+](=O)[O-])cc3)o2)c(=O)n(-c2ccccc2)n1C,189.87493305017315
MRHWGBKPTZUNLO-UHFFFAOYSA-N,O=C1C(=O)N(Cc2ccc(Br)cc2)c2ccc([N+](=O)[O-])cc21,99.90689506176852
VJJXLMKFVBUDIS-UHFFFAOYSA-N,CN1C(=O)C2(NCCc3cc4c(cc32)OCCO4)c2cc(Cl)ccc21,2.5987541650624344
MMVYUHFDLZLNDJ-UHFFFAOYSA-N,Cc1ccc(N2CCN(C)CC2)cc1C(=O)NC1(c2cc(-c3cnn(C)c3)nc3ccccc23)CC1,95.53322867755682
QLDDTGDDLGYCQR-UHFFFAOYSA-N,O=C1C(=O)N(CN2CCOCC2)c2ccc([N+](=O)[O-])cc21,85.59774566135303
DKYBERVCUALHHG-UHFFFAOYSA-N,CCCCN1C(=O)C(=O)c2cc(I)ccc21,68.01163762906633
TYLOEMFGLQBHPE-UHFFFAOYSA-N,O=C(Oc1cncc(Cl)c1)c1ccc2[nH]ccc2c1,88.29040992363194
ASJKQODISKSGEL-GXDHUFHOSA-N,CS(=O)(=O)Oc1ccc(C(=O)/C=C2/C(=O)Nc3ccccc32)cc1,58.679567138144996
WGPNFWSNPCMOIT-UHFFFAOYSA-N,O=C(CSc1c[nH]c2c(Br)cccc12)NCc1ccc(Cl)c(Cl)c1,131.76314481152178
GBVXANLRSHPVHG-DUCMRRHSSA-N,CC(=O)C1C(=O)C=C2Oc3c(-c4csc(N/N=C/c5sccc5C)n4)c(O)c(C)c(O)c3[C@@]2(C)C1=O,22.98824693721996
YAWYDOMPQPEPAS-BIKNGKINSA-N,COC(=O)C[C@H](NC(=O)CNC(=O)[C@H](CCCCNC(=O)OC1C/C(=C\c2ccc([N+](=O)[O-])cc2)C(=O)/C(=C/c2ccc([N+](=O)[O-])cc2)C1)NC(=O)OC(C)(C)C)C(=O)OC,172.7462827601363
BOSZJNSICHFHMA-UHFFFAOYSA-N,O=C(Oc1cncc(Cl)c1)c1cccc2[nH]ccc12,84.94031980799087
SZGFEDHUUMPKOQ-UHFFFAOYSA-N,O=C(CSc1c[nH]c2ccccc12)N(Cc1ccccc1)Cc1ccccc1,120.11222526057125
JGJJCXBQYAWUFV-CJNGLKHVSA-N,[C-]#[N+]c1ccc(CNC(=O)[C@@H]2CCC[C@H](Nc3nc(C)nc(NC)n3)C2)c(C(F)(F)F)c1,94.34330497296774
CCZRTVFIPPLCSL-GIJQJNRQSA-N,NC(=S)N/N=C/c1ccc(-c2ccc3cccnc3c2)o1,105.75424731743632
MAYSJMBSILUGEG-UHFFFAOYSA-N,O=C1C(=O)N(Cc2cc3ccccc3s2)c2ccc(I)cc21,98.44379577210843
NTNYHMJYSGPGCQ-UHFFFAOYSA-N,NC(=O)c1ccc2c(c1)C(=O)C(=O)N2Cc1ccc2ccccc2c1,98.30789169522208
RMKXHDRTRISBCB-YCMTUVLUSA-N,CN1C[C@H](c2ccc(Cl)cc2)[C@]2(CN(S(C)(=O)=O)C/C(=C\c3ccc(Cl)cc3)C2=O)[C@]12C(=O)Nc1ccc(Cl)cc12,18.258563612090516
IXQNRDZUWHUHOL-UHFFFAOYSA-N,Cc1cccc(C(=O)Oc2cncc(Cl)c2)c1O,74.19626655424912
OEVKRDQVDJTPII-UHFFFAOYSA-N,Cc1cc(O)c2c(c1)C(=O)c1c(NCCCN)c(O)cc(O)c1C2=O,5.319284784388895
RPMOZTXHJDAKOV-UHFFFAOYSA-N,O=c1sc2ccccc2n1Cc1ccccc1,82.441148032835
MUNFBYOTGGMQOS-XMMPIXPASA-N,CC(C)(C)c1ccc(N(C(=O)c2c[nH]cn2)[C@@H](C(=O)NC2CCCCC2)c2cccnc2)cc1,159.10535998052688
ZOLFTGHFMWRRCQ-NPPFBWRTSA-N,CC(=O)N1CSC[C@H]1C(=O)N[C@H](C(=O)N[C@@H](CC(C)C)C(=O)NCC(=O)OCCN1C(=O)C=CC1=O)C(C)(C)C,92.11693002441619
PCLQVAFVSBWSTH-LJQANCHMSA-N,N#CC[C@H](C1CCCC1)n1cc(-c2ncnc3[nH]ccc23)c2ccc(C(F)(F)F)cc21,54.711541651076395
QDIMHKWNHMVDJB-WBAXXEDZSA-N,COc1cccc2[nH]c(C(=O)N[C@@H](CC(C)C)C(=O)N[C@@H](C[C@@H]3CCNC3=O)C(=O)CO)cc12,80.77190440489765
ZRUIMDMDIRQCKV-UHFFFAOYSA-N,O=C1C(=O)N(CN2CCOCC2)c2ccccc21,81.92972714026335
KWLOKUMNWAEMHY-UHFFFAOYSA-N,CCCNC(=O)n1sc2ccccc2c1=O,49.41254096113304
GUBDCSAAGRTMKG-CUWPLCDZSA-N,O=C[C@H](C[C@@H]1CCNC1=O)NC(=O)[C@H](Cc1ccc(F)cc1)NC(=O)c1cc2ccccc2[nH]1,83.61169067069902
QTGORSKTHIBLJT-FIVJMQNTSA-N,O=C(/C=C/c1ccccc1)N[C@@H](CC1CCCCC1)C(=O)N[C@@H](C[C@@H]1CCNC1=O)C(=O)C(=O)NCc1ccccc1,107.99715046849548
OKWWSWGQMRMFKG-UHFFFAOYSA-N,O=C(Nc1ccc2cc(S(=O)(=O)O)cc(O)c2c1)c1ccc(-c2ccc(C(=O)Nc3ccc4cc(S(=O)(=O)O)cc(O)c4c3)cc2)cc1,97.17622848083833
OEDYFNFRLNGOCR-ZQHMDUQPSA-N,C=C1CC[C@@H]2[C@](C)(COC(C)=O)[C@H](OC(C)O)CC[C@@]2(C)[C@@H]1CC(SC(=S)N1CCc2ccccc2[C@@H]1c1ccccc1)C1=CCOC1=O,-27.161427192012198
BUOSOLLSZIGEML-NRFANRHFSA-N,CC(C)(C)OC(=O)N[C@H]1CCN(c2ccc3cccc(OCC(=O)NCc4ccccc4)c3n2)C1,200.39341575081986
PEXDVTLKRDUWFO-UHFFFAOYSA-N,COc1cc2c(cc1F)C1(NCC2)C(=O)Nc2ccc(C)cc21,0.8492227020120906
WZECSTGWQTZCIY-SFQUDFHCSA-N,CCS(=O)(=O)N(c1ccc(C(=O)/C=C2/C(=O)Nc3ccc(Cl)cc32)cc1)S(=O)(=O)CC,53.56330168747607
KVFCOBZWUCKJFB-UHFFFAOYSA-N,Cc1cccc(O)c1C(=O)Oc1cccc(C)c1C(=O)Oc1cncc(Cl)c1,71.4600002405972
AKYONPXEPTZZJI-SAMNPIAGSA-N,Cc1oc2nc1C(=O)N[C@](C)(C(=O)Nc1cc(N(C)C)ccc1CCN)c1nc(c(C)o1)C(=O)N[C@](C)(C(=O)Nc1cc(N(C)C)ccc1CCN)c1nc(c(C)o1)C(=O)N[C@]2(C)C(=O)Nc1cc(N(C)C)ccc1CCN,-4.174683481569871
QTGORSKTHIBLJT-FIVJMQNTSA-N,O=C(/C=C/c1ccccc1)N[C@@H](CC1CCCCC1)C(=O)N[C@@H](C[C@@H]1CCNC1=O)C(=O)C(=O)NCc1ccccc1,107.99715046849548
MITOFRSPGLYHSJ-QFIPXVFZSA-N,CC(C)(C)OC(=O)N[C@@H](Cc1c[nH]c2ccccc12)C(=O)NNC(=O)OCC(=O)N1CCCc2ccccc21,194.15048627295315
UXFKDJVWSMIPCJ-IWCSCBEPSA-N,C[C@@H]1[C@@H](O)[C@H](C)OC(OC[C@H]2CC(OCCc3ccccc3)[C@H](O)C[C@@H]2O)[C@@H]1O,22.497882226607903
UVERBUNNCOKGNZ-CQSZACIVSA-N,Cc1ccc(N)cc1C(=O)N[C@H](C)c1cccc2ccccc12,130.45628792270642
YYFGOPINFSHNHL-UHFFFAOYSA-N,O=C(CCN1CCOCC1)Nc1ccc2c(c1)/C(=N\Nc1ccc(C(F)(F)F)cc1)C(=O)N2,135.0371208691409
JROSKNTUYSPHGX-UHFFFAOYSA-N,O=C(Oc1cncc(Cl)c1)c1cccc2c1CCN2,38.247301807922994
JUOZFQFRLAKATR-UHFFFAOYSA-N,Cc1ccc(C(=O)Nc2ncc([N+](=O)[O-])s2)cc1,91.98535812581041
RUHYGYHBVKWREW-GXRSIYKFSA-N,CC(C)C[C@@H](NC(=O)[C@H](NC(=O)OCc1ccccc1)C(C)C)C(=O)N[C@@H](C=O)C[C@H]1CCNC1=O,91.11953906518102
PWKMNWCHICTDMH-UHFFFAOYSA-N,Cc1cccc(NC(=O)CSc2c(C)[nH]c3ccccc23)c1,126.86392148113305
YLSPWNBSWVYQDL-UHFFFAOYSA-N,CCc1ccc(NC(=O)c2cc3c(=O)n4ccccc4nc3n2C)cc1,135.67429759837577
VJTLXWPIIWQBLS-VLNAADLNSA-N,CC(=O)C1C(=O)C=C2Oc3c(-c4csc(N/N=C/c5cccs5)n4)c(O)c(C)c(O)c3[C@@]2(C)C1=O,28.65661648051363
ICEPTMMUVMVNPK-UHFFFAOYSA-N,CN1C(=O)C2(NCCc3cc(O)c(O)cc32)c2cc(Cl)ccc21,-4.738025817471638
QPTRCMKGPYHAKR-UHFFFAOYSA-N,COc1ccccc1CNC(=O)CSc1c[nH]c2c(Br)cccc12,131.9824057117703
TXCHUBHNNMCEIA-UHFFFAOYSA-N,COc1ccccc1CNC(=O)CSc1c[nH]c2ccccc12,142.7983772918358
GBFDUEHBZPUKMB-VIZOYTHASA-N,NC(=S)N/N=C/c1ccc(-c2ccc(C(=O)O)cc2)o1,85.86739536438786
ODVWLYKAIGIEPE-UHFFFAOYSA-N,Nc1ccc(S(=O)(=O)N2CCN(C(=O)c3cc(O)c(O)c(O)c3)C(C(=O)NCc3ccc(-c4ccccc4)cc3)C2)cc1,163.9661722332956
IOZYRYXEKZKPMB-LBPRGKRZSA-N,COc1ccc2cc([C@H](C)C(=O)Oc3cncc(Cl)c3)ccc2c1,126.69007209458684
UAJSREFZKIGKNA-BYCLXTJYSA-N,COc1nnc(-n2nnc(C3=NN(c4nc(C)c(/N=N/c5ccc(Cl)cc5)s4)C(c4cccs4)C3)c2C)s1,49.265774785583055
MMEXJKOSHXYXRF-UHFFFAOYSA-N,CCCCCCCCCCCC[N+](C)(C)CCOc1ccc(Br)cc1,100.86107835286184
QXWSJHHADNHGQN-UHFFFAOYSA-N,COc1ccccc1CNC(=O)CSc1cn(C)c2ccccc12,167.85553167132
VIBQBRDTHPVEOK-UHFFFAOYSA-N,COC(=O)c1ccc2c(c1)C(=O)C(=O)N2CN1CCOCC1,87.72572948688183
ZRTLOGMPZXDOQV-AUOPALFESA-N,COc1ccc2c(c1)c(CC(=O)NCCCCCCC(=O)N[C@H](C(=O)C1N[C@H](C(=O)N[C@@H](C)c3ccc(-c4scnc4C)cc3)C[C@H]1O)C(C)(C)C)c(C)n2C(=O)c1ccc(Cl)cc1,219.00828640875363
CYUHVRDTEYEWJT-GHRIWEEISA-N,CCS(=O)(=O)N(c1ccc(C(=O)/C=C2/C(=O)Nc3ccccc32)cc1)S(=O)(=O)CC,47.54140499922945
GTSXALRQJSTGQE-UHFFFAOYSA-N,NS(=O)(=O)c1ccc(NC(=O)Cn2cc(CN3C(=O)C(=O)c4cc(F)ccc43)nn2)cc1,131.9047675936782
YGFVTMGDFIQLFQ-DUCMRRHSSA-N,CC(=O)C1C(=O)C=C2Oc3c(-c4csc(N/N=C/c5ccc(C)s5)n4)c(O)c(C)c(O)c3[C@@]2(C)C1=O,28.82267363498165
RGWVVEFOFSTTPY-UHFFFAOYSA-N,Cc1cc(C)c2c(N3CCCC3)nc(C(=O)N3CCCCC3)nc2n1,86.44240220170241
QZWIYWHQEBDPOP-UHFFFAOYSA-N,CC(=O)Oc1ccccc1C(=O)Oc1cncc(Cl)c1,89.92322473499738
CFVPWMXIGWWNAV-UHFFFAOYSA-N,O=C(NCCNC(=S)Nc1ccc(O)c(O)c1)c1cc(=O)c2c(O)cccc2o1,103.35310618802488
ZIFJJRRCTKAIGB-UHFFFAOYSA-N,COC(=O)c1ccc(-n2sc3ccccc3c2=O)cc1,75.38587863768265
NAVWIZRFTCZHCX-UHFFFAOYSA-N,O=C(Nc1ccc(-c2ccc(C(=O)Nc3cccc4cc(S(=O)(=O)O)ccc34)cc2)cc1)c1ccc([N+](=O)[O-])cc1,185.764819564755
GKDZSGOSTQSGNT-UHFFFAOYSA-N,CC(C)Cn1c(C(=O)NCCCNC(=O)n2cc(F)c(=O)[nH]c2=O)cc2cc(C(F)(F)F)ccc21,101.89037342224545
HQEBUSGSQUTCGV-UHFFFAOYSA-N,Cc1ccc(O)c(C(=O)Oc2ccc(C)cc2C(=O)Oc2cncc(Cl)c2)c1,101.14016286341037
NHWITSYUVIJHRS-WTAJHKDLSA-N,C=C1CC[C@@H]2[C@](C)(COC(C)=O)[C@H](OC(C)O)CC[C@@]2(C)[C@@H]1CC(SC(=S)N1CCN(C(c2ccccc2)c2ccc(Cl)cc2)CC1)C1=CCOC1=O,46.32171498758896
CDQXORKPLJMKQR-UHFFFAOYSA-N,O=C(O)c1ccc2c(c1)C(=O)C(=O)N2Cc1ccc2ccccc2c1,74.42804182746373
JDIOSABJTWFKAX-UHFFFAOYSA-N,CC(=O)Nc1cc(C(=O)Oc2cncc(Cl)c2)ccc1F,102.14788549037068
XHQLXTMPSYSNTB-OMCISZLKSA-N,NC(=S)N/N=C/c1ccc(-c2ccc(Cl)c(C(=O)O)c2)o1,92.985219273032
CGONTYBKIBJCCD-HKBQPEDESA-N,COc1ccc(-c2cccc(S(=O)(=O)N[C@@H](Cc3cccc(C(=N)N)c3)C(=O)N3CCN(C(=O)NC4CCCCC4)CC3)c2)c(OC)c1,185.7339510965207
XDXWLKQMMKQXPV-QYQHSDTDSA-N,CC1=NN(c2ccc(C)c(C)c2)C(=O)/C1=N\Nc1cccc(-c2cccc(C(=O)O)c2)c1O,54.81535235624255
NELOAMWPFFAQDU-UHFFFAOYSA-N,COc1ccc2c(c1)C(=O)C(=O)N2Cc1cn(CC(=O)Nc2ccc(C(C)=O)cc2)nn1,137.22397658857645
LEXZVKICWCCEAC-UHFFFAOYSA-N,CCCCSc1cc2c(cc1NC(=O)C1CC(=O)N(c3ccccc3)C1)n(C)c(=O)n2C,158.3105052044675
BSPZFJDYQHDZNR-GXIXOUGGSA-N,CC(C)C[C@@H](NC(=O)OCc1ccccc1)C(=O)N[C@H](C[C@H]1CCNC1=O)C(O)S(=O)(=O)O,78.95355779728825
VJTLXWPIIWQBLS-VLNAADLNSA-N,CC(=O)C1C(=O)C=C2Oc3c(-c4csc(N/N=C/c5cccs5)n4)c(O)c(C)c(O)c3[C@@]2(C)C1=O,28.65661648051363
YGHCNXCGOVTXGN-UHFFFAOYSA-N,O=C(CSc1c[nH]c2ccccc12)NCc1ccc(Cl)c(Cl)c1,144.66354136298241
RWNPWYHREODZKW-SRPIJEGYSA-N,CC(=O)N[C@@H](CCc1ccc(O)cc1)C(=O)N[C@@H](CN)C(=O)NCC(=O)NC/C=C/C(=O)O,52.23806419490648
AGFNHUWABBPXMZ-SFYKDHMMSA-N,CC(=O)N1CSC[C@H]1C(=O)N[C@H](C(=O)N[C@@H](CC(C)C)C(=O)NCC(=O)OCCCN1C(=O)C=CC1=O)C(C)(C)C,98.53664746979025
VMZVIDMBNWRCBB-HNNXBMFYSA-N,CC(=O)N[C@H](C(=O)NCC(=O)OCCCN1C(=O)C=CC1=O)C(C)C,80.78349248051678
MXZWWIYCAKLVCA-UHFFFAOYSA-N,CCCCOC(=O)c1c(Cl)c(Cl)c(Cl)c(Cl)c1-c1c2cc(I)c(=O)c(I)c-2oc2c(I)c(O)c(I)cc12,48.36794931790216
FATPQUBCNOFHJO-UHFFFAOYSA-N,Cc1cccc(O)c1C(=O)Oc1cncc(Cl)c1,62.20544107028075
KJJOZDJMVAQFFW-WOQJSSNBSA-N,CCCCCCCCCCCCCCCC(C)Cc1nnc(SCC(O)CO)n1/N=C/c1cn(Cc2ccccc2)c2ccccc12,164.1786867132444
KZAVRKCUYNPFSL-UHFFFAOYSA-N,C=CCc1cn(CC=C)c2cccc(C(=O)Oc3cncc(Cl)c3)c12,64.01466379974097
MMVYUHFDLZLNDJ-UHFFFAOYSA-N,Cc1ccc(N2CCN(C)CC2)cc1C(=O)NC1(c2cc(-c3cnn(C)c3)nc3ccccc23)CC1,95.53322867755682
XPATXODQXQXQDM-UHFFFAOYSA-N,COc1cc2c(cc1F)C1(NCC2)C(=O)Nc2ccc(Cl)cc21,1.108488582953453
NQSNTEYVKFJYTJ-VPGIWFEVSA-N,CC[C@H](C)[C@@H](NC(=O)CCc1ccccc1)C(=O)N[C@H](CCC(=O)OC)C(=O)N[C@@H](C(=O)N[C@H](CC(=O)OC)C(=O)CF)[C@@H](C)O,123.65968955221055
PRLIOOFJTHOJPZ-UHFFFAOYSA-N,Nc1ccccc1-n1sc2ccccc2c1=O,34.33869049036788
GMABJXHOHFHSLT-AJNGGQMLSA-N,CSCC[C@H](NC(=O)[C@H](CS)NC(C)=O)C(=O)N[C@@H](CCCCN)C(=O)N[C@@H](CS)C(N)=O,30.321192279129647
FZYRAOYAYPHAMW-UHFFFAOYSA-N,CCCN1C(=O)C(=O)c2cc(C(=O)OC)ccc21,59.92272151975875
YXNBSYADRMCVPG-VIZOYTHASA-N,NC(=S)N/N=C/c1ccc(-c2ccc(C(=O)O)cc2)s1,50.37728868071035
ZVWAWSPWVCDCIL-OMCISZLKSA-N,NC(=S)N/N=C/c1ccc(-c2cc(C(=O)O)ccc2Cl)o1,80.67931545869024
WEGOLTFKIFSOIH-YCMTUVLUSA-N,CN1C[C@H](c2ccc(F)cc2)[C@]2(CN(S(C)(=O)=O)C/C(=C\c3ccc(F)cc3)C2=O)[C@]12C(=O)Nc1ccc(Cl)cc12,18.32272728282538
JGAMTTJARHTBAO-UHFFFAOYSA-N,Clc1cccc(-n2cc(-c3ccccc3)c3c2ncn2cnnc32)c1,79.5134315439297
CPXPGFUBQYOVQL-UHFFFAOYSA-N,O=c1c2ccccc2sn1CCCc1ccccc1,89.45975114922715
FCALQYOEHVUZLN-OMCISZLKSA-N,NC(=S)N/N=C/c1ccc(-c2cccc(C(=O)O)c2Cl)o1,68.02823746927088
QWZUXAFHGWAEOX-UHFFFAOYSA-N,Cc1ccc(C(=O)Oc2cncc(Cl)c2)c(O)c1,70.85562159326808
FDVVVCKJTOJTHY-UHFFFAOYSA-N,Cn1cc(SCC(=O)NCc2ccc(Cl)c(Cl)c2)c2ccccc21,170.13204710357863
FIPAAZKBGLEFFX-RIYZIHGNSA-N,NC(=S)N/N=C/c1ccc(-c2ccccc2)o1,102.85911836077722
DTOJUCFWOYMHAY-UHFFFAOYSA-N,Cc1ccc(O)c(C(=O)Oc2cncc(Cl)c2)c1,76.5432063467243
CFHTXXKOTGPMQU-UHFFFAOYSA-N,CCOc1cccc(NC(=O)CSc2cn(C(=O)OC(C)(C)C)c3ccccc23)c1,175.60797633433017
BRFDPJYHCJVJEP-ZJOUEHCJSA-N,O=C[C@H](C[C@@H]1CCNC1=O)NC(=O)[C@H](Cc1ccccc1)NC(=O)c1cc2ccccc2[nH]1,81.78018514605563
YCEZTGFHPHYSGF-UHFFFAOYSA-N,CC(C)Cc1ccc(C(C)C(=O)Oc2cncc(Cl)c2)cc1,106.14559790300918
LFMRWHCIESXQIW-UHFFFAOYSA-N,COc1cccc2[nH]c(C(=O)Oc3cncc(Cl)c3)cc12,85.39427060355017
SXCZFXIYKMIMMF-UHFFFAOYSA-N,NO[S+]([O-])c1ccc(NC(=O)Cn2cc(CN3C(=O)C(=O)c4cc(F)ccc43)nn2)cc1,92.97694840793567
NELOAMWPFFAQDU-UHFFFAOYSA-N,COc1ccc2c(c1)C(=O)C(=O)N2Cc1cn(CC(=O)Nc2ccc(C(C)=O)cc2)nn1,137.22397658857645
KVWAOMXRMPOOQG-LBOJAEDFSA-N,CCS(=O)(=O)N1C/C(=C\c2ccc(Cl)cc2)C(=O)[C@]2(C1)[C@@H](c1ccc(Cl)cc1)CN(C)[C@@]21C(=O)Nc2ccccc21,21.45763824427264
HENVEYFKOOGIOO-UHFFFAOYSA-N,COC(=O)c1ccc2c(c1)C(=O)C(=O)N2C,35.78721026314692
AFZSMODLJJCVPP-UHFFFAOYSA-N,c1ccc2sc(SSc3nc4ccccc4s3)nc2c1,46.755262887464376
GWZBIBSVFWEANJ-UHFFFAOYSA-N,COc1cc2c(cc1F)C1(NCC2)C(=O)Nc2ccc(F)cc21,-2.2153627309731823
IOZYRYXEKZKPMB-GFCCVEGCSA-N,COc1ccc2cc([C@@H](C)C(=O)Oc3cncc(Cl)c3)ccc2c1,126.69007209458684
YHWUKRCQVMSDIV-UHFFFAOYSA-N,Cc1ccc2c(c1)cc(C(=O)NCCCNC(=O)n1cc(F)c(=O)[nH]c1=O)n2CC(C)C,100.24523805823262
UTASNHDUPWMLJY-FIZWSPBBSA-N,COc1ccc2c(c1)c(CC(=O)NCCN1CCN(C(=O)CCC(=O)N[C@H](C(=O)C3N[C@H](C(=O)N[C@@H](C)c4ccc(-c5scnc5C)cc4)C[C@H]3O)C(C)(C)C)CC1)c(C)n2C(=O)c1ccc(Cl)cc1,260.1581255146642
MVPQJUFFTWWKBT-HVLXEHQLSA-N,COC(=O)C[C@H](NC(=O)[C@H](C)NC(=O)[C@H](NC(=O)[C@H](Cc1ccc(O)cc1)NC(=O)OCc1ccccc1)C(C)C)C(=O)CF,166.01664487233757
MCDFUBPTGYOGCC-UIDYPRJRSA-N,CC(C)=CCC[C@]1(C)C=Cc2c(cc(O)c3c2OC(c2ccc(O)cc2O)CC3=O)O1,-22.499008111049175
FBRLIBPBDRBKDM-HJOGWXRNSA-N,Cc1oc2nc1C(=O)N[C@](C)(C(=O)O)c1nc(c(C)o1)C(=O)N[C@](C)(C(=O)O)c1nc(c(C)o1)C(=O)N[C@]2(C)C(=O)O,-29.839449163529437
KRXMYBAZKJBJAB-UHFFFAOYSA-N,Cc1ccc(-n2sc3ccccc3c2=O)cc1,58.6586972079839
PLVWMBFPIAQRHK-VXKWHMMOSA-N,CCC[C@H](NC(=O)[C@H](CC(C)C)NC(=O)OCc1ccccc1)C(=O)C(=O)NCc1ccccn1,159.0470118602983
AAGWZGZFZQICGA-UHFFFAOYSA-N,CN(Cc1ccccc1)C(=O)CSc1c[nH]c2cccc(Br)c12,121.28173140153365
XAGVUVLRKSMPAA-UHFFFAOYSA-N,CNC(=O)Cn1c(=O)[nH]/c(=N\c2cc3cn(C)nc3cc2Cl)n(Cc2cc(F)c(F)c(F)c2)c1=O,66.54724996100023
UNCPYHNWMSLFFV-UHFFFAOYSA-N,Cc1cccc(C(=O)Oc2c(C)cccc2C(=O)Oc2cncc(Cl)c2)c1O,89.35396253437929
DPILAZGUIAXGTN-UHFFFAOYSA-N,Cc1ncc(OC(=O)c2cccc3[nH]ccc23)cc1Cl,76.40139122155304
KIQWPBPPGBRNDL-UHFFFAOYSA-N,O=C(CSc1c[nH]c2ccccc12)NCc1ccc(C(F)(F)F)cc1,151.63218417014667
HWKXYLQVRLBWNG-UHFFFAOYSA-N,CC(C)c1cnc2c(c1SCC(=O)Nc1ccc(F)cc1)c(=O)n(C)c(=O)n2C,147.76271190053185
NQJZLJKMYCNDIP-UHFFFAOYSA-N,COc1cccn(O)c1=S,14.876543825903056
XUNUNZAURVDKGP-SRVKXCTJSA-N,CC(=O)N[C@@H](CS)C(=O)N[C@@H](Cc1ccc(O)c(O)c1)C(=O)N[C@@H](CS)C(N)=O,71.62262634154004
ZUGRGKZJSHHZGX-UHFFFAOYSA-N,Cc1cc(C(=O)Oc2cncc(Cl)c2)c2cc[nH]c2c1,71.5712062646317
KNFRKDYZRDJKCQ-UHFFFAOYSA-N,NS(=O)(=O)c1ccc(NC(=O)Cn2cc(CN3C(=O)C(=O)c4cc(OC(F)(F)F)ccc43)nn2)cc1,139.14852996854742
QXBHVMNLTVALLC-VGOFMYFVSA-N,NC(=S)N/N=C/c1ccc(-c2cccc([N+](=O)[O-])c2)o1,125.56006631055358
HCURYSQJGREHOP-FRKPEAEDSA-N,N#Cc1cc(-c2ccc(/C=N/NC(N)=S)o2)ccc1O,84.80979699812926
UVERBUNNCOKGNZ-CQSZACIVSA-N,Cc1ccc(N)cc1C(=O)N[C@H](C)c1cccc2ccccc12,130.45628792270642
BBASZYFNPJOYPZ-UHFFFAOYSA-N,O=C(O)c1ccc(CSc2nc3cc(F)c(Oc4ccc(F)cc4)cc3[nH]2)cc1,114.99701848583953
QSOTWVWXSUXKJA-UHFFFAOYSA-N,CC1CCN(c2nc3ncn(-c4ccccc4)c(=S)c3c(=O)[nH]2)CC1,65.15981121201396
QRNCNQQDHHYXNY-UHFFFAOYSA-N,O=C1C(=O)N(CN2CCCCC2)c2ccc(F)cc21,67.82519963882736
DARJDUBKCHQNJM-UHFFFAOYSA-N,O=C(CSc1c[nH]c2ccccc12)NCc1ccccc1,125.8445929975255
VJTLXWPIIWQBLS-JAHRDONMSA-N,CC(=O)C1C(=O)C=C2Oc3c(-c4csc(N/N=C/c5cccs5)n4)c(O)c(C)c(O)c3[C@]2(C)C1=O,28.65661648051363
SKGYHEXXWSDNGH-UHFFFAOYSA-N,NC(=O)c1ccc2c(c1)C(=O)C(=O)N2Cc1ccc2cc(Br)ccc2c1,103.38187067943305
PGZIGPUVOXAGCU-AWEZNQCLSA-N,CC(=O)N[C@H](C(=O)NCC(=O)OCCN1C(=O)C=CC1=O)C(C)C,74.36377503514271
BMBWLTUWOBISKR-UHFFFAOYSA-N,Cn1cc(SCC(=O)N(Cc2ccccc2)Cc2ccccc2)c2ccccc21,139.69455773935562
FHXKQEFQCDBMSD-UHFFFAOYSA-N,CCCN1C(=O)C(=O)c2cc(I)ccc21,56.55721277953993
XZZLYYYXSWYYKL-UHFFFAOYSA-N,O=c1c2ccccc2sn1-c1ccc(Cl)cc1,57.66201131670956
JFBYMSCGFLFIGP-UHFFFAOYSA-N,CC(=O)c1ccc(NC(=O)Cn2cc(CN3C(=O)C(=O)c4ccccc43)nn2)cc1,136.64409112663256
FNWCKZGIMVPZTN-UHFFFAOYSA-N,COc1ccccc1CNC(=O)CSc1c[nH]c2ccc(Br)cc12,151.3967309756378
LMXNYHYWURXSCP-UHFFFAOYSA-N,C=CCOc1cccc(C2c3c(oc4ccc(Cl)cc4c3=O)C(=O)N2CCCN(C)C)c1,159.16305877923472
ATJLFWUPTQUWHM-UHFFFAOYSA-N,CN(C)CCOc1ccc(CNC(=O)CSc2cn(C)c3ccccc23)cc1,191.75426144579893
BJJVJYHBCURDRW-UHFFFAOYSA-N,COc1ccccc1CNC(=O)CSc1c[nH]c2c(-c3ccccc3)cccc12,122.5805620464444
CQOAHWAPCQGQNC-UHFFFAOYSA-N,NO[S+]([O-])c1ccc(NC(=O)Cn2cc(CN3C(=O)C(=O)c4ccccc43)nn2)cc1,99.54266522847031
GKMSGRSEYWWBNI-FRKPEAEDSA-N,Cc1cc(C(=O)O)ccc1-c1ccc(/C=N/NC(N)=S)o1,74.56246114150261
DMSMPAJRVJJAGA-UHFFFAOYSA-N,O=c1[nH]sc2ccccc12,9.394967050686455
GMAGOQZMNBRPOU-OMCISZLKSA-N,NC(=S)N/N=C/c1ccc(-c2ccc(C(=O)O)c(Cl)c2)o1,91.63544669989598
KXTFBCOEROZFIG-UHFFFAOYSA-N,O=C1Nc2c(Br)cc(Br)cc2C12NCCc1cc3c(cc12)OCCO3,-0.31467031398100564
KNNCWKZPHLIGAD-ONKIVUJISA-N,OC[C@@H]1[C@@H](O)[C@H](O)[C@@H](O)CN1CCCCCC12CC(C1)C2,-9.170097613925723
VTVGMRYZHCRALW-UHFFFAOYSA-N,Cc1c(Br)c(O)c2c(c1Br)C(=O)c1c(Br)c(O)c(Br)c(O)c1C2=O,6.191019014593968
GBFDUEHBZPUKMB-VIZOYTHASA-N,NC(=S)N/N=C/c1ccc(-c2ccc(C(=O)O)cc2)o1,85.86739536438786
GBVXANLRSHPVHG-DUCMRRHSSA-N,CC(=O)C1C(=O)C=C2Oc3c(-c4csc(N/N=C/c5sccc5C)n4)c(O)c(C)c(O)c3[C@@]2(C)C1=O,22.98824693721996
YFGDWYKLGMSVNE-UHFFFAOYSA-N,Cc1cccn(O)c1=S,10.899188908160012
HRVIHQDVDQVYBE-UHFFFAOYSA-N,CCCCN1C(=O)C(=O)c2cc(C(N)=O)ccc21,62.00978699099027
FFIQMOBVMCFVRF-GCJJNJNJSA-N,CC(=O)C1C(=O)C=C2Oc3c(-c4csc(N/N=C/c5ccc(Br)s5)n4)c(O)c(C)c(O)c3[C@@]2(C)C1=O,36.68001521014534
AUEGQRDPEGTAPP-UHFFFAOYSA-N,COC(=O)c1ccc2c(c1)C(=O)C(=O)N2Cc1ccccc1,87.58749741768565
BBXQTXDIZFVHDT-OQLLNIDSSA-N,NC(=S)N/N=C/c1ccc(Cc2ccccc2)o1,75.42216401127651
CYTKDCKVKALFMR-UHFFFAOYSA-N,Oc1cc(C2=NN=C(C(O)(Cc3nnc(-c4cc(O)c(O)c(O)c4)o3)Cc3nnc(-c4cc(O)c(O)c(O)c4)o3)C2)cc(O)c1O,29.96251948800697
VYIXDWVMGJFRGR-GIDUJCDVSA-N,NC(=S)N/N=C/c1ccc(-c2ccc(C(=O)O)c(O)c2)o1,79.55782734301243
CIGSWGZBJDFAFR-INIZCTEOSA-N,O=C(N[C@@H](Cc1ccccc1)C(=O)Nc1ncc([N+](=O)[O-])s1)OCc1ccccc1,153.28637131455102
XSTDJVKYGOVXQQ-KBXCAEBGSA-N,CC[C@H](NC(C)=O)C(=O)N[C@H](C(=O)NCC(=O)OCCCN1C(=O)C=CC1=O)C(C)(C)C,70.21846582934096
AZTASKRPWMAJOD-VGOFMYFVSA-N,NC(=S)N/N=C/c1ccc(-c2ccc([N+](=O)[O-])cc2)o1,115.60384753356178
QQOFPYYPPIHGNV-NONDCYEXSA-N,COP(=O)(OC)N1C/C(=C\c2ccccc2)C(=O)[C@@]2(C1)[C@H](c1ccccc1)CN(C)[C@]21C(=O)Nc2ccc(Cl)cc21,13.98930727601659
HUTBGTWLYFLQQZ-OMCISZLKSA-N,NC(=S)N/N=C/c1ccc(-c2ccc(C(=O)O)cc2F)o1,63.26293643165855
CMKDXTIMQMLGFL-UHFFFAOYSA-N,COc1cc2c(cc1OC)C1(NCC2)C(=S)Nc2ccc(Cl)cc21,-3.5236463321901086
JRSBMUWHGBISID-UHFFFAOYSA-N,COc1cccc(NC(=O)CSc2c[nH]c3ccccc23)c1,143.24701939074075
ROOAWSGVWLPDFX-XWGVYQGASA-N,CC(C)(C)OC(=O)Nc1cccn(C(=O)N[C@@H](CC2CC2)C(=O)N[C@@H](C[C@@H]2CCNC2=O)C(=O)C(=O)NCc2ccccc2)c1=O,84.59259501324038
CXVGDFOBROJVGJ-GIDUJCDVSA-N,NC(=S)N/N=C/c1ccc(-c2ccc(O)c(C(=O)O)c2)o1,89.44528594167318
JROSKNTUYSPHGX-UHFFFAOYSA-N,O=C(Oc1cncc(Cl)c1)c1cccc2c1CCN2,38.247301807922994
VGSHCFAIRVEIDX-UHFFFAOYSA-N,Cn1cc(SCC(=O)NCc2ccccc2)c2ccccc21,151.3130987381216
OUNROJVGCGSCFI-UHFFFAOYSA-N,O=C(CSc1c[nH]c2ccccc12)Nc1ccc(Cl)c(Cl)c1,139.4901542755297
RDGMNUGZBUPHID-GIJQJNRQSA-N,NC(=S)N/N=C/c1ccc(-c2cnc3ccccc3c2)o1,98.50404269942221
UPFRLUKDHMINPH-UHFFFAOYSA-N,CCCN1C(=O)C(=O)c2cc(C(N)=O)ccc21,50.55536214146389
DTLQFWOLEJQWJI-UHFFFAOYSA-N,CCCCN1C(=O)C(=O)c2cc(C(=O)O)ccc21,38.1299371232319
ZCJHLBHJGLCVRU-UHFFFAOYSA-N,O=C1C2C3C=CC(C3)C2C(=O)C2C3C=CC(C3)C12,-9.599764805674099
CIONIIWSVPYOSP-UHFFFAOYSA-N,O=C(NCCCNC(=O)n1cc(F)c(=O)[nH]c1=O)c1cc2ccccc2n1Cc1ccccc1,140.21654177021702
PLMDWPOJRAYWPS-SUMWQHHRSA-N,CC(=O)N1CSC[C@H]1C(=O)N[C@H](C(=O)NCC(=O)OCCN1C(=O)C=CC1=O)C(C)(C)C,66.378811279282
HWZACFHGFLSIRQ-JTQLQIEISA-N,CC[C@H](NC(C)=O)C(=O)NCC(=O)OCCN1C(=O)C=CC1=O,57.04919227255408
XWNLIHINIYNJIR-UHFFFAOYSA-N,Cc1ccc(O)c(C(=O)Oc2ccc(C)cc2C(=O)Oc2ccc(C)cc2C(=O)Oc2cncc(Cl)c2)c1,102.74960654491993
SVZODCRTUJZFKA-SFHVURJKSA-N,O=C(N[C@@H](Cc1c[nH]c2ccccc12)C(=O)Nc1ncc([N+](=O)[O-])s1)OCc1ccccc1,185.02518080587075
FYEGXKYSNJHGJJ-FRKPEAEDSA-N,NC(=O)c1ccc(-c2ccc(/C=N/NC(N)=S)o2)cc1,117.69542058133514
DCIBJGPXCJFQQK-FBXJHNGQSA-N,CN1C[C@H](c2ccccc2)[C@]2(CN(S(C)(=O)=O)C/C(=C\c3ccccc3)C2=O)[C@]12C(=O)Nc1ccccc12,3.9723294246601712
NOKOJEOPQLLCNL-ZDCRTTOTSA-N,Cc1oc2nc1C(=O)N[C@](C)(C(=O)OC(C)C)c1nc(c(C)o1)C(=O)N[C@](C)(C(=O)OC(C)C)c1nc(c(C)o1)C(=O)N[C@]2(C)C(=O)OC(C)C,-16.58941806189247
XPSKUDGEBCYOOS-UHFFFAOYSA-N,COc1ccc2c(c1)C(=O)C(=O)N2Cc1cn(CC(=O)Nc2ccc([S+]([O-])ON)cc2)nn1,99.97258185758145
DAIJWARWMVCTPJ-UHFFFAOYSA-N,Cc1ccc2[nH]ccc2c1C(=O)Oc1cncc(Cl)c1,65.2875133697668
GBVXANLRSHPVHG-LKHDNLNLSA-N,CC(=O)C1C(=O)C=C2Oc3c(-c4csc(N/N=C/c5sccc5C)n4)c(O)c(C)c(O)c3[C@]2(C)C1=O,22.98824693721996
LCFTYIIQOFJNEV-UHFFFAOYSA-N,COc1ccccc1CNC(=O)CSc1c[nH]c2cc(Br)ccc12,147.6136043089119
NKSMTZPELOATFX-HZUJVAHNSA-N,COC(=O)C[C@H](NC(=O)[C@H](C)NC(=O)[C@H](NC(=O)CCc1ccccc1)C(C)C)C(=O)CF,118.14837605077089
VWYDFSSLCZLUGB-TZIBIFCZSA-N,CC[C@H](C)[C@H](N)C1=N[C@H](C(=O)N[C@@H](CC(C)C)C(=O)N[C@H](CCC(=O)O)C(=O)N[C@H](C(=O)N[C@H]2CCCCNC(=O)[C@H](CC(N)=O)NC(=O)[C@@H](CC(=O)O)NC(=O)[C@H](Cc3ncc[nH]3)NC(=O)[C@@H](Cc3ccccc3)NC(=O)[C@H]([C@@H](C)CC)NC(=O)[C@@H](CCCN)NC2=O)[C@@H](C)CC)CS1,23.694036478204335
UJHDXLPYXRBCNN-PBSJDSSISA-N,COP(=O)(OC)N1C/C(=C\c2ccc(Br)cc2)C(=O)[C@@]2(C1)[C@H](c1ccc(Br)cc1)CN(C)[C@]21C(=O)Nc2ccc(Cl)cc21,30.14381833944362
RMLNKLORWJAJJZ-UHFFFAOYSA-N,O=C(Nc1ccccc1F)c1cc2c(=O)n3ccccc3nc2n1Cc1ccccc1,160.96829657165694
HIPATJIGZGRNFA-VGOFMYFVSA-N,NC(=S)N/N=C/c1ccc(-c2ccncc2)o1,94.71188269897564
FVRVCKWJOSBBDD-UHFFFAOYSA-N,CN1C(=O)C(=O)c2cc(I)ccc21,35.194296014230815
MWAMIDMOJGJSKK-UHFFFAOYSA-N,NO[S+]([O-])c1ccc(NC(=O)Cn2cc(CN3C(=O)C(=O)c4cc(OC(F)(F)F)ccc43)nn2)cc1,99.65939058886019
ZHNNBDTXUYCJIA-UHFFFAOYSA-N,CCOc1cc(-c2cc(-c3cccc(O)c3O)nn2CCO)ccc1O,53.17271628275855
JFBYMSCGFLFIGP-UHFFFAOYSA-N,CC(=O)c1ccc(NC(=O)Cn2cc(CN3C(=O)C(=O)c4ccccc43)nn2)cc1,136.64409112663256
FQKALOFOWPDTED-WBAXXEDZSA-N,COc1cccc2[nH]c(C(=O)N[C@@H](CC(C)C)C(=O)N[C@@H](C[C@@H]3CCNC3=O)C(=O)COP(=O)(O)O)cc12,94.19344885975131
HNNDUVLZXRMTPS-ALYQPIBKSA-N,OC[C@H]1O[C@H](O[C@H]2O[C@H](CO)[C@@H](O)[C@H](O)[C@H]2O[C@H]2O[C@H](CO)[C@@H](O)[C@H](O)[C@H]2O[C@H]2O[C@H](CO)[C@@H](O)[C@H](O)[C@H]2O[C@H]2O[C@H](CO)[C@@H](O)[C@H](O)[C@H]2O[C@H]2O[C@H](CO)[C@@H](O)[C@H](O)[C@H]2O)[C@H](O)[C@@H](O)[C@@H]1O,24.914525858983456
IYBHFZISLRFUPL-JBACZVJFSA-N,Nc1cccn([C@@H](CC2CC2)C(=O)N[C@@H](C[C@@H]2CCNC2=O)C(=O)C(=O)NCc2ccccc2)c1=O,50.88766771049558
MPPXDRWYFZATIY-UHFFFAOYSA-N,O=C(c1cc(=O)[nH]c(=O)[nH]1)N1CCC(c2cc(Cl)c(Cl)c(Cl)c2)CC1,54.151202742293414
SCOBQUKCPDSHPB-UHFFFAOYSA-N,O=c1c2ccccc2sn1Cc1ccco1,56.67426612073681
CARKXKGAXCPLDO-YVBSNHPSSA-N,CCS(=O)(=O)N1C/C(=C\c2ccc(Cl)cc2)C(=O)[C@]2(C1)[C@@H](c1ccc(Cl)cc1)CN(C)[C@@]21C(=O)Nc2ccc(Cl)cc21,23.03531959087012
CJTVDIBZBUWIFC-UHFFFAOYSA-N,COc1ccc(-c2cnc3[nH]cc(C#Cc4cccnc4)c3c2)cc1OC,76.38751829687583
RDWXSJCICPOOKO-UHFFFAOYSA-N,Cn1sc2ccccc2c1=O,30.105871516126598
HUUMQOUCTGXIDA-UHFFFAOYSA-N,CCCCN1C(=O)C(=O)c2cc(C(=O)ON3C(=O)CCC3=O)ccc21,61.195543123394835
CMOWBIUDVABNRB-UHFFFAOYSA-N,c1c[nH]c(CNCc2c(CNCc3ccc[nH]3)c(CNCc3ccc[nH]3)c(CNCc3ccc[nH]3)c(CNCc3ccc[nH]3)c2CNCc2ccc[nH]2)c1,35.806016663706345
XWUIJWHWNCVUIJ-UHFFFAOYSA-N,Cc1cc(O)c2c(c1)C(=O)c1cc(O)c(I)c(O)c1C2=O,25.048420395651092
IUYFODOLXCDVEV-UHFFFAOYSA-N,Cc1c(Cl)cncc1OC(=O)c1cccc2[nH]ccc12,73.57771362616381
IGKDWUOAKOWPTF-XMCUXHSSSA-N,CC(=O)N[C@@H](CS)C(=O)N1CCCC1C(=O)N[C@@H](CS)C(N)=O,50.630073102294496
XVYLNHVEAOOEGI-FAIWKWDXSA-N,OC[C@@H]1[C@@H](O)[C@H](O)[C@@H](O)CN1CCCCCOCC12CC3CC(CC(C3)C1)C2,5.527760828024209
IRBBDJYBNHNLKO-UHFFFAOYSA-N,O=C(NCc1ccco1)n1sc2ccccc2c1=O,70.90791555027755
IUVWGSZCNPXIOJ-NGYBGAFCSA-N,Cc1cc([N+](=O)[O-])c(-c2ccc(/C=N/NC(=O)c3nonc3N)o2)cc1Cl,114.31325979593733
HTLCYKJJLPAUGX-UHFFFAOYSA-N,O=C1C(=O)N(CN2CCOCC2)c2ccc(F)cc21,69.6891634598653
NXHQXOVSUMQCNZ-UHFFFAOYSA-N,O=C(O)c1cc(Cc2cc(Cc3cc(Cc4cc(Cc5cc(Cc6cc(Cl)c(O)c(C(=O)O)c6)c(O)c(C(=O)O)c5)c(O)c(C(=O)O)c4)cc(C(=O)O)c3O)cc(C(=O)O)c2O)cc(Cl)c1O,39.02948144534053
PKWLBFNBNSTQST-UHFFFAOYSA-N,O=C(O)c1ccccc1C(=O)Nc1ccc(-c2nnc(-c3ccccc3)o2)cc1,115.45333196052795
NMUWZFNBPTXVEK-LGJNPRDNSA-N,Cc1ccc(/C=N/Nc2nc(N(C)C)nc3c2C(c2ccc([N+](=O)[O-])cc2)c2c(C)n[nH]c2N3)cc1,95.34456661738287
FYSKGULQUVRRHF-ZDUSSCGKSA-N,CC(C)[C@H](NC(=O)OCc1ccccc1)C(=O)Nc1ncc([N+](=O)[O-])s1,139.9258860281451
ZSOQJYAJYKISGM-UHFFFAOYSA-N,CC(C)Cn1c(C(=O)NCCCNC(=O)n2cc(F)c(=O)[nH]c2=O)cc2cc(Cl)ccc21,104.21259447058218
RYGJIKURQDMMQZ-IHOKFDBFSA-N,C[C@H](NC(=O)C(c1cccnc1)N(C(=O)c1ccco1)c1ccc(-c2ccccc2)cc1)c1ccccc1,164.89728695967358
YTPHOWZNWUEKOK-UHFFFAOYSA-N,O=C(O)c1ccc(OCCCCCn2c(=O)ccn(-c3c4ccccc4cc4ccccc34)c2=O)cc1,83.99135947180977
CFHTXXKOTGPMQU-UHFFFAOYSA-N,CCOc1cccc(NC(=O)CSc2cn(C(=O)OC(C)(C)C)c3ccccc23)c1,175.60797633433017
YWWMQXXOXRPZCC-UHFFFAOYSA-N,O=C(O)c1ccc(OCCCCCn2c(=O)ccn(CCCCCOc3ccc(Br)cc3)c2=O)cc1,117.99728399631122
QYENXTYKACLCGO-KZNAEPCWSA-N,CC(C)C[C@@H](NC(=O)OCc1ccccc1)C(=O)N[C@@H](C=O)C[C@H]1CCNC1=O,68.56133584660313
NHWITSYUVIJHRS-WTAJHKDLSA-N,C=C1CC[C@@H]2[C@](C)(COC(C)=O)[C@H](OC(C)O)CC[C@@]2(C)[C@@H]1CC(SC(=S)N1CCN(C(c2ccccc2)c2ccc(Cl)cc2)CC1)C1=CCOC1=O,46.32171498758896
OFVWKCJKTFQHMY-RQZCQDPDSA-N,NC(=S)N/N=C/c1cccc(-c2ccc(C(=O)O)cc2)c1,50.027225542699924
JHDIUUFGPILEJO-UHFFFAOYSA-N,CNC(=O)Cn1c(=O)[nH]/c(=N\c2ccc(OC(F)F)cc2C)n(Cc2cc(F)c(F)c(F)c2)c1=O,82.13413539117255
KMVGELVYJSQGCG-UHFFFAOYSA-N,CN(C)CCOc1ccc(CNC(=O)CSc2c[nH]c3ccccc23)cc1,166.69710706631486
GKWQAKBXTSURPB-YGIYOFKLSA-N,CN[C@@H]1[C@H](O[C@@H]2[C@H](O[C@H]3[C@H](O)[C@@H](CP(=O)(O)O)[C@H](N=C(N)N)[C@@H](O)[C@@H]3N=C(N)N)O[C@@H](O)[C@]2(O)CCP(=O)(O)O)O[C@@H](CO)[C@H](O)[C@H]1O,-22.131226331552828
SVNKEDMVAQBLLN-UHFFFAOYSA-N,CC(C)(C)OC(=O)NC(CC(=O)OCc1ccccc1)C(=O)NC(CCCCNC(=O)OCc1ccccc1)C(=O)OC(C)(C)C,190.82360228273507
HTGWNSJHOKFSEN-UHFFFAOYSA-N,Cc1c[nH]c2cccc(C(=O)Oc3cncc(Cl)c3)c12,58.24332806348353
VTHJOISWJSUNDE-UHFFFAOYSA-N,Cc1ccc(N/N=C2/C(=O)Nc3ccc(NC(=O)CCN4CCOCC4)cc32)cc1,129.63670856703712
BUOSOLLSZIGEML-OAQYLSRUSA-N,CC(C)(C)OC(=O)N[C@@H]1CCN(c2ccc3cccc(OCC(=O)NCc4ccccc4)c3n2)C1,200.39341575081986
ASXVEBPEZMSPHB-UHFFFAOYSA-N,CC(NC(=O)C(Cc1ccccc1)NC(=O)OCc1ccccc1)C(=O)CF,119.74441904678795
YDPDCDHRIHIPNU-UHFFFAOYSA-N,CC(=O)Nc1cccc(C(=O)Oc2cncc(Cl)c2)c1,107.5500100966056
KLCHVIOETGTNDS-UHFFFAOYSA-N,Cc1cccc(CSc2nccc(OCCOc3cc(=O)oc4ccccc34)n2)c1,136.1006455256137
NBGSBBKIKWMCMX-UHFFFAOYSA-N,COc1c(Br)c(OC)c2c(c1Br)C(=O)c1c(Br)c(C)c(Br)c(OC)c1C2=O,9.875623475525671
IYFUUNMVWJUWOU-UHFFFAOYSA-N,COc1ccccc1CN(OC)C(=O)CSc1c[nH]c2c(-c3ccccc3)cccc12,74.54904862001018
GTTHESNNWLOVLD-UHFFFAOYSA-N,O=c1c2ccccc2sn1Cc1ccccc1,57.76283832337915
NIWGJPKYBWWKOU-UHFFFAOYSA-N,O=C(CSc1c[nH]c2cc(Br)ccc12)NCc1ccc(Cl)c(Cl)c1,144.27541013403217
OEBVSVQILHVAJO-UHFFFAOYSA-N,CC(C)Cn1c(C(=O)NCCCNC(=O)n2cc(F)c(=O)[nH]c2=O)cc2cc(OC(F)(F)F)ccc21,103.16270663014085
UIDSDWKVJVRPHH-CYBMUJFWSA-N,C[C@@H](NC(=O)CSc1c[nH]c2ccccc12)c1ccccc1,128.93422668909164
HPKJGHVHQWJOOT-ZJOUEHCJSA-N,O=C[C@H](C[C@@H]1CCNC1=O)NC(=O)[C@H](CC1CCCCC1)NC(=O)c1cc2ccccc2[nH]1,59.373801059012244
ANEHFIKAXIZHIZ-UHFFFAOYSA-N,Cc1cc(O)c2c(c1)C(=O)c1c(Cl)c(O)c(Cl)c(O)c1C2=O,14.900874399886606
OUNPHZMTVQQZDB-ACDXUPMPSA-N,COc1cc(/C=N/N=c2\sc(C(=O)Nc3ccccc3)nn2-c2ccccc2)ccc1O,119.49565935957695
VGNWNGNYPAVBPS-MRXNPFEDSA-N,Cc1ccccc1C(=O)N[C@H](C)c1cc(-c2cnn(C)c2)nc2ccccc12,118.2865411600197
YQWFLPRHIACOBN-UHFFFAOYSA-N,O=C(NCCCNC(=O)n1cc(F)c(=O)[nH]c1=O)c1cc2ccccc2[nH]1,112.07579906269251
UUVBJRJJCQBXEQ-UHFFFAOYSA-N,CC(C)(C)OC(=O)C1CCC(C(=O)Nc2nc3c(Cl)cccc3o2)CC1,93.7609422083451
POTPADDPWDZZEZ-NSHDSACASA-N,CC(=O)N1CSC[C@H]1C(=O)NCC(=O)OCCCN1C(=O)C=CC1=O,58.77407727828047
UWCNYUKPPQGNMZ-LZYBPNLTSA-N,COc1ccc(-c2ccc(/C=N/NC(N)=S)o2)cc1OC,117.59736304455812
UJCHIZDEQZMODR-BYPYZUCNSA-N,CC(=O)N[C@@H](CS)C(N)=O,19.955456063582925
FSFLGRDOGLYDFS-UHFFFAOYSA-N,CCOc1ccccc1CN(OC)C(=O)CSc1c[nH]c2cccc(Br)c12,96.08232780376474
PQOJWVHLJYMILK-UHFFFAOYSA-N,O=C(Cc1ccc(Oc2nc3ccccc3s2)cc1F)NCCc1ccc(F)cc1,176.74077963586788
PGVFVGUGIJCERX-RPPGKUMJSA-N,Cc1n[nH]c2c1C(c1ccc([N+](=O)[O-])cc1)c1c(N/N=C/c3ccc(Br)cc3)nc(N(C)C)nc1N2,101.67301094171582
QNTKVQQLMHZOKP-NEJDVEAASA-N,OC[C@H]1O[C@@](CO)(OC[C@@]2(OC[C@@]3(OC[C@@]4(O[C@H]5O[C@H](CO)[C@@H](O)[C@H](O)[C@H]5O)O[C@H](CO)[C@@H](O)[C@@H]4O)O[C@H](CO)[C@@H](O)[C@@H]3O)O[C@H](CO)[C@@H](O)[C@@H]2O)[C@@H](O)[C@@H]1O,-6.914148787505283
OEDYFNFRLNGOCR-XNWJNKOUSA-N,C=C1CC[C@@H]2[C@](C)(COC(C)=O)[C@H](OC(C)O)CC[C@@]2(C)[C@@H]1CC(SC(=S)N1CCc2ccccc2[C@H]1c1ccccc1)C1=CCOC1=O,-27.161427192012198
GYVKPAVYPMIITO-UHFFFAOYSA-N,CCCCNC(=O)n1sc2ccccc2c1=O,57.11604426818204
PTUWWNGMUPSKDC-UHFFFAOYSA-N,O=C(NC(Cc1ccc(O)cc1)C(=O)O)c1cc(-c2ccccc2)c(=O)n2c1sc1ccc(OC3CCCCC3)cc12,108.30950878847571
NKORYKWDZIQXSP-XNTDXEJSSA-N,CCS(=O)(=O)Oc1ccc(C(=O)/C=C2/C(=O)Nc3ccc(Cl)cc32)cc1,73.38296522363382
AXFLRTFFXWYKJJ-UHFFFAOYSA-N,COc1ccccc1CN(C)C(=O)CSc1c[nH]c2ccccc12,139.00956465329918
TUGIXNFQXGSYAS-UHFFFAOYSA-N,O=C(Nc1ccc2c(c1)OCO2)c1nnc(C(=O)N2CCCC(C(=O)Nc3ccccc3)C2)s1,232.00646166872502
FFIQMOBVMCFVRF-GCJJNJNJSA-N,CC(=O)C1C(=O)C=C2Oc3c(-c4csc(N/N=C/c5ccc(Br)s5)n4)c(O)c(C)c(O)c3[C@@]2(C)C1=O,36.68001521014534
FIYPYDONIODGKQ-KLCVKJMQSA-N,NCCCNC(=O)OC1C/C(=C\c2ccc([N+](=O)[O-])cc2)C(=O)/C(=C/c2ccc([N+](=O)[O-])cc2)C1,41.36593849833457
HGCGSGYKRCRUFM-DUNSEXALSA-N,CN1C[C@H](c2ccc(Br)cc2)[C@]2(CN(S(C)(=O)=O)C/C(=C\c3ccc(Br)cc3)C2=O)[C@]12C(=O)Nc1ccccc12,24.293449399031157
RWEBGWSVJMVETK-UHFFFAOYSA-N,COc1cc2c(cc1F)C1(NCC2)C(=O)Nc2c(Br)cc(Br)cc21,3.9894317854712114
GOSIAGRSMKNKPR-UHFFFAOYSA-N,O=C(CSc1c[nH]c2ccc(Br)cc12)NCc1ccc(Cl)c(Cl)c1,148.05853680075808
CCHRSRKMOLSGMR-KBKYZLAFSA-N,CC(=O)N[C@@H](CCc1nc2ccccc2s1)C(=O)N[C@@H](CN)C(=O)NCC(=O)NC/C=C/C(=O)O,78.80620984370444
QDIMHKWNHMVDJB-WBAXXEDZSA-N,COc1cccc2[nH]c(C(=O)N[C@@H](CC(C)C)C(=O)N[C@@H](C[C@@H]3CCNC3=O)C(=O)CO)cc12,80.77190440489765
FVCVXWMNMYUZKE-GIDUJCDVSA-N,NC(=S)N/N=C/c1ccc(-c2ccc(F)nc2)o1,68.50438818695054
MVXVYAKCVDQRLW-UHFFFAOYSA-N,c1cnc2[nH]ccc2c1,43.27487395955146
NYCMWBOOSPXSNB-UHFFFAOYSA-N,Cc1ccc(=S)n(O)c1,9.398408701186268
QBTHEEPOXUMFIZ-UHFFFAOYSA-N,COc1ccc(C=NNc2ncnc3c2c(-c2ccccc2)cn3-c2ccccc2)cc1,133.35433356967113
BUQJUCVPPUJQBJ-UHFFFAOYSA-N,C=CCn1sc2ccccc2c1=O,35.201015103660275
YGFVTMGDFIQLFQ-LKHDNLNLSA-N,CC(=O)C1C(=O)C=C2Oc3c(-c4csc(N/N=C/c5ccc(C)s5)n4)c(O)c(C)c(O)c3[C@]2(C)C1=O,28.82267363498165
BWSMBHOQIXSNGP-JFFZKKEUSA-N,CCCOC(=O)/C=C/[C@H](C[C@@H]1CCNC1=O)NC(=O)C(CC(C)C)NC(=O)[C@@H](NC(=O)[C@H](C)NC(=O)c1cc(C)on1)C(C)C,75.29294460196449
MXTDWNUJBPWLKN-UHFFFAOYSA-N,CC(C)(C)OC(=O)N1CCN(c2ccc3cccc(OCC(=O)NCc4ccccc4)c3n2)CC1,219.89439935155494
JPPVKVVMAMNFJH-PBSJDSSISA-N,COP(=O)(OC)N1C/C(=C\c2ccc(F)cc2)C(=O)[C@@]2(C1)[C@H](c1ccc(F)cc1)CN(C)[C@]21C(=O)Nc2ccc(Cl)cc21,18.18354932508458
QCASYPXXRFRHJI-UHFFFAOYSA-N,O=C(CSC1CNc2ccccc21)N(Cc1ccccc1)Cc1ccccc1,60.114112389843875
ROPLRWWORDJINQ-UHFFFAOYSA-N,CN1C(=O)C(=O)c2cc(C(=O)O)ccc21,2.54000101709366
RGLIAWGLDXUKKZ-UHFFFAOYSA-N,On1c(=S)ccc2ccccc21,18.01796691176617
IBEFBNPPYVEYSV-UHFFFAOYSA-N,Cc1ccc(C(=O)Oc2cc(C)ccc2C(=O)Oc2cncc(Cl)c2)c(O)c1,92.68169954275149
BYUGVEOEFPQOBM-UHFFFAOYSA-N,Cc1cc(O)c2c(c1S(=O)(=O)O)C(=O)c1cc(O)cc(O)c1C2=O,20.141673993729913
XNSARSDAOMZJJR-HOZOIBKHSA-N,CC/C(C)=C/CC/C(C)=C/c1c(O)cc(O)c2c(=O)cc(-c3ccc(O)cc3)oc12,24.26155154506908
XQSPYNMVSIKCOC-RITPCOANSA-N,Nc1nc(=O)n([C@H]2CS[C@@H](CO)O2)cc1F,-9.30025646873238
HBKNVIRXFLPDKH-XOBRGWDASA-N,C[C@]1(O)CCN(C(=O)CCCN2C(=O)NC3(CCCC3)C2=O)C[C@@H]1n1ccc(=O)[nH]c1=O,78.66230410883394
LAHWUFPJEOEXLA-PSTGCABASA-N,Cc1cn(C[C@]2(O)CC[C@@H](N(C)C(=O)CCC(=O)O)C[C@H]2O)c(=O)[nH]c1=O,25.98225020601662
ORFOPKXBNMVMKC-SYODWGPNSA-N,CC(C)(O/N=C(\C(=O)N[C@H]1C(=O)N2C(C(=O)O)=C(C[n+]3ccccc3)CS[C@H]12)c1csc(N)n1)C(=O)[O-],38.314698715347554
KEJCWVGMRLCZQQ-GHLMCRBVSA-N,CO/N=C(\C(=O)N[C@H]1C(=O)N2C(C(=O)O[C@H](C)OC(C)=O)=C(COC(N)=O)CS[C@H]12)c1ccco1,41.8465934910041
IASPBORHOMBZMY-UHFFFAOYSA-N,O=C(Nc1ccccc1-c1cn2c(CN3CCNCC3)csc2n1)c1cnc2ccccc2n1,123.06160452358192
SQANVQYLDPEULW-ZHKQUFGTSA-N,CC(C)c1nc(CNC(=O)N[C@@H](C(=O)N[C@H](Cc2ccccc2)C[C@H](O)[C@@H](Cc2ccccc2)NC(=O)OCc2cncs2)C(C)C)cs1,174.1531066610546
JDEUJNQLQIMIJM-YMTOWFKASA-N,C[C@@]1(O)CN(C(=O)CCC(=O)O)CC[C@H]1n1ccc(=O)[nH]c1=O,6.29798995181236
IWOVIOGQWDMTHH-IERDGZPVSA-N,Cc1cn([C@@H]2CN(C(=O)COc3nc4ccccc4n3C)CC[C@]2(C)O)c(=O)[nH]c1=O,44.09355176447156
LCQXIDKTBJQMLZ-CQSZACIVSA-N,Cc1cn([C@@H]2CCCN(C(=O)OCc3nc4ccccc4n3C)C2)c(=O)[nH]c1=O,94.91912412161216
BYPKBFGNLXCERX-CHWSQXEVSA-N,O=C(O)COc1cccc(C(=O)N2C[C@@H](O)[C@H](n3cc(Cl)c(=O)[nH]c3=O)C2)c1,65.99242924946036
UMQDQRMAFULSCM-RNJXMRFFSA-N,Cc1cn([C@@H]2C[C@H](N=[N+2]#N)[C@@H](CO[P@@](=O)(O)O[P@@](=O)(O)O[P+](=O)(=O)[O-])O2)c(=O)[nH]c1=O,16.200362486948134
NFROZTBQJQWVRS-QRWLVFNGSA-N,Cc1ccc2nc(OCC(=O)N3CC[C@](C)(O)[C@H](n4ccc(=O)[nH]c4=O)C3)[nH]c2c1,56.41125741833884
HOXAYMWMKBXYJG-OILHZVAOSA-N,Cc1ccc2c(c1)OC(C)(C)[C@@H]1C[C@@H]3CN(C(=O)COCC(=O)O)CC[C@H]3O[C@@H]21,-15.69781467064114
BCEHBSKCWLPMDN-QFYYESIMSA-N,C[C@@H](c1ncncc1F)[C@@](O)(Cn1cncn1)c1ccc(F)cc1F,63.73371665799882
UFTYLSAJFHNBJK-LURJTMIESA-N,C[C@@H](OCCn1cnc2c(N)ncnc21)P(=O)(O)O,63.547205931270405
HEFNNWSXXWATRW-JTQLQIEISA-N,CC(C)Cc1ccc([C@H](C)C(=O)O)cc1,59.906429023851324
RHWKPHLQXYSBKR-BMIGLBTASA-N,C[C@@H]1CCO[C@H]2Cn3cc(C(=O)NCc4ccc(F)cc4F)c(=O)c(O)c3C(=O)N12,50.040238630417115
YUAAOPBFCUAMJG-VBKZILBWSA-N,C[C@@]1(O)CCN(C(=O)c2cccc(OCC(=O)O)c2)C[C@@H]1n1cnc2c(N)ncnc21,64.44696648576569
ASVPWOBASOPKEC-IIBYNOLFSA-N,C[C@@]1(O)CCN(C(=O)CCCc2nc3ccccc3[nH]2)C[C@H]1n1ccc(=O)[nH]c1=O,93.68292552627508
BCEHBSKCWLPMDN-QFYYESIMSA-N,C[C@@H](c1ncncc1F)[C@@](O)(Cn1cncn1)c1ccc(F)cc1F,63.73371665799882
FRACPXUHUTXLCX-DDKRZIBASA-N,CC(C)(C)OC(=O)Nc1cccn([C@@H](CC2CC2)C(=O)N[C@@H](C[C@H]2CCNC2=O)[C@@H](O)C(=O)NCc2ccccc2)c1=O,84.1381204411264
VSQQQLOSPVPRAZ-DSYKOEDSSA-N,O=c1[nH]c(=O)n([C@H]2C[C@@H](O)[C@H](CO)O2)cc1C(F)(F)F,18.636141405863818
WOZSCQDILHKSGG-UHFFFAOYSA-N,CC(C)(C)C(=O)OCOP(=O)(COCCn1cnc2c(N)ncnc21)OCOC(=O)C(C)(C)C,79.51656675239215
QDGZDCVAUDNJFG-PRJMDXOYSA-N,C=C1[C@@H](CO)[C@@H](O)C[C@H]1n1cnc2c(=O)[nH]c(N)nc21,-28.201325442991642
ZPRUSEUEAPKMBP-JSGCOSHPSA-N,Cc1[nH]c(=O)[nH]c1C(=O)CCCCC(=O)N1C[C@H](O)[C@@H](n2cc(C)c(=O)[nH]c2=O)C1,51.29199148285056
OHKOGUYZJXTSFX-JXVAYASWSA-N,CC1(C)S[C@@H]2[C@@H](NC(=O)[C@H](C(=O)O)c3ccsc3)C(=O)N2[C@@H]1C(=O)O,12.438514531270481
XNKLLVCARDGLGL-HTQZYQBOSA-N,Cc1cn([C@H]2C=C[C@H](CO)O2)c(=O)[nH]c1=O,-8.356658492782831
GQBGFQRZBCABJE-CABCVRRESA-N,Cc1ccc2[nH]c(COCC(=O)N3C[C@@H](n4cnc5c(N)ncnc54)[C@@H](O)C3)nc2c1,87.8686383710754
ONERCQLZGHDOTI-UONOGXRCSA-N,NCCCCC(=O)N1C[C@@H](O)[C@@H](n2ccc3c(C(N)=O)ccnc32)C1,16.80536542510234
JNVHYRKCRHIEMR-LZWOXQAQSA-N,NCCOc1cccc(C(=O)N2C[C@@H](O)[C@@H](N3CN=C4C3=NC=N[C@@H]4N)C2)c1,5.919960424251216
ALERUQYUFZBIHS-JPYJTQIMSA-N,Cc1cc2nc(CCC(=O)N3CC[C@](C)(O)[C@H](n4cc(C)c(=O)[nH]c4=O)C3)[nH]c2cc1C,80.18744355041078
WPVFJKSGQUFQAP-RKDXNWHRSA-N,CC(C)[C@@H](N)C(=O)OC[C@@H](CO)OCn1cnc2c(=O)[nH]c(N)nc21,46.343369854874155
VVTCGQGHJYBJLX-MISXGVKJSA-N,Nc1ncnc2c1ncn2[C@@H]1CCCC[C@H](NCCCC(=O)O)[C@H]1O,16.0315582220618
IQFYYKKMVGJFEH-GJMOJQLCSA-N,Cc1cn([C@H]2C[C@@H](O)[C@H](CO)O2)c(=O)[nH]c1=O,18.002964577428322
SLLFACHWAOAFMT-UHFFFAOYSA-N,CCOc1ccc(CCC(=O)O)cc1-c1cc(-c2ccc(F)cc2)n(Cc2ccccc2)n1,91.82830313839239
PQWCWNXJULEGDW-BDJLRTHQSA-N,Cc1cn([C@@H]2CN(C(=O)CCCC(=O)O)CC[C@@]2(C)O)c(=O)[nH]c1=O,18.058457480050716
UDTJYKKDSCDXBX-ZIMYNFRDSA-N,C[C@@H](O)[C@@H]1C(=O)N2C(C(=O)O)=C(O[C@H]3CN[C@@H](C(=O)Nc4cccc(C(=O)O)c4)C3)C[C@H]12,-5.320931336487531
HXHWSAZORRCQMX-UHFFFAOYSA-N,CCCSc1ccc2nc(NC(=O)OC)[nH]c2c1,71.44130387015512
CSKDFZIMJXRJGH-DEPYFDJDSA-N,O=C(NN1C(=O)[C@H]2[C@@H]3C=C[C@@H]([C@@H]4C[C@H]34)[C@@H]2C1=O)c1ccc(C(F)(F)F)cc1,35.357038045270585
IWUCXVSUMQZMFG-UOPPWDSKSA-N,NC(=O)c1ncn([C@H]2O[C@@H](CO)[C@H](O)[C@H]2O)n1,0.9742602943909242
RXZBWNGUTUDXCB-MEBBXXQBSA-N,Cc1cn([C@@H]2CN(C(=O)CCC(=O)O)CC[C@@]2(C)O)c(=O)[nH]c1=O,11.36233160214454
LSQZJLSUYDQPKJ-RMIALFOJSA-N,CC1(C)S[C@H]2[C@@H](NC(=O)[C@@H](N)c3ccc(O)cc3)C(=O)N2[C@H]1C(=O)O,15.564373170245378
GMEYOGCJRWNADB-YUKKFKLSSA-N,Nc1nc(N)c2c(n1)O[C@@]1(COCCN(C(=O)/C=C/C(=O)O)C1)C2,0.03968009895305724
