file_name,inchikey,smiles,category
MCSJ21_0003,LYWZYDYFZJVNFA-KEBDBYFISA-N,C(=N/n1cnnc1)\c1c(-c2ccccc2)[nH]c2ccccc12,natural
MCSJ20_0003,ATJLFWUPTQUWHM-UHFFFAOYSA-N,CN(C)CCOc1ccc(CNC(=O)CSc2cn(C)c3ccccc23)cc1,natural
Orotic acid,ROPLRWWORDJINQ-UHFFFAOYSA-N,CN1C(=O)C(=O)c2cc(C(=O)O)ccc21,natural
Taribavirin Hydrochloride,ALEMQFKPROZQHR-UHFFFAOYSA-N,CCS(=O)(=O)N1CC(CC#N)(n2cc(-c3ncnc4[nH]ccc34)c3ccc(C(F)(F)F)cc32)C1,natural
JBB19_0008,KVFCOBZWUCKJFB-UHFFFAOYSA-N,Cc1cccc(O)c1C(=O)Oc1cccc(C)c1C(=O)Oc1cncc(Cl)c1,natural
MCSJ25_0009,QZWIYWHQEBDPOP-UHFFFAOYSA-N,CC(=O)Oc1ccccc1C(=O)Oc1cncc(Cl)c1,natural
MCSJ25_0021,SVZODCRTUJZFKA-SFHVURJKSA-N,O=C(N[C@@H](Cc1c[nH]c2ccccc12)C(=O)Nc1ncc([N+](=O)[O-])s1)OCc1ccccc1,natural
MCSJ25_0019,ZVWAWSPWVCDCIL-OMCISZLKSA-N,NC(=S)N/N=C/c1ccc(-c2cc(C(=O)O)ccc2Cl)o1,natural
SA1_0008,CCZRTVFIPPLCSL-GIJQJNRQSA-N,NC(=S)N/N=C/c1ccc(-c2ccc3cccnc3c2)o1,natural
MCSJ25_0025,RDGMNUGZBUPHID-GIJQJNRQSA-N,NC(=S)N/N=C/c1ccc(-c2cnc3ccccc3c2)o1,natural
MCSJ25_0031,CXVGDFOBROJVGJ-GIDUJCDVSA-N,NC(=S)N/N=C/c1ccc(-c2ccc(O)c(C(=O)O)c2)o1,natural
SA21_0005,HJUOXBLMOQFHCZ-UHFFFAOYSA-N,O=C(Nc1ncc([N+](=O)[O-])s1)C1CCCN1C(=O)OCc1ccccc1,natural
MCSJ21_0007,PCLQVAFVSBWSTH-LJQANCHMSA-N,N#CC[C@H](C1CCCC1)n1cc(-c2ncnc3[nH]ccc23)c2ccc(C(F)(F)F)cc21,natural
MCSJ20_0013,FATPQUBCNOFHJO-UHFFFAOYSA-N,Cc1cccc(O)c1C(=O)Oc1cncc(Cl)c1,natural
SA40_0002,FIYPYDONIODGKQ-KLCVKJMQSA-N,NCCCNC(=O)OC1C/C(=C\c2ccc([N+](=O)[O-])cc2)C(=O)/C(=C/c2ccc([N+](=O)[O-])cc2)C1,natural
Calpeptin,PAVJYVVZIJTAHT-UHFFFAOYSA-N,O=C(Oc1cncc(Cl)c1)c1cccs1,natural
JBB20_0040,MIUBNBDMUMQCLE-UHFFFAOYSA-N,O=C(ON1C(=O)CCC1=O)c1ccc2c(c1)C(=O)C(=O)N2Cc1ccccc1,natural
SA44_0034,BMBWLTUWOBISKR-UHFFFAOYSA-N,Cn1cc(SCC(=O)N(Cc2ccccc2)Cc2ccccc2)c2ccccc21,natural
SA44_0020,USSHAFYEQLIBPW-UHFFFAOYSA-N,CN1C(=O)C(=O)c2cc(C(=O)ON3C(=O)CCC3=O)ccc21,natural
JBB5_0003,RCSXHMPTDXUMRL-UHFFFAOYSA-N,NC(=O)Cc1ccc2c(c1)C(=O)C(=O)N2Cc1ccc2ccccc2c1,natural
SA37_0003,HTLCYKJJLPAUGX-UHFFFAOYSA-N,O=C1C(=O)N(CN2CCOCC2)c2ccc(F)cc21,natural
SA37_0002,ZSOQJYAJYKISGM-UHFFFAOYSA-N,CC(C)Cn1c(C(=O)NCCCNC(=O)n2cc(F)c(=O)[nH]c2=O)cc2cc(Cl)ccc21,natural
JBB5_0002,IOZYRYXEKZKPMB-LBPRGKRZSA-N,COc1ccc2cc([C@H](C)C(=O)Oc3cncc(Cl)c3)ccc2c1,natural
SA44_0021,YDPDCDHRIHIPNU-UHFFFAOYSA-N,CC(=O)Nc1cccc(C(=O)Oc2cncc(Cl)c2)c1,natural
SA44_0035,MVXVYAKCVDQRLW-UHFFFAOYSA-N,c1cnc2[nH]ccc2c1,natural
Chloroquine,NQJZLJKMYCNDIP-UHFFFAOYSA-N,COc1cccn(O)c1=S,natural
JBB48_0002,FIPAAZKBGLEFFX-RIYZIHGNSA-N,NC(=S)N/N=C/c1ccc(-c2ccccc2)o1,natural
Lopinavir,FVCVXWMNMYUZKE-GIDUJCDVSA-N,NC(=S)N/N=C/c1ccc(-c2ccc(F)nc2)o1,natural
Bleomycin,XHQLXTMPSYSNTB-OMCISZLKSA-N,NC(=S)N/N=C/c1ccc(-c2ccc(Cl)c(C(=O)O)c2)o1,natural
JBB1_0008,FCALQYOEHVUZLN-OMCISZLKSA-N,NC(=S)N/N=C/c1ccc(-c2cccc(C(=O)O)c2Cl)o1,natural
Delanzomib,HIPATJIGZGRNFA-VGOFMYFVSA-N,NC(=S)N/N=C/c1ccc(-c2ccncc2)o1,natural
MCSJ21_0006,LOFGZGVYCFBPQV-VIZOYTHASA-N,NC(=S)N/N=C/c1ccc(-c2ccc(S(N)(=O)=O)cc2)o1,natural
MCSJ20_0006,JDIOSABJTWFKAX-UHFFFAOYSA-N,CC(=O)Nc1cc(C(=O)Oc2cncc(Cl)c2)ccc1F,natural
MCSJ15_0004,PCLQVAFVSBWSTH-IBGZPJMESA-N,N#CC[C@@H](C1CCCC1)n1cc(-c2ncnc3[nH]ccc23)c2ccc(C(F)(F)F)cc21,natural
Fluindione,XWUIJWHWNCVUIJ-UHFFFAOYSA-N,Cc1cc(O)c2c(c1)C(=O)c1cc(O)c(I)c(O)c1C2=O,natural
SA21_0004,IOZYRYXEKZKPMB-GFCCVEGCSA-N,COc1ccc2cc([C@@H](C)C(=O)Oc3cncc(Cl)c3)ccc2c1,natural
J11_19,IPFCRNVQLVQVIH-UHFFFAOYSA-N,COc1ccc2c(c1)cc(C(=O)NCCCNC(=O)n1cc(F)c(=O)[nH]c1=O)n2CC(C)C,natural
MCSJ25_0030,QRNCNQQDHHYXNY-UHFFFAOYSA-N,O=C1C(=O)N(CN2CCCCC2)c2ccc(F)cc21,natural
MCSJ25_0024,VGSHCFAIRVEIDX-UHFFFAOYSA-N,Cn1cc(SCC(=O)NCc2ccccc2)c2ccccc21,natural
MCSJ25_0018,HUUMQOUCTGXIDA-UHFFFAOYSA-N,CCCCN1C(=O)C(=O)c2cc(C(=O)ON3C(=O)CCC3=O)ccc21,natural
MCSJ25_0032,AUEGQRDPEGTAPP-UHFFFAOYSA-N,COC(=O)c1ccc2c(c1)C(=O)C(=O)N2Cc1ccccc1,natural
MCSJ25_0026,SVNKEDMVAQBLLN-UHFFFAOYSA-N,CC(C)(C)OC(=O)NC(CC(=O)OCc1ccccc1)C(=O)NC(CCCCNC(=O)OCc1ccccc1)C(=O)OC(C)(C)C,natural
SA21_0006,DTLQFWOLEJQWJI-UHFFFAOYSA-N,CCCCN1C(=O)C(=O)c2cc(C(=O)O)ccc21,natural
JBB47_0009,NTNYHMJYSGPGCQ-UHFFFAOYSA-N,NC(=O)c1ccc2c(c1)C(=O)C(=O)N2Cc1ccc2ccccc2c1,natural
MCSJ20_0010,YLSPWNBSWVYQDL-UHFFFAOYSA-N,CCc1ccc(NC(=O)c2cc3c(=O)n4ccccc4nc3n2C)cc1,natural
MCSJ21_0004,IXQNRDZUWHUHOL-UHFFFAOYSA-N,Cc1cccc(C(=O)Oc2cncc(Cl)c2)c1O,natural
J11_39,UFOFCLFPQBJBGC-UHFFFAOYSA-N,Cc1c([N+](=O)[O-])c(O)c2c(c1[N+](=O)[O-])C(=O)c1c(c(O)c([N+](=O)[O-])c(O)c1[N+](=O)[O-])C2=O,natural
MCSJ20_0004,XWNLIHINIYNJIR-UHFFFAOYSA-N,Cc1ccc(O)c(C(=O)Oc2ccc(C)cc2C(=O)Oc2ccc(C)cc2C(=O)Oc2cncc(Cl)c2)c1,natural
SA41_0001,NXHQXOVSUMQCNZ-UHFFFAOYSA-N,O=C(O)c1cc(Cc2cc(Cc3cc(Cc4cc(Cc5cc(Cc6cc(Cl)c(O)c(C(=O)O)c6)c(O)c(C(=O)O)c5)c(O)c(C(=O)O)c4)cc(C(=O)O)c3O)cc(C(=O)O)c2O)cc(Cl)c1O,natural
SA44_0023,HEKJYZZSCQBJGB-XDHOZWIPSA-N,CC1=NN(c2ccc(C(=O)O)cc2)C(=O)/C1=C/c1ccc(-c2cc(C)c(C)cc2[N+](=O)[O-])o1,natural
SA44_0037,BBXQTXDIZFVHDT-OQLLNIDSSA-N,NC(=S)N/N=C/c1ccc(Cc2ccccc2)o1,natural
JBB5_0001,HUTBGTWLYFLQQZ-OMCISZLKSA-N,NC(=S)N/N=C/c1ccc(-c2ccc(C(=O)O)cc2F)o1,natural
SA37_0001,CIGSWGZBJDFAFR-INIZCTEOSA-N,O=C(N[C@@H](Cc1ccccc1)C(=O)Nc1ncc([N+](=O)[O-])s1)OCc1ccccc1,natural
JBB49_0001,FYSKGULQUVRRHF-ZDUSSCGKSA-N,CC(C)[C@H](NC(=O)OCc1ccccc1)C(=O)Nc1ncc([N+](=O)[O-])s1,natural
J11_03,GKMSGRSEYWWBNI-FRKPEAEDSA-N,Cc1cc(C(=O)O)ccc1-c1ccc(/C=N/NC(N)=S)o1,natural
JBB48_0001,QLGUUVBDAVRWET-GIDUJCDVSA-N,NC(=S)N/N=C/c1cc(-c2ccc(C(=O)O)cc2)co1,natural
Amprenavir,MRHWGBKPTZUNLO-UHFFFAOYSA-N,O=C1C(=O)N(Cc2ccc(Br)cc2)c2ccc([N+](=O)[O-])cc21,natural
Cefonicid,YYFGOPINFSHNHL-UHFFFAOYSA-N,O=C(CCN1CCOCC1)Nc1ccc2c(c1)/C(=N\Nc1ccc(C(F)(F)F)cc1)C(=O)N2,natural
MCSJ21_0011,PQOJWVHLJYMILK-UHFFFAOYSA-N,O=C(Cc1ccc(Oc2nc3ccccc3s2)cc1F)NCCc1ccc(F)cc1,natural
MCSJ20_0005,ANEHFIKAXIZHIZ-UHFFFAOYSA-N,Cc1cc(O)c2c(c1)C(=O)c1c(Cl)c(O)c(Cl)c(O)c1C2=O,natural
MCSJ20_0011,HQEBUSGSQUTCGV-UHFFFAOYSA-N,Cc1ccc(O)c(C(=O)Oc2ccc(C)cc2C(=O)Oc2cncc(Cl)c2)c1,natural
MCSJ21_0005,UVHOYEZLJFOPNB-UHFFFAOYSA-N,O=C(Oc1ccccc1C(=O)Oc1cncc(Cl)c1)c1ccccc1O,natural
JBB47_0008,YAWYDOMPQPEPAS-BIKNGKINSA-N,COC(=O)C[C@H](NC(=O)CNC(=O)[C@H](CCCCNC(=O)OC1C/C(=C\c2ccc([N+](=O)[O-])cc2)C(=O)/C(=C/c2ccc([N+](=O)[O-])cc2)C1)NC(=O)OC(C)(C)C)C(=O)OC,natural
SA21_0007,RMLNKLORWJAJJZ-UHFFFAOYSA-N,O=C(Nc1ccccc1F)c1cc2c(=O)n3ccccc3nc2n1Cc1ccccc1,natural
MCSJ25_0027,HRVIHQDVDQVYBE-UHFFFAOYSA-N,CCCCN1C(=O)C(=O)c2cc(C(N)=O)ccc21,natural
MCSJ25_0033,BZWKOEPAPGSYLV-UHFFFAOYSA-N,CCCN1C(=O)C(=O)c2cc(C(=O)O)ccc21,natural
J11_15,VIBQBRDTHPVEOK-UHFFFAOYSA-N,COC(=O)c1ccc2c(c1)C(=O)C(=O)N2CN1CCOCC1,natural
MCSJ25_0054,SKGYHEXXWSDNGH-UHFFFAOYSA-N,NC(=O)c1ccc2c(c1)C(=O)C(=O)N2Cc1ccc2cc(Br)ccc2c1,natural
SA51_0004,SRXXVPDYEVSZPE-UHFFFAOYSA-N,O=C(O)c1ccc2c(c1)C(=O)C(=O)N2Cc1ccccc1,natural
SA51_0010,QVDSJCUXMOLKLI-UHFFFAOYSA-N,CC(=O)c1cccc(NC(=O)c2cc3c(=O)n4ccccc4nc3n2C)c1,natural
MCSJ25_0040,ICEPTMMUVMVNPK-UHFFFAOYSA-N,CN1C(=O)C2(NCCc3cc(O)c(O)cc32)c2cc(Cl)ccc21,natural
MCSJ25_0068,IBEFBNPPYVEYSV-UHFFFAOYSA-N,Cc1ccc(C(=O)Oc2cc(C)ccc2C(=O)Oc2cncc(Cl)c2)c(O)c1,natural
MCSJ25_0097,GPTMXAZKVCUZCW-UHFFFAOYSA-N,Cc1cc(O)c2c(c1)C(=O)c1c(Br)c(O)c(Br)c(O)c1C2=O,natural
MCSJ25_0083,FEHQMKKCKBJNKA-UHFFFAOYSA-N,COc1ccc2c(c1)c(C(C)C(=O)Oc1cncc(Cl)c1)c(C)n2C(=O)c1ccc(Cl)cc1,natural
SA2_0002,,[CH](:[N]c1ccc[nH]1)c1c(CNCc2ccc[nH]2)c(CNCc2ccc[nH]2)c(CNCc2ccc[nH]2)c(CNCc2ccc[nH]2)c1CNCc1ccc[nH]1,natural
J11_49,GMAGOQZMNBRPOU-OMCISZLKSA-N,NC(=S)N/N=C/c1ccc(-c2ccc(C(=O)O)c(Cl)c2)o1,natural
JBB20_0019,OFVWKCJKTFQHMY-RQZCQDPDSA-N,NC(=S)N/N=C/c1cccc(-c2ccc(C(=O)O)cc2)c1,natural
JBB7_0009,JUOZFQFRLAKATR-UHFFFAOYSA-N,Cc1ccc(C(=O)Nc2ncc([N+](=O)[O-])s2)cc1,natural
JBB39_0016,YXNBSYADRMCVPG-VIZOYTHASA-N,NC(=S)N/N=C/c1ccc(-c2ccc(C(=O)O)cc2)s1,natural
JBB38_0016,VYIXDWVMGJFRGR-GIDUJCDVSA-N,NC(=S)N/N=C/c1ccc(-c2ccc(C(=O)O)c(O)c2)o1,natural
JBB39_0002,VTHJOISWJSUNDE-UHFFFAOYSA-N,Cc1ccc(N/N=C2/C(=O)Nc3ccc(NC(=O)CCN4CCOCC4)cc32)cc1,natural
JBB38_0017,UQIOKCTXGYYUDD-UHFFFAOYSA-N,O=C1Nc2ccc(NC(=O)c3ccc(Cl)cc3)cc2/C1=N/Nc1ccncc1,natural
JBB39_0017,NBGSBBKIKWMCMX-UHFFFAOYSA-N,COc1c(Br)c(OC)c2c(c1Br)C(=O)c1c(Br)c(C)c(Br)c(OC)c1C2=O,natural
JBB7_0008,NHSGNQAPJCROLA-UHFFFAOYSA-N,O=C(Oc1cncc(Cl)c1)c1ccccc1O,natural
JBB20_0018,DTOJUCFWOYMHAY-UHFFFAOYSA-N,Cc1ccc(O)c(C(=O)Oc2cncc(Cl)c2)c1,natural
Micafungin,VTVGMRYZHCRALW-UHFFFAOYSA-N,Cc1c(Br)c(O)c2c(c1Br)C(=O)c1c(Br)c(O)c(Br)c(O)c1C2=O,natural
J11_32,VFMMLZZPUQDOPY-UHFFFAOYSA-N,CN1C(=O)C2(NCCc3cc(O)c(O)cc32)c2ccccc21,natural
Plicamycin,YIDQCMXPPQQBGK-UHFFFAOYSA-N,Cn1c(C(=O)Nc2ccc3c(c2)OCCO3)cc2c(=O)n3ccccc3nc21,natural
SA2_0003,CDQXORKPLJMKQR-UHFFFAOYSA-N,O=C(O)c1ccc2c(c1)C(=O)C(=O)N2Cc1ccc2ccccc2c1,natural
MCSJ25_0082,MIUFWBYRBXTIDZ-UHFFFAOYSA-N,NC(=O)c1ccc2c(c1)C(=O)C(=O)N2Cc1ccc2cc(-c3ccccc3)ccc2c1,natural
MCSJ25_0096,WGPNFWSNPCMOIT-UHFFFAOYSA-N,O=C(CSc1c[nH]c2c(Br)cccc12)NCc1ccc(Cl)c(Cl)c1,natural
SA51_0011,DARJDUBKCHQNJM-UHFFFAOYSA-N,O=C(CSc1c[nH]c2ccccc12)NCc1ccccc1,natural
MCSJ25_0041,TYLOEMFGLQBHPE-UHFFFAOYSA-N,O=C(Oc1cncc(Cl)c1)c1ccc2[nH]ccc2c1,natural
MCSJ25_0055,JBLLRCOZJMVOAE-HSQYWUDLSA-N,COc1cccc2[nH]c(C(=O)N[C@@H](CC(C)C)C(=O)N[C@@H](C[C@@H]3CCNC3=O)C(=O)c3nc4ccccc4s3)cc12,natural
SA51_0005,DCIBJGPXCJFQQK-FBXJHNGQSA-N,CN1C[C@H](c2ccccc2)[C@]2(CN(S(C)(=O)=O)C/C(=C\c3ccccc3)C2=O)[C@]12C(=O)Nc1ccccc12,natural
MCSJ25_0043,RQNYSHJZOZMPRU-UHFFFAOYSA-N,S=c1[nH]nc2c3c(-c4ccccc4)cn(-c4ccc(Cl)cc4)c3ncn12,natural
J11_12,QCASYPXXRFRHJI-UHFFFAOYSA-N,O=C(CSC1CNc2ccccc21)N(Cc1ccccc1)Cc1ccccc1,natural
SA51_0013,NGYAJBARDRVBLE-SUMWQHHRSA-N,CC[C@H](NC(C)=O)C(=O)N[C@H](C(=O)NCC(=O)OCCN1C(=O)C=CC1=O)C(C)(C)C,natural
MCSJ25_0057,BWSMBHOQIXSNGP-JFFZKKEUSA-N,CCCOC(=O)/C=C/[C@H](C[C@@H]1CCNC1=O)NC(=O)C(CC(C)C)NC(=O)[C@@H](NC(=O)[C@H](C)NC(=O)c1cc(C)on1)C(C)C,natural
Isorhamnetin,QTGORSKTHIBLJT-FIVJMQNTSA-N,O=C(/C=C/c1ccccc1)N[C@@H](CC1CCCCC1)C(=O)N[C@@H](C[C@@H]1CCNC1=O)C(=O)C(=O)NCc1ccccc1,natural
MCSJ25_0080,ASXVEBPEZMSPHB-UHFFFAOYSA-N,CC(NC(=O)C(Cc1ccccc1)NC(=O)OCc1ccccc1)C(=O)CF,natural
MCSJ25_0094,UVERBUNNCOKGNZ-CQSZACIVSA-N,Cc1ccc(N)cc1C(=O)N[C@H](C)c1cccc2ccccc12,natural
SA3_0001,IYFUUNMVWJUWOU-UHFFFAOYSA-N,COc1ccccc1CN(OC)C(=O)CSc1c[nH]c2c(-c3ccccc3)cccc12,natural
J11_45,QBTHEEPOXUMFIZ-UHFFFAOYSA-N,COc1ccc(C=NNc2ncnc3c2c(-c2ccccc2)cn3-c2ccccc2)cc1,natural
SA12_0004,WZECSTGWQTZCIY-SFQUDFHCSA-N,CCS(=O)(=O)N(c1ccc(C(=O)/C=C2/C(=O)Nc3ccc(Cl)cc32)cc1)S(=O)(=O)CC,natural
MG-101 (ALLN) (calpain),DMHYAQLYAFULCU-VXKWHMMOSA-N,C=CC[C@H](NC(=O)CCl)C(=O)N[C@@H](Cc1c[nH]c2ccccc12)C(=O)NCc1ccccc1,natural
JBB20_0032,STEBBEGVSNSKGT-PMERELPUSA-N,Cc1ccc(-c2cccc(S(=O)(=O)N[C@@H](Cc3cccc(C(=N)N)c3)C(=O)N3CCC(NC(=O)NC(C)(C)C)CC3)c2)cc1C,natural
SA46_0001,LXKXHISGOOZAGB-UHFFFAOYSA-N,O=C(Oc1cncc(Cl)c1)c1ccc2c(ccn2S(=O)(=O)c2cccc([N+](=O)[O-])c2)c1,natural
Ixazomib,DMSMPAJRVJJAGA-UHFFFAOYSA-N,O=c1[nH]sc2ccccc12,natural
J11_04,SZGFEDHUUMPKOQ-UHFFFAOYSA-N,O=C(CSc1c[nH]c2ccccc12)N(Cc1ccccc1)Cc1ccccc1,natural
JBB39_0001,BJJVJYHBCURDRW-UHFFFAOYSA-N,COc1ccccc1CNC(=O)CSc1c[nH]c2c(-c3ccccc3)cccc12,natural
JBB39_0015,KMVGELVYJSQGCG-UHFFFAOYSA-N,CN(C)CCOc1ccc(CNC(=O)CSc2c[nH]c3ccccc23)cc1,natural
SA5_00010,CIZCWSJDCWBINO-UHFFFAOYSA-N,CCCn1sc2ccccc2c1=O,natural
JBB38_0014,YSBHATAWWDVERR-UHFFFAOYSA-N,O=C(CSc1c[nH]c2cccc(Br)c12)N(Cc1ccccc1)Cc1ccccc1,natural
JBB2_0001,NKORYKWDZIQXSP-XNTDXEJSSA-N,CCS(=O)(=O)Oc1ccc(C(=O)/C=C2/C(=O)Nc3ccc(Cl)cc32)cc1,natural
J11_28,JPPVKVVMAMNFJH-PBSJDSSISA-N,COP(=O)(OC)N1C/C(=C\c2ccc(F)cc2)C(=O)[C@@]2(C1)[C@H](c1ccc(F)cc1)CN(C)[C@]21C(=O)Nc2ccc(Cl)cc21,natural
JBB20_0033,JGAMTTJARHTBAO-UHFFFAOYSA-N,Clc1cccc(-n2cc(-c3ccccc3)c3c2ncn2cnnc32)c1,natural
SA12_0005,KNZPYVJHLUGBIW-VOOSAAORSA-N,CC(C)C[C@H](NC(=O)[C@H](CC1=CNC2C=CC=CC12)NC(=O)[C@H](CCCNC(=N)N)NC(=O)[C@H]1CCC[C@@H]1NC(=O)[C@H](CCC(=O)O)NC(=O)[C@H](CC(=O)O)NC(=O)[C@H](CC(=O)O)NC(=O)[C@@H](N)CCCNC(=N)N)C(=O)N[C@H]1CCC[C@@H]1C(=O)NC(C(=O)N[C@@H](CC(=O)O)C(=O)NC1=CC=C[C@@H]1C(=O)N[C@H](C(=O)N[C@@H](Cc1ccc(O)cc1)C(=O)N[C@@H](CC(=O)O)C(=O)N[C@@H]1CCC[C@H]1C(=O)N[C@H](Cc1c[nH]c2ccccc12)C(=O)N[C@H](Cc1c[nH]cn1)C(N)=O)C(C)C)C(C)O,natural
Imipenem,KWEPWRDIBPNLCJ-UHFFFAOYSA-N,CCCCCCCCOC(=O)c1c(Cl)c(Cl)c(Cl)c(Cl)c1-c1c2cc(I)c(=O)c(I)c-2oc2c(I)c(O)c(I)cc12,natural
MCSJ25_0095,VGGQLLAULCYYQI-UHFFFAOYSA-N,CCCCOc1ccc(F)c(-n2ccc(=O)n(CCCCCOc3ccc(C(=O)O)cc3)c2=O)c1,natural
MCSJ25_0081,QCLUKMRSPIGCSN-MEDUHNTESA-N,Oc1cc(-c2nnc([C@H](O)[C@@H](O)Cc3nnc(-c4ccc(O)c(O)c4O)o3)o2)cc(O)c1O,natural
SA51_0006,IDBWWEGDLCFCTD-LHDHWOGPSA-N,Cc1cc(C(=O)N[C@@H](C)C(=O)N[C@H](C(=O)NC(CC(C)C)C(=O)N[C@H](/C=C/C(=O)OCc2ccccc2)C[C@@H]2CCNC2=O)C(C)C)no1,natural
MCSJ25_0056,PLVWMBFPIAQRHK-VXKWHMMOSA-N,CCC[C@H](NC(=O)[C@H](CC(C)C)NC(=O)OCc1ccccc1)C(=O)C(=O)NCc1ccccn1,natural
SA51_0012,ACBZBWFKUGVGRC-UHFFFAOYSA-N,COc1ccc(-c2cnc3[nH]cc(NC(=O)c4cccnc4)c3c2)cc1OC,natural
SA51_0016,NLVRHQFXQFSBQK-XWGVYQGASA-N,CC(C)(C)OC(=O)Nc1cccn([C@@H](CC2CC2)C(=O)N[C@@H](C[C@@H]2CCNC2=O)C(=O)C(=O)NCc2ccccc2)c1=O,natural
MCSJ25_0046,MMEXJKOSHXYXRF-UHFFFAOYSA-N,CCCCCCCCCCCC[N+](C)(C)CCOc1ccc(Br)cc1,natural
MCSJ25_0052,YTPHOWZNWUEKOK-UHFFFAOYSA-N,O=C(O)c1ccc(OCCCCCn2c(=O)ccn(-c3c4ccccc4cc4ccccc34)c2=O)cc1,natural
SA51_0002,LUWFDVWYZOYALA-UHFFFAOYSA-N,CCCCCCCCCCOC(=O)c1c(Cl)c(Cl)c(Cl)c(Cl)c1-c1c2cc(I)c(=O)c(I)c-2oc2c(I)c(O)c(I)cc12,natural
MCSJ25_0085,UJHDXLPYXRBCNN-PBSJDSSISA-N,COP(=O)(OC)N1C/C(=C\c2ccc(Br)cc2)C(=O)[C@@]2(C1)[C@H](c1ccc(Br)cc1)CN(C)[C@]21C(=O)Nc2ccc(Cl)cc21,natural
MCSJ25_0091,CYUHVRDTEYEWJT-GHRIWEEISA-N,CCS(=O)(=O)N(c1ccc(C(=O)/C=C2/C(=O)Nc3ccccc32)cc1)S(=O)(=O)CC,natural
JBB20_0037,AAGWZGZFZQICGA-UHFFFAOYSA-N,CN(Cc1ccccc1)C(=O)CSc1c[nH]c2cccc(Br)c12,natural
JBB20_0023,KIQWPBPPGBRNDL-UHFFFAOYSA-N,O=C(CSc1c[nH]c2ccccc12)NCc1ccc(C(F)(F)F)cc1,natural
JBB38_0010,RDWXSJCICPOOKO-UHFFFAOYSA-N,Cn1sc2ccccc2c1=O,natural
JBB39_0004,CGONTYBKIBJCCD-HKBQPEDESA-N,COc1ccc(-c2cccc(S(=O)(=O)N[C@@H](Cc3cccc(C(=N)N)c3)C(=O)N3CCN(C(=O)NC4CCCCC4)CC3)c2)c(OC)c1,natural
JBB39_0010,BUQJUCVPPUJQBJ-UHFFFAOYSA-N,C=CCn1sc2ccccc2c1=O,natural
JBB39_0011,UIDSDWKVJVRPHH-CYBMUJFWSA-N,C[C@@H](NC(=O)CSc1c[nH]c2ccccc12)c1ccccc1,natural
JBB38_0005,NIWGJPKYBWWKOU-UHFFFAOYSA-N,O=C(CSc1c[nH]c2cc(Br)ccc12)NCc1ccc(Cl)c(Cl)c1,natural
SA44_0042,WENKGGFRFGCULS-DUNSEXALSA-N,CN1C[C@H](c2ccc(F)cc2)[C@]2(CN(S(C)(=O)=O)C/C(=C\c3ccc(F)cc3)C2=O)[C@]12C(=O)Nc1ccccc12,natural
J11_05,HGCGSGYKRCRUFM-DUNSEXALSA-N,CN1C[C@H](c2ccc(Br)cc2)[C@]2(CN(S(C)(=O)=O)C/C(=C\c3ccc(Br)cc3)C2=O)[C@]12C(=O)Nc1ccccc12,natural
JBB20_0022,XAGVUVLRKSMPAA-UHFFFAOYSA-N,CNC(=O)Cn1c(=O)[nH]/c(=N\c2cc3cn(C)nc3cc2Cl)n(Cc2cc(F)c(F)c(F)c2)c1=O,natural
JBB20_0036,JKKULFTYKUEDPL-UHFFFAOYSA-N,O=c1cc(OCCCOc2ccnc(SCc3ccc(F)cc3)n2)c2cc(F)ccc2o1,natural
SA18_0003,PTUWWNGMUPSKDC-UHFFFAOYSA-N,O=C(NC(Cc1ccc(O)cc1)C(=O)O)c1cc(-c2ccccc2)c(=O)n2c1sc1ccc(OC3CCCCC3)cc12,natural
Oseltamivir,HWYRKZDETMXFKE-ZGFBMJKBSA-N,CC(C)[C@@H](NC(=O)OCc1ccccc1)C(=O)N[C@H](CC1CCCCC1)C(=O)N[C@@H](C=O)C[C@H]1CCNC1=O,natural
J11_44,IYBHFZISLRFUPL-JBACZVJFSA-N,Nc1cccn([C@@H](CC2CC2)C(=O)N[C@@H](C[C@@H]2CCNC2=O)C(=O)C(=O)NCc2ccccc2)c1=O,natural
MCSJ25_0090,MUNFBYOTGGMQOS-XMMPIXPASA-N,CC(C)(C)c1ccc(N(C(=O)c2c[nH]cn2)[C@@H](C(=O)NC2CCCCC2)c2cccnc2)cc1,natural
MCSJ25_0084,CCHRSRKMOLSGMR-KBKYZLAFSA-N,CC(=O)N[C@@H](CCc1nc2ccccc2s1)C(=O)N[C@@H](CN)C(=O)NCC(=O)NC/C=C/C(=O)O,natural
MCSJ25_0053,HPKJGHVHQWJOOT-ZJOUEHCJSA-N,O=C[C@H](C[C@@H]1CCNC1=O)NC(=O)[C@H](CC1CCCCC1)NC(=O)c1cc2ccccc2[nH]1,natural
SA51_0003,AZTASKRPWMAJOD-VGOFMYFVSA-N,NC(=S)N/N=C/c1ccc(-c2ccc([N+](=O)[O-])cc2)o1,natural
SA51_0017,BUOSOLLSZIGEML-OAQYLSRUSA-N,CC(C)(C)OC(=O)N[C@@H]1CCN(c2ccc3cccc(OCC(=O)NCc4ccccc4)c3n2)C1,natural
MCSJ25_0047,PROCLCZZFLLLMZ-UHFFFAOYSA-N,N#Cc1ccc(S(=O)(=O)N2CCN(C(=O)c3cc(O)c(O)c(O)c3)C(C(=O)NCc3ccc(-c4ccccc4)cc3)C2)cc1,natural
Anidulafungin,QMPBBNUOBOFBFS-UHFFFAOYSA-N,Cn1cnc(Cn2c(=O)[nH]/c(=N\c3cc4cn(C)nc4cc3Cl)n(Cc3cc(F)c(F)cc3F)c2=O)n1,natural
MCSJ25_0079,CARKXKGAXCPLDO-YVBSNHPSSA-N,CCS(=O)(=O)N1C/C(=C\c2ccc(Cl)cc2)C(=O)[C@]2(C1)[C@@H](c1ccc(Cl)cc1)CN(C)[C@@]21C(=O)Nc2ccc(Cl)cc21,natural
SA51_0001,ZPYRPLKFPICBCL-XACXPKIDSA-N,CN1C[C@H](c2ccccc2)[C@]2(CN(S(C)(=O)=O)C/C(=C\c3ccccc3)C2=O)[C@]12C(=O)Nc1ccc(Cl)cc12,natural
Umifenovir,QPTRCMKGPYHAKR-UHFFFAOYSA-N,COc1ccccc1CNC(=O)CSc1c[nH]c2c(Br)cccc12,natural
MCSJ25_0045,PRLIOOFJTHOJPZ-UHFFFAOYSA-N,Nc1ccccc1-n1sc2ccccc2c1=O,natural
SA51_0015,PPPSWBCFHWAKFZ-UHFFFAOYSA-N,COc1ccccc1CNC(=O)CSc1c[nH]c2cccc(Br)c12,natural
Nelfinavir,ASJKQODISKSGEL-GXDHUFHOSA-N,CS(=O)(=O)Oc1ccc(C(=O)/C=C2/C(=O)Nc3ccccc32)cc1,natural
MCSJ25_0086,LCFTYIIQOFJNEV-UHFFFAOYSA-N,COc1ccccc1CNC(=O)CSc1c[nH]c2cc(Br)ccc12,natural
SA12_0002,AXFLRTFFXWYKJJ-UHFFFAOYSA-N,COc1ccccc1CN(C)C(=O)CSc1c[nH]c2ccccc12,natural
J11_25,JZMXCENGODLQED-UHFFFAOYSA-N,CC(C)Cn1sc2ccccc2c1=O,natural
SA18_0001,OSHNCJIDUNDZJF-YUQJVSQNSA-N,COc1ccc(/C=C2\CN(S(C)(=O)=O)C[C@@]3(C2=O)[C@@H](c2ccc(OC)c(OC)c2)CN(C)[C@@]32C(=O)Nc3ccccc32)cc1OC,natural
JBB20_0020,WEGOLTFKIFSOIH-YCMTUVLUSA-N,CN1C[C@H](c2ccc(F)cc2)[C@]2(CN(S(C)(=O)=O)C/C(=C\c3ccc(F)cc3)C2=O)[C@]12C(=O)Nc1ccc(Cl)cc12,natural
JBB20_0034,MXZWWIYCAKLVCA-UHFFFAOYSA-N,CCCCOC(=O)c1c(Cl)c(Cl)c(Cl)c(Cl)c1-c1c2cc(I)c(=O)c(I)c-2oc2c(I)c(O)c(I)cc12,natural
JBB7_0018,JHDIUUFGPILEJO-UHFFFAOYSA-N,CNC(=O)Cn1c(=O)[nH]/c(=N\c2ccc(OC(F)F)cc2C)n(Cc2cc(F)c(F)c(F)c2)c1=O,natural
SA44_0040,MXTDWNUJBPWLKN-UHFFFAOYSA-N,CC(C)(C)OC(=O)N1CCN(c2ccc3cccc(OCC(=O)NCc4ccccc4)c3n2)CC1,natural
JBB38_0007,YWWMQXXOXRPZCC-UHFFFAOYSA-N,O=C(O)c1ccc(OCCCCCn2c(=O)ccn(CCCCCOc3ccc(Br)cc3)c2=O)cc1,natural
JBB39_0013,AGFNHUWABBPXMZ-SFYKDHMMSA-N,CC(=O)N1CSC[C@H]1C(=O)N[C@H](C(=O)N[C@@H](CC(C)C)C(=O)NCC(=O)OCCCN1C(=O)C=CC1=O)C(C)(C)C,natural
JBB38_0013,GBFDUEHBZPUKMB-VIZOYTHASA-N,NC(=S)N/N=C/c1ccc(-c2ccc(C(=O)O)cc2)o1,natural
JBB10_0001,BSPZFJDYQHDZNR-GXIXOUGGSA-N,CC(C)C[C@@H](NC(=O)OCc1ccccc1)C(=O)N[C@H](C[C@H]1CCNC1=O)C(O)S(=O)(=O)O,natural
JBB39_0006,QTGORSKTHIBLJT-FIVJMQNTSA-N,O=C(/C=C/c1ccccc1)N[C@@H](CC1CCCCC1)C(=O)N[C@@H](C[C@@H]1CCNC1=O)C(=O)C(=O)NCc1ccccc1,natural
JBB38_0012,MMVYUHFDLZLNDJ-UHFFFAOYSA-N,Cc1ccc(N2CCN(C)CC2)cc1C(=O)NC1(c2cc(-c3cnn(C)c3)nc3ccccc23)CC1,natural
JBB38_0006,GUBDCSAAGRTMKG-CUWPLCDZSA-N,O=C[C@H](C[C@@H]1CCNC1=O)NC(=O)[C@H](Cc1ccc(F)cc1)NC(=O)c1cc2ccccc2[nH]1,natural
JBB39_0012,RJWLAIMXRBDUMH-ULQDDVLXSA-N,CSCC[C@@H](C=O)NC(=O)[C@H](CC(C)C)NC(=O)[C@H](CC(C)C)NC(C)=O,natural
SA44_0041,BRFDPJYHCJVJEP-ZJOUEHCJSA-N,O=C[C@H](C[C@@H]1CCNC1=O)NC(=O)[C@H](Cc1ccccc1)NC(=O)c1cc2ccccc2[nH]1,natural
Darunavir,RWNPWYHREODZKW-SRPIJEGYSA-N,CC(=O)N[C@@H](CCc1ccc(O)cc1)C(=O)N[C@@H](CN)C(=O)NCC(=O)NC/C=C/C(=O)O,natural
JBB20_0035,QXBHVMNLTVALLC-VGOFMYFVSA-N,NC(=S)N/N=C/c1ccc(-c2cccc([N+](=O)[O-])c2)o1,natural
JBB20_0021,ODVWLYKAIGIEPE-UHFFFAOYSA-N,Nc1ccc(S(=O)(=O)N2CCN(C(=O)c3cc(O)c(O)c(O)c3)C(C(=O)NCc3ccc(-c4ccccc4)cc3)C2)cc1,natural
J11_48,BUOSOLLSZIGEML-NRFANRHFSA-N,CC(C)(C)OC(=O)N[C@H]1CCN(c2ccc3cccc(OCC(=O)NCc4ccccc4)c3n2)C1,natural
Favipiravir,SFOAMIQSXRHIDA-UHFFFAOYSA-N,CCCCCCOC(=O)c1c(Cl)c(Cl)c(Cl)c(Cl)c1-c1c2cc(I)c(=O)c(I)c-2oc2c(I)c(O)c(I)cc12,natural
SA12_0003,JONKCGVALIFOJI-OCUUXUKKSA-N,C=S(=O)(CC)N1C/C(=C\c2ccc(F)cc2)C(=O)[C@]2(C1)[C@@H](c1ccc(F)cc1)CN(C)[C@@]21C(=O)Nc2ccccc21,natural
MCSJ25_0087,QQOFPYYPPIHGNV-NONDCYEXSA-N,COP(=O)(OC)N1C/C(=C\c2ccccc2)C(=O)[C@@]2(C1)[C@H](c1ccccc1)CN(C)[C@]21C(=O)Nc2ccc(Cl)cc21,natural
Cefiderocol,TUCOTTOSWOLVMJ-UHFFFAOYSA-N,CN(Cc1ccccc1)C(=O)CSc1c[nH]c2ccccc12,natural
MCSJ25_0093,BKCDKWJRHGJSRF-UHFFFAOYSA-N,O=c1c2ccccc2sn1CCO,natural
MCSJ25_0044,GOSIAGRSMKNKPR-UHFFFAOYSA-N,O=C(CSc1c[nH]c2ccc(Br)cc12)NCc1ccc(Cl)c(Cl)c1,natural
SA51_0014,DPILAZGUIAXGTN-UHFFFAOYSA-N,Cc1ncc(OC(=O)c2cccc3[nH]ccc23)cc1Cl,natural
MCSJ25_0050,ZUGRGKZJSHHZGX-UHFFFAOYSA-N,Cc1cc(C(=O)Oc2cncc(Cl)c2)c2cc[nH]c2c1,natural
MCSJ25_0078,KWLOKUMNWAEMHY-UHFFFAOYSA-N,CCCNC(=O)n1sc2ccccc2c1=O,natural
MCSJ25_0075,MFYVCHMRAJZMLR-UHFFFAOYSA-N,O=C(CSc1[nH]c2ccccc2c1SCC(=O)Nc1ccc(Cl)c(Cl)c1)Nc1ccc(Cl)c(Cl)c1,natural
SA51_0025,FNWCKZGIMVPZTN-UHFFFAOYSA-N,COc1ccccc1CNC(=O)CSc1c[nH]c2ccc(Br)cc12,natural
MCSJ25_0061,KRXMYBAZKJBJAB-UHFFFAOYSA-N,Cc1ccc(-n2sc3ccccc3c2=O)cc1,natural
MCSJ25_0049,NHWITSYUVIJHRS-WTAJHKDLSA-N,C=C1CC[C@@H]2[C@](C)(COC(C)=O)[C@H](OC(C)O)CC[C@@]2(C)[C@@H]1CC(SC(=S)N1CCN(C(c2ccccc2)c2ccc(Cl)cc2)CC1)C1=CCOC1=O,natural
Carfilzomib (PR-171) ,SFLYWAKKJPPSFS-IGCPHGIMSA-N,Cc1n[nH]c2c1C(c1ccc([N+](=O)[O-])cc1)C1=C(N=C(N(C)C)NC1N/N=C/C1O[C@H](CO)[C@@H](O)[C@H](O)[C@H]1O)N2,natural
SA51_0019,NELOAMWPFFAQDU-UHFFFAOYSA-N,COc1ccc2c(c1)C(=O)C(=O)N2Cc1cn(CC(=O)Nc2ccc(C(C)=O)cc2)nn1,natural
Ritonavir,NLZNSSWGRVBWIX-REVBKLEOSA-N,COC(=O)CC[C@H](NC(=O)[C@H](Cc1c[nH]c2ccccc12)NC(=O)OCc1ccccc1)C(=O)N[C@@H](Cc1cnc[nH]1)C(=O)NC(CC(=O)OC)C(=O)CF,natural
Nafarelin,ASJKQODISKSGEL-GXDHUFHOSA-N,CS(=O)(=O)Oc1ccc(C(=O)/C=C2/C(=O)Nc3ccccc32)cc1,natural
SA48_0002,KLCHVIOETGTNDS-UHFFFAOYSA-N,Cc1cccc(CSc2nccc(OCCOc3cc(=O)oc4ccccc34)n2)c1,natural
MCSJ16_0006,KNNCWKZPHLIGAD-ONKIVUJISA-N,OC[C@@H]1[C@@H](O)[C@H](O)[C@@H](O)CN1CCCCCC12CC(C1)C2,natural
FAD,YREMPYYYCXBPID-OFAXGOBFSA-N,CC(=O)N[C@H](C(=O)N[C@H](C(=O)N[C@@H](CC(C)C)C(=O)NCC(=O)OCCN1C(=O)C=CC1=O)C(C)(C)C)C(C)C,natural
JBB14_0006,PGZIGPUVOXAGCU-AWEZNQCLSA-N,CC(=O)N[C@H](C(=O)NCC(=O)OCCN1C(=O)C=CC1=O)C(C)C,natural
SA43_0001,WJGBKYIDFKRSKX-UHFFFAOYSA-N,Cc1n[nH]c2c1C(c1cccs1)C1=C(N=C(N(C)C)N3N=C(c4ccc(Cl)cc4)NC13)N2,natural
JBB20_0038,AIZGXTUUNIJAEY-DTEOHWLHSA-N,C=C1CC[C@@H]2[C@](C)(COC(C)=O)[C@H](OC(C)O)CC[C@@]2(C)[C@@H]1CC(SC(=S)N1CCN(C(c2ccc(F)cc2)c2ccc(F)cc2)CC1)C1=CCOC1=O,natural
JBB7_0014,XIDSLNRVMMPVBZ-UHFFFAOYSA-N,O=C(CSc1c[nH]c2cccc(Br)c12)NCc1ccc(Cl)c(Cl)c1,natural
Fondaparinux,GTTHESNNWLOVLD-UHFFFAOYSA-N,O=c1c2ccccc2sn1Cc1ccccc1,natural
JBB6_0001,FSFLGRDOGLYDFS-UHFFFAOYSA-N,CCOc1ccccc1CN(OC)C(=O)CSc1c[nH]c2cccc(Br)c12,natural
JBB7_0015,DAIJWARWMVCTPJ-UHFFFAOYSA-N,Cc1ccc2[nH]ccc2c1C(=O)Oc1cncc(Cl)c1,natural
JBB7_0001,ZIFJJRRCTKAIGB-UHFFFAOYSA-N,COC(=O)c1ccc(-n2sc3ccccc3c2=O)cc1,natural
Imidurea,OUNROJVGCGSCFI-UHFFFAOYSA-N,O=C(CSc1c[nH]c2ccccc12)Nc1ccc(Cl)c(Cl)c1,natural
MCSJ23_0005,GYVKPAVYPMIITO-UHFFFAOYSA-N,CCCCNC(=O)n1sc2ccccc2c1=O,natural
SA48_0003,MLTLPJROQNHOKO-UHFFFAOYSA-N,O=C(Oc1cncc(Cl)c1)c1cc(F)cc2[nH]ccc12,natural
MCSJ25_0048,KVWAOMXRMPOOQG-LBOJAEDFSA-N,CCS(=O)(=O)N1C/C(=C\c2ccc(Cl)cc2)C(=O)[C@]2(C1)[C@@H](c1ccc(Cl)cc1)CN(C)[C@@]21C(=O)Nc2ccccc21,natural
SA51_0018,NHWITSYUVIJHRS-WTAJHKDLSA-N,C=C1CC[C@@H]2[C@](C)(COC(C)=O)[C@H](OC(C)O)CC[C@@]2(C)[C@@H]1CC(SC(=S)N1CCN(C(c2ccccc2)c2ccc(Cl)cc2)CC1)C1=CCOC1=O,natural
MCSJ25_0060,JFBYMSCGFLFIGP-UHFFFAOYSA-N,CC(=O)c1ccc(NC(=O)Cn2cc(CN3C(=O)C(=O)c4ccccc43)nn2)cc1,natural
MCSJ25_0074,MVPQJUFFTWWKBT-HVLXEHQLSA-N,COC(=O)C[C@H](NC(=O)[C@H](C)NC(=O)[C@H](NC(=O)[C@H](Cc1ccc(O)cc1)NC(=O)OCc1ccccc1)C(C)C)C(=O)CF,natural
SA51_0024,PWKMNWCHICTDMH-UHFFFAOYSA-N,Cc1cccc(NC(=O)CSc2c(C)[nH]c3ccccc23)c1,natural
MCSJ25_0062,NKORYKWDZIQXSP-XNTDXEJSSA-N,CCS(=O)(=O)Oc1ccc(C(=O)/C=C2/C(=O)Nc3ccc(Cl)cc32)cc1,natural
SA51_0026,ZOLFTGHFMWRRCQ-NPPFBWRTSA-N,CC(=O)N1CSC[C@H]1C(=O)N[C@H](C(=O)N[C@@H](CC(C)C)C(=O)NCC(=O)OCCN1C(=O)C=CC1=O)C(C)(C)C,natural
MCSJ25_0076,HWZACFHGFLSIRQ-JTQLQIEISA-N,CC[C@H](NC(C)=O)C(=O)NCC(=O)OCCN1C(=O)C=CC1=O,natural
MCSJ25_0089,QYENXTYKACLCGO-KZNAEPCWSA-N,CC(C)C[C@@H](NC(=O)OCc1ccccc1)C(=O)N[C@@H](C=O)C[C@H]1CCNC1=O,natural
SA48_0001,QDIMHKWNHMVDJB-WBAXXEDZSA-N,COc1cccc2[nH]c(C(=O)N[C@@H](CC(C)C)C(=O)N[C@@H](C[C@@H]3CCNC3=O)C(=O)CO)cc12,natural
MCSJ16_0005,FQKALOFOWPDTED-WBAXXEDZSA-N,COc1cccc2[nH]c(C(=O)N[C@@H](CC(C)C)C(=O)N[C@@H](C[C@@H]3CCNC3=O)C(=O)COP(=O)(O)O)cc12,natural
JBB14_0005,RUHYGYHBVKWREW-GXRSIYKFSA-N,CC(C)C[C@@H](NC(=O)[C@H](NC(=O)OCc1ccccc1)C(C)C)C(=O)N[C@@H](C=O)C[C@H]1CCNC1=O,natural
JBB20_0013,VMZVIDMBNWRCBB-HNNXBMFYSA-N,CC(=O)N[C@H](C(=O)NCC(=O)OCCCN1C(=O)C=CC1=O)C(C)C,natural
SA43_0002,UKKYCNCWSWDENN-WDJPJFJCSA-N,CC(=O)N[C@H](C(=O)N[C@H](C(=O)N[C@@H](CC(C)C)C(=O)NCC(=O)OCCCN1C(=O)C=CC1=O)C(C)(C)C)C(C)C,natural
TAPI-1,XVYLNHVEAOOEGI-FAIWKWDXSA-N,OC[C@@H]1[C@@H](O)[C@H](O)[C@@H](O)CN1CCCCCOCC12CC3CC(CC(C3)C1)C2,natural
JBB7_0017,PAVOOVPPTDMDLO-RVDMUPIBSA-N,CS(=O)(=O)N(c1ccc(C(=O)/C=C2/C(=O)Nc3ccccc32)cc1)S(C)(=O)=O,natural
JBB7_0003,CFHTXXKOTGPMQU-UHFFFAOYSA-N,CCOc1cccc(NC(=O)CSc2cn(C(=O)OC(C)(C)C)c3ccccc23)c1,natural
"2-imino-1-(4-methoxy-6-dimethylamino-1,3,5-triazin-2-yl",NKSMTZPELOATFX-HZUJVAHNSA-N,COC(=O)C[C@H](NC(=O)[C@H](C)NC(=O)[C@H](NC(=O)CCc1ccccc1)C(C)C)C(=O)CF,natural
JBB38_0008,MWAMIDMOJGJSKK-UHFFFAOYSA-N,NO[S+]([O-])c1ccc(NC(=O)Cn2cc(CN3C(=O)C(=O)c4cc(OC(F)(F)F)ccc43)nn2)cc1,natural
JBB39_0008,RMKXHDRTRISBCB-YCMTUVLUSA-N,CN1C[C@H](c2ccc(Cl)cc2)[C@]2(CN(S(C)(=O)=O)C/C(=C\c3ccc(Cl)cc3)C2=O)[C@]12C(=O)Nc1ccc(Cl)cc12,natural
JBB39_0009,IRBBDJYBNHNLKO-UHFFFAOYSA-N,O=C(NCc1ccco1)n1sc2ccccc2c1=O,natural
JBB38_0009,IUYFODOLXCDVEV-UHFFFAOYSA-N,Cc1c(Cl)cncc1OC(=O)c1cccc2[nH]ccc12,natural
JBB7_0002,JRSBMUWHGBISID-UHFFFAOYSA-N,COc1cccc(NC(=O)CSc2c[nH]c3ccccc23)c1,natural
JBB7_0016,JROSKNTUYSPHGX-UHFFFAOYSA-N,O=C(Oc1cncc(Cl)c1)c1cccc2c1CCN2,natural
JBB6_0002,HTGWNSJHOKFSEN-UHFFFAOYSA-N,Cc1c[nH]c2cccc(C(=O)Oc3cncc(Cl)c3)c12,natural
J11_06,KDMQSUUXKLZVNU-UHFFFAOYSA-N,O=c1c2ccccc2sn1-c1ccccc1,natural
Pepstatin A,JROSKNTUYSPHGX-UHFFFAOYSA-N,O=C(Oc1cncc(Cl)c1)c1cccc2c1CCN2,natural
SA43_0003,PGVFVGUGIJCERX-RPPGKUMJSA-N,Cc1n[nH]c2c1C(c1ccc([N+](=O)[O-])cc1)c1c(N/N=C/c3ccc(Br)cc3)nc(N(C)C)nc1N2,natural
JBB20_0012,OEDYFNFRLNGOCR-ZQHMDUQPSA-N,C=C1CC[C@@H]2[C@](C)(COC(C)=O)[C@H](OC(C)O)CC[C@@]2(C)[C@@H]1CC(SC(=S)N1CCc2ccccc2[C@@H]1c1ccccc1)C1=CCOC1=O,natural
JBB14_0004,YGHCNXCGOVTXGN-UHFFFAOYSA-N,O=C(CSc1c[nH]c2ccccc12)NCc1ccc(Cl)c(Cl)c1,natural
MCSJ16_0004,ACLZBMSEUGWFIO-KBXCAEBGSA-N,CC(=O)N1CSC[C@H]1C(=O)N[C@H](C(=O)NCC(=O)OCCCN1C(=O)C=CC1=O)C(C)(C)C,natural
MCSJ25_0088,POTPADDPWDZZEZ-NSHDSACASA-N,CC(=O)N1CSC[C@H]1C(=O)NCC(=O)OCCCN1C(=O)C=CC1=O,natural
J11_10,FSFLGRDOGLYDFS-UHFFFAOYSA-N,CCOc1ccccc1CN(OC)C(=O)CSc1c[nH]c2cccc(Br)c12,natural
MCSJ25_0063,CQOAHWAPCQGQNC-UHFFFAOYSA-N,NO[S+]([O-])c1ccc(NC(=O)Cn2cc(CN3C(=O)C(=O)c4ccccc43)nn2)cc1,natural
MCSJ25_0067,OEDYFNFRLNGOCR-XNWJNKOUSA-N,C=C1CC[C@@H]2[C@](C)(COC(C)=O)[C@H](OC(C)O)CC[C@@]2(C)[C@@H]1CC(SC(=S)N1CCc2ccccc2[C@H]1c1ccccc1)C1=CCOC1=O,natural
J11_11,NMUWZFNBPTXVEK-LGJNPRDNSA-N,Cc1ccc(/C=N/Nc2nc(N(C)C)nc3c2C(c2ccc([N+](=O)[O-])cc2)c2c(C)n[nH]c2N3)cc1,natural
MCSJ25_0073,KZAVRKCUYNPFSL-UHFFFAOYSA-N,C=CCc1cn(CC=C)c2cccc(C(=O)Oc3cncc(Cl)c3)c12,natural
SA51_0023,CPXPGFUBQYOVQL-UHFFFAOYSA-N,O=c1c2ccccc2sn1CCCc1ccccc1,natural
MCSJ25_0098,BOSZJNSICHFHMA-UHFFFAOYSA-N,O=C(Oc1cncc(Cl)c1)c1cccc2[nH]ccc12,natural
LY411575 ,YKETVOGYIZZFGR-UHFFFAOYSA-N,CN(Cc1ccccc1)C(=O)CSc1c[nH]c2c(Br)cccc12,natural
E-64,XZZLYYYXSWYYKL-UHFFFAOYSA-N,O=c1c2ccccc2sn1-c1ccc(Cl)cc1,natural
SA48_0004,LFMRWHCIESXQIW-UHFFFAOYSA-N,COc1cccc2[nH]c(C(=O)Oc3cncc(Cl)c3)cc12,natural
JBB20_0016,QPAMZFBGFIOWBO-UHFFFAOYSA-N,Cc1cccc(NC(=O)CSc2c[nH]c3ccccc23)c1,natural
JBB7_0012,KNURQGGJBBBYHV-UHFFFAOYSA-N,O=C(CN1C(C(=O)c2ccc(F)c(Cl)c2)C(=O)c2ccc(F)cc2S1(=O)=O)Nc1ccc(C(F)(F)F)cc1,natural
JBB7_0006,RIEQBAIORONNKN-RPPGKUMJSA-N,Cc1n[nH]c2c1C(c1ccc([N+](=O)[O-])cc1)c1c(N/N=C/c3ccc(Cl)cc3)nc(N(C)C)nc1N2,natural
GI254023X,XPSKUDGEBCYOOS-UHFFFAOYSA-N,COc1ccc2c(c1)C(=O)C(=O)N2Cc1cn(CC(=O)Nc2ccc([S+]([O-])ON)cc2)nn1,natural
J11_07,FATZKUQQYDHMNU-LNMRYCPJSA-N,COc1ccccc1CNC(=O)[C@@H]1CN2CCC1C[C@H]2Cn1cc(-c2cccc(O)c2)nn1,natural
JBB7_0007,NQSNTEYVKFJYTJ-VPGIWFEVSA-N,CC[C@H](C)[C@@H](NC(=O)CCc1ccccc1)C(=O)N[C@H](CCC(=O)OC)C(=O)N[C@@H](C(=O)N[C@H](CC(=O)OC)C(=O)CF)[C@@H](C)O,natural
JBB7_0013,CFVPWMXIGWWNAV-UHFFFAOYSA-N,O=C(NCCNC(=S)Nc1ccc(O)c(O)c1)c1cc(=O)c2c(O)cccc2o1,natural
JBB20_0017,TXCHUBHNNMCEIA-UHFFFAOYSA-N,COc1ccccc1CNC(=O)CSc1c[nH]c2ccccc12,natural
MCSJ16_0001,CYUHVRDTEYEWJT-GHRIWEEISA-N,CCS(=O)(=O)N(c1ccc(C(=O)/C=C2/C(=O)Nc3ccccc32)cc1)S(=O)(=O)CC,natural
Sapanisertib,HCWXJOREARTCJT-JTQLQIEISA-N,CC(=O)N1CSC[C@H]1C(=O)NCC(=O)OCCN1C(=O)C=CC1=O,natural
SA48_0005,PLMDWPOJRAYWPS-SUMWQHHRSA-N,CC(=O)N1CSC[C@H]1C(=O)N[C@H](C(=O)NCC(=O)OCCN1C(=O)C=CC1=O)C(C)(C)C,natural
MCSJ23_0003,XSTDJVKYGOVXQQ-KBXCAEBGSA-N,CC[C@H](NC(C)=O)C(=O)N[C@H](C(=O)NCC(=O)OCCCN1C(=O)C=CC1=O)C(C)(C)C,natural
MCSJ25_0072,WBRKFSSMEYRPGH-NSHDSACASA-N,CC[C@H](NC(C)=O)C(=O)NCC(=O)OCCCN1C(=O)C=CC1=O,natural
SA51_0022,WZECSTGWQTZCIY-SFQUDFHCSA-N,CCS(=O)(=O)N(c1ccc(C(=O)/C=C2/C(=O)Nc3ccc(Cl)cc32)cc1)S(=O)(=O)CC,natural
MCSJ25_0066,MFYVCHMRAJZMLR-UHFFFAOYSA-N,O=C(CSc1[nH]c2ccccc2c1SCC(=O)Nc1ccc(Cl)c(Cl)c1)Nc1ccc(Cl)c(Cl)c1,natural
RG2833 (RGFP109),VWYDFSSLCZLUGB-TZIBIFCZSA-N,CC[C@H](C)[C@H](N)C1=N[C@H](C(=O)N[C@@H](CC(C)C)C(=O)N[C@H](CCC(=O)O)C(=O)N[C@H](C(=O)N[C@H]2CCCCNC(=O)[C@H](CC(N)=O)NC(=O)[C@@H](CC(=O)O)NC(=O)[C@H](Cc3ncc[nH]3)NC(=O)[C@@H](Cc3ccccc3)NC(=O)[C@H]([C@@H](C)CC)NC(=O)[C@@H](CCCN)NC2=O)[C@@H](C)CC)CS1,natural
Z-FA-FMK,SXCZFXIYKMIMMF-UHFFFAOYSA-N,NO[S+]([O-])c1ccc(NC(=O)Cn2cc(CN3C(=O)C(=O)c4cc(F)ccc43)nn2)cc1,natural
MCSJ25_0058,CFHTXXKOTGPMQU-UHFFFAOYSA-N,CCOc1cccc(NC(=O)CSc2cn(C(=O)OC(C)(C)C)c3ccccc23)c1,natural
SA51_0008,SCOBQUKCPDSHPB-UHFFFAOYSA-N,O=c1c2ccccc2sn1Cc1ccco1,natural
SA51_0020,XBVPAGLILYEOGS-UHFFFAOYSA-N,C=CCn1ccc2c(C(=O)Oc3cncc(Cl)c3)cccc21,natural
MCSJ25_0070,VHCDTESYHOZJIB-UHFFFAOYSA-N,O=C(CSc1c[nH]c2c(Br)cccc12)N(Cc1ccccc1)Cc1ccccc1,natural
MCSJ22_0001,FZYRAOYAYPHAMW-UHFFFAOYSA-N,CCCN1C(=O)C(=O)c2cc(C(=O)OC)ccc21,natural
MCSJ23_0001,ZCJHLBHJGLCVRU-UHFFFAOYSA-N,O=C1C2C3C=CC(C3)C2C(=O)C2C3C=CC(C3)C12,natural
MCSJ16_0003,BTOVWCZBXBSAQA-UHFFFAOYSA-N,Cn1c(C(=O)NCCCNC(=O)n2cc(F)c(=O)[nH]c2=O)cc2ccccc21,natural
Leupeptin,LXCISDRRPFVQLC-AJNGGQMLSA-N,CSCC[C@H](NC(=O)[C@H](CCCCN)NC(=O)[C@H](CS)NC(C)=O)C(=O)N[C@@H](CS)C(N)=O,natural
MCSJ17_0003,VXYQVSHWFNVJAE-UHFFFAOYSA-N,O=C(O)c1cccc2c1NC(c1cccc(Br)c1)C1CC=CC21,natural
JBB14_0003,GWZBIBSVFWEANJ-UHFFFAOYSA-N,COc1cc2c(cc1F)C1(NCC2)C(=O)Nc2ccc(F)cc21,natural
JBB20_0029,YFGDWYKLGMSVNE-UHFFFAOYSA-N,Cc1cccn(O)c1=S,natural
JBB20_0015,HWKXYLQVRLBWNG-UHFFFAOYSA-N,CC(C)c1cnc2c(c1SCC(=O)Nc1ccc(F)cc1)c(=O)n(C)c(=O)n2C,natural
SA43_0004,UNCPYHNWMSLFFV-UHFFFAOYSA-N,Cc1cccc(C(=O)Oc2c(C)cccc2C(=O)Oc2cncc(Cl)c2)c1O,natural
JBB7_0005,OEVKRDQVDJTPII-UHFFFAOYSA-N,Cc1cc(O)c2c(c1)C(=O)c1c(NCCCN)c(O)cc(O)c1C2=O,natural
JBB7_0011,BBASZYFNPJOYPZ-UHFFFAOYSA-N,O=C(O)c1ccc(CSc2nc3cc(F)c(Oc4ccc(F)cc4)cc3[nH]2)cc1,natural
JBB7_0010,RYGJIKURQDMMQZ-IHOKFDBFSA-N,C[C@H](NC(=O)C(c1cccnc1)N(C(=O)c1ccco1)c1ccc(-c2ccccc2)cc1)c1ccccc1,natural
JBB7_0004,MPPXDRWYFZATIY-UHFFFAOYSA-N,O=C(c1cc(=O)[nH]c(=O)[nH]1)N1CCC(c2cc(Cl)c(Cl)c(Cl)c2)CC1,natural
SA43_0005,FFIQMOBVMCFVRF-GCJJNJNJSA-N,CC(=O)C1C(=O)C=C2Oc3c(-c4csc(N/N=C/c5ccc(Br)s5)n4)c(O)c(C)c(O)c3[C@@]2(C)C1=O,natural
JBB20_0014,QNTKVQQLMHZOKP-NEJDVEAASA-N,OC[C@H]1O[C@@](CO)(OC[C@@]2(OC[C@@]3(OC[C@@]4(O[C@H]5O[C@H](CO)[C@@H](O)[C@H](O)[C@H]5O)O[C@H](CO)[C@@H](O)[C@@H]4O)O[C@H](CO)[C@@H](O)[C@@H]3O)O[C@H](CO)[C@@H](O)[C@@H]2O)[C@@H](O)[C@@H]1O,natural
Remdesivir,UUVBJRJJCQBXEQ-UHFFFAOYSA-N,CC(C)(C)OC(=O)C1CCC(C(=O)Nc2nc3c(Cl)cccc3o2)CC1,natural
J11_27,BYUGVEOEFPQOBM-UHFFFAOYSA-N,Cc1cc(O)c2c(c1S(=O)(=O)O)C(=O)c1cc(O)cc(O)c1C2=O,natural
JBB14_0002,QWZUXAFHGWAEOX-UHFFFAOYSA-N,Cc1ccc(C(=O)Oc2cncc(Cl)c2)c(O)c1,natural
MCSJ16_0002,GKNNUFVSPINFPF-UHFFFAOYSA-N,Cc1ccc2c(Nc3ccc(F)cc3)c(C(=O)N3CCCCCC3)cnc2n1,natural
"2,6-Dihydroxybenzoic acid, 3TMS derivative",RCWJCTXRXJZSQK-UHFFFAOYSA-N,Cc1ccn(O)c(=S)c1,natural
MCSJ25_0065,XPATXODQXQXQDM-UHFFFAOYSA-N,COc1cc2c(cc1F)C1(NCC2)C(=O)Nc2ccc(Cl)cc21,natural
SA51_0021,CMKDXTIMQMLGFL-UHFFFAOYSA-N,COc1cc2c(cc1OC)C1(NCC2)C(=S)Nc2ccc(Cl)cc21,natural
MCSJ25_0071,IGKDWUOAKOWPTF-XMCUXHSSSA-N,CC(=O)N[C@@H](CS)C(=O)N1CCCC1C(=O)N[C@@H](CS)C(N)=O,natural
MCSJ25_0059,YQWFLPRHIACOBN-UHFFFAOYSA-N,O=C(NCCCNC(=O)n1cc(F)c(=O)[nH]c1=O)c1cc2ccccc2[nH]1,natural
SA51_0009,QDIMHKWNHMVDJB-WBAXXEDZSA-N,COc1cccc2[nH]c(C(=O)N[C@@H](CC(C)C)C(=O)N[C@@H](C[C@@H]3CCNC3=O)C(=O)CO)cc12,natural
SA1_0007,SIONLJQSJGOTQF-UHFFFAOYSA-N,CCCCN1C(=O)C(=O)c2cc(C(=O)OC)ccc21,natural
JBB18_0003,HENVEYFKOOGIOO-UHFFFAOYSA-N,COC(=O)c1ccc2c(c1)C(=O)C(=O)N2C,natural
SA53_0001,UPFRLUKDHMINPH-UHFFFAOYSA-N,CCCN1C(=O)C(=O)c2cc(C(N)=O)ccc21,natural
JBB47_0005,PEXDVTLKRDUWFO-UHFFFAOYSA-N,COc1cc2c(cc1F)C1(NCC2)C(=O)Nc2ccc(C)cc21,natural
SA10_0002,PKWLBFNBNSTQST-UHFFFAOYSA-N,O=C(O)c1ccccc1C(=O)Nc1ccc(-c2nnc(-c3ccccc3)o2)cc1,natural
SA38_0005,GKWQAKBXTSURPB-YGIYOFKLSA-N,CN[C@@H]1[C@H](O[C@@H]2[C@H](O[C@H]3[C@H](O)[C@@H](CP(=O)(O)O)[C@H](N=C(N)N)[C@@H](O)[C@@H]3N=C(N)N)O[C@@H](O)[C@]2(O)CCP(=O)(O)O)O[C@@H](CO)[C@H](O)[C@H]1O,natural
MCSJ20_0008,GBVXANLRSHPVHG-DUCMRRHSSA-N,CC(=O)C1C(=O)C=C2Oc3c(-c4csc(N/N=C/c5sccc5C)n4)c(O)c(C)c(O)c3[C@@]2(C)C1=O,natural
MCSJ21_0008,IUVWGSZCNPXIOJ-NGYBGAFCSA-N,Cc1cc([N+](=O)[O-])c(-c2ccc(/C=N/NC(=O)c3nonc3N)o2)cc1Cl,natural
JBB1_0006,SAFVOXFFNIPXBI-JMDOFIGRSA-N,Cc1oc2nc1C(=O)N[C@](C)(C(=O)NC1CCCN(c3ccc(CCN)cc3)C1)c1nc(c(C)o1)C(=O)N[C@](C)(C(=O)NC1CCN(c3ccc(CCN)cc3)CC1)c1nc(c(C)o1)C(=O)N[C@]2(C)C(=O)NC1CCN(c2ccc(CCN)cc2)CC1,natural
SA44_0013,NTNYHMJYSGPGCQ-UHFFFAOYSA-N,NC(=O)c1ccc2c(c1)C(=O)C(=O)N2Cc1ccc2ccccc2c1,natural
SA44_0012,HPKJGHVHQWJOOT-ZJOUEHCJSA-N,O=C[C@H](C[C@@H]1CCNC1=O)NC(=O)[C@H](CC1CCCCC1)NC(=O)c1cc2ccccc2[nH]1,natural
JBB12_0001,AKYONPXEPTZZJI-SAMNPIAGSA-N,Cc1oc2nc1C(=O)N[C@](C)(C(=O)Nc1cc(N(C)C)ccc1CCN)c1nc(c(C)o1)C(=O)N[C@](C)(C(=O)Nc1cc(N(C)C)ccc1CCN)c1nc(c(C)o1)C(=O)N[C@]2(C)C(=O)Nc1cc(N(C)C)ccc1CCN,natural
MCSJ58_0001,OYTNHSXZOSSYJN-CNHKJKLMSA-N,Cc1cc(-c2ccc(/C=N/NC(=O)Cn3nnnc3N)o2)c([N+](=O)[O-])cc1C,natural
J11_57,YGFVTMGDFIQLFQ-DUCMRRHSSA-N,CC(=O)C1C(=O)C=C2Oc3c(-c4csc(N/N=C/c5ccc(C)s5)n4)c(O)c(C)c(O)c3[C@@]2(C)C1=O,natural
JBB1_0007,HNNDUVLZXRMTPS-ALYQPIBKSA-N,OC[C@H]1O[C@H](O[C@H]2O[C@H](CO)[C@@H](O)[C@H](O)[C@H]2O[C@H]2O[C@H](CO)[C@@H](O)[C@H](O)[C@H]2O[C@H]2O[C@H](CO)[C@@H](O)[C@H](O)[C@H]2O[C@H]2O[C@H](CO)[C@@H](O)[C@H](O)[C@H]2O[C@H]2O[C@H](CO)[C@@H](O)[C@H](O)[C@H]2O)[C@H](O)[C@@H](O)[C@@H]1O,natural
MCSJ21_0009,RAKAPPJABUBSGD-UHFFFAOYSA-N,O=C(CC12CC3CC(CC(C3)C1)C2)C(=O)Nc1cccc(OCCCN2CCOCC2)c1,natural
MCSJ20_0009,RWEBGWSVJMVETK-UHFFFAOYSA-N,COc1cc2c(cc1F)C1(NCC2)C(=O)Nc2c(Br)cc(Br)cc21,natural
SA38_0004,BSPZFJDYQHDZNR-ASPXRTSYSA-N,CC(C)C[C@H](NC(=O)OCc1ccccc1)C(=O)N[C@@H](CC1CCNC1=O)C(O)S(=O)(=O)O,natural
SA10_0003,UJCHIZDEQZMODR-BYPYZUCNSA-N,CC(=O)N[C@@H](CS)C(N)=O,natural
"Nordazepam, TMS derivative",VDNGDPGHZKPFHH-UHFFFAOYSA-N,NC(=O)c1ccc2c(c1)C(=O)C(=O)N2Cc1cc2ccccc2s1,natural
JBB47_0004,DKYBERVCUALHHG-UHFFFAOYSA-N,CCCCN1C(=O)C(=O)c2cc(I)ccc21,natural
JBB47_0010,QXWSJHHADNHGQN-UHFFFAOYSA-N,COc1ccccc1CNC(=O)CSc1cn(C)c2ccccc12,natural
Chloramphenicol succinate,ZRTLOGMPZXDOQV-AUOPALFESA-N,COc1ccc2c(c1)c(CC(=O)NCCCCCCC(=O)N[C@H](C(=O)C1N[C@H](C(=O)N[C@@H](C)c3ccc(-c4scnc4C)cc3)C[C@H]1O)C(C)(C)C)c(C)n2C(=O)c1ccc(Cl)cc1,natural
JBB18_0002,QWTUCZRORXAMPV-UHFFFAOYSA-N,O=C1C(=O)N(CN2CCOCC2)c2ccc(Cl)cc21,natural
Aloin (Barbaloin),SWBHRTWJNUKJGX-RNFRBKRXSA-N,CC(=O)N[C@H](CS)C(=O)NCC(=O)N[C@H](CS)C(N)=O,natural
JBB19_0002,GKDZSGOSTQSGNT-UHFFFAOYSA-N,CC(C)Cn1c(C(=O)NCCCNC(=O)n2cc(F)c(=O)[nH]c2=O)cc2cc(C(F)(F)F)ccc21,natural
J11_16,PXPZZZZQRNCWHX-UHFFFAOYSA-N,CC(C)Cn1c(C(=O)NCCCNC(=O)n2cc(F)c(=O)[nH]c2=O)cc2ccccc21,natural
MCSJ25_0003,QEQGAIPVZYHYPA-UHFFFAOYSA-N,COc1ccc2c(c1OC)CCNC21C(=O)Nc2ccc(F)cc21,natural
SA1_0006,WFUZYNUZYKCZJW-UHFFFAOYSA-N,COc1cccc(-c2ccnc3nc(N4CCCCC4)[nH]c(=O)c23)c1,natural
MCSJ25_0017,NYCMWBOOSPXSNB-UHFFFAOYSA-N,Cc1ccc(=S)n(O)c1,natural
SA1_0004,KJJOZDJMVAQFFW-WOQJSSNBSA-N,CCCCCCCCCCCCCCCC(C)Cc1nnc(SCC(O)CO)n1/N=C/c1cn(Cc2ccccc2)c2ccccc12,natural
MCSJ25_0015,GBFDUEHBZPUKMB-VIZOYTHASA-N,NC(=S)N/N=C/c1ccc(-c2ccc(C(=O)O)cc2)o1,natural
MCSJ25_0029,NOKOJEOPQLLCNL-ZDCRTTOTSA-N,Cc1oc2nc1C(=O)N[C@](C)(C(=O)OC(C)C)c1nc(c(C)o1)C(=O)N[C@](C)(C(=O)OC(C)C)c1nc(c(C)o1)C(=O)N[C@]2(C)C(=O)OC(C)C,natural
J11_36,UWCNYUKPPQGNMZ-LZYBPNLTSA-N,COc1ccc(-c2ccc(/C=N/NC(N)=S)o2)cc1OC,natural
JBB47_0006,HCURYSQJGREHOP-FRKPEAEDSA-N,N#Cc1cc(-c2ccc(/C=N/NC(N)=S)o2)ccc1O,natural
JBB1_0005,WZBUVKGUABINJT-ZVHZXABRSA-N,Cc1c(NC(=S)N/N=C/c2ccc(-c3ccc([N+](=O)[O-])cc3)o2)c(=O)n(-c2ccccc2)n1C,natural
J11_20,JGJJCXBQYAWUFV-CJNGLKHVSA-N,[C-]#[N+]c1ccc(CNC(=O)[C@@H]2CCC[C@H](Nc3nc(C)nc(NC)n3)C2)c(C(F)(F)F)c1,natural
MCSJ58_0003,KVLOEFKBTCCASR-UHFFFAOYSA-N,Cc1cccc(=S)n1O,natural
JBB12_0003,RGWVVEFOFSTTPY-UHFFFAOYSA-N,Cc1cc(C)c2c(N3CCCC3)nc(C(=O)N3CCCCC3)nc2n1,natural
SA44_0038,VJJXLMKFVBUDIS-UHFFFAOYSA-N,CN1C(=O)C2(NCCc3cc4c(cc32)OCCO4)c2cc(Cl)ccc21,natural
SA45_0004,SNJXBRHNYDZGKX-UHFFFAOYSA-N,CCn1c(C(=O)NCCCNC(=O)n2cc(F)c(=O)[nH]c2=O)cc2ccccc21,natural
SA44_0010,GMABJXHOHFHSLT-AJNGGQMLSA-N,CSCC[C@H](NC(=O)[C@H](CS)NC(C)=O)C(=O)N[C@@H](CCCCN)C(=O)N[C@@H](CS)C(N)=O,natural
SA44_0004,NAXBTMOXVUBTMT-UHFFFAOYSA-N,CC(C)Cn1c(C(=O)NCCCNC(=O)n2cc(F)c(=O)[nH]c2=O)cc2cc(F)ccc21,natural
SA45_0005,QLDDTGDDLGYCQR-UHFFFAOYSA-N,O=C1C(=O)N(CN2CCOCC2)c2ccc([N+](=O)[O-])cc21,natural
SA44_0039,UTASNHDUPWMLJY-FIZWSPBBSA-N,COc1ccc2c(c1)c(CC(=O)NCCN1CCN(C(=O)CCC(=O)N[C@H](C(=O)C3N[C@H](C(=O)N[C@@H](C)c4ccc(-c5scnc5C)cc4)C[C@H]3O)C(C)(C)C)CC1)c(C)n2C(=O)c1ccc(Cl)cc1,natural
JBB12_0002,FDVVVCKJTOJTHY-UHFFFAOYSA-N,Cn1cc(SCC(=O)NCc2ccc(Cl)c(Cl)c2)c2ccccc21,natural
MCSJ58_0002,FHXKQEFQCDBMSD-UHFFFAOYSA-N,CCCN1C(=O)C(=O)c2cc(I)ccc21,natural
JBB1_0004,RPMOZTXHJDAKOV-UHFFFAOYSA-N,O=c1sc2ccccc2n1Cc1ccccc1,natural
JBB47_0007,MHGOPQDELUOKPE-UHFFFAOYSA-N,O=C1C(=O)N(CO)c2ccccc21,natural
SA21_0008,CIONIIWSVPYOSP-UHFFFAOYSA-N,O=C(NCCCNC(=O)n1cc(F)c(=O)[nH]c1=O)c1cc2ccccc2n1Cc1ccccc1,natural
JBB18_0001,OEBVSVQILHVAJO-UHFFFAOYSA-N,CC(C)Cn1c(C(=O)NCCCNC(=O)n2cc(F)c(=O)[nH]c2=O)cc2cc(OC(F)(F)F)ccc21,natural
MCSJ25_0028,XUNUNZAURVDKGP-SRVKXCTJSA-N,CC(=O)N[C@@H](CS)C(=O)N[C@@H](Cc1ccc(O)c(O)c1)C(=O)N[C@@H](CS)C(N)=O,natural
J22_03,JTSLALYXYSRPGW-UHFFFAOYSA-N,N#Cc1ccc(-c2cnc3[nH]cc(NC(=O)c4cccnc4)c3c2)cc1,natural
MCSJ25_0014,RGLIAWGLDXUKKZ-UHFFFAOYSA-N,On1c(=S)ccc2ccccc21,natural
MCSJ25_0038,LOQOGNHVALJWKW-UHFFFAOYSA-N,CON(C)C(=O)C(=O)N(C)c1ccc(NC(=O)CC23CC4CC(CC(C4)C2)C3)cc1,natural
J22_02,SSFMNWVQVIILOH-YWIBTEMISA-N,CCCCCCCCCCCCCCCC(C)Cc1nnc(SCCO)n1/N=C/c1cn(Cc2ccccc2)c2ccccc12,natural
MCSJ25_0004,IDBWWEGDLCFCTD-VNEMRZQUSA-N,Cc1cc(C(=O)N[C@@H](C)C(=O)N[C@H](C(=O)N[C@@H](CC(C)C)C(=O)N[C@H](/C=C/C(=O)OCc2ccccc2)C[C@@H]2CCNC2=O)C(C)C)no1,natural
MCSJ25_0010,FBRLIBPBDRBKDM-HJOGWXRNSA-N,Cc1oc2nc1C(=O)N[C@](C)(C(=O)O)c1nc(c(C)o1)C(=O)N[C@](C)(C(=O)O)c1nc(c(C)o1)C(=O)N[C@]2(C)C(=O)O,natural
JBB18_0005,GBFDUEHBZPUKMB-VIZOYTHASA-N,NC(=S)N/N=C/c1ccc(-c2ccc(C(=O)O)cc2)o1,natural
JBB19_0011,SIWCXZAWSGRAIS-VJOZVQJDSA-N,Cc1oc2nc1C(=O)N[C@](C)(C(=O)Nc1cccc(CCN)c1)c1nc(c(C)o1)C(=O)N[C@](C)(C(=O)Nc1cccc(CCN)c1)c1nc(c(C)o1)C(=O)N[C@]2(C)C(=O)Nc1ccc(CCN)cc1,natural
JBB19_0005,FYEGXKYSNJHGJJ-FRKPEAEDSA-N,NC(=O)c1ccc(-c2ccc(/C=N/NC(N)=S)o2)cc1,natural
JBB47_0003,ROOAWSGVWLPDFX-XWGVYQGASA-N,CC(C)(C)OC(=O)Nc1cccn(C(=O)N[C@@H](CC2CC2)C(=O)N[C@@H](C[C@@H]2CCNC2=O)C(=O)C(=O)NCc2ccccc2)c1=O,natural
SA38_0003,VJTLXWPIIWQBLS-VLNAADLNSA-N,CC(=O)C1C(=O)C=C2Oc3c(-c4csc(N/N=C/c5cccs5)n4)c(O)c(C)c(O)c3[C@@]2(C)C1=O,natural
SA10_0004,LJFHPWXJDBHGHG-UHFFFAOYSA-N,Cc1ccc(S(=O)(=O)N2CCC(C(=O)NC3CCCCCC3)CC2)c(C)c1,natural
Hydroxychloroquine,QSOTWVWXSUXKJA-UHFFFAOYSA-N,CC1CCN(c2nc3ncn(-c4ccccc4)c(=S)c3c(=O)[nH]2)CC1,natural
MCSJ33_0002,RTPXYUZLLYULJQ-UHFFFAOYSA-N,On1ccc2ccccc2c1=S,natural
SA44_0015,CJTVDIBZBUWIFC-UHFFFAOYSA-N,COc1ccc(-c2cnc3[nH]cc(C#Cc4cccnc4)c3c2)cc1OC,natural
SA45_0001,YCEZTGFHPHYSGF-UHFFFAOYSA-N,CC(C)Cc1ccc(C(C)C(=O)Oc2cncc(Cl)c2)cc1,natural
SA44_0029,KXTFBCOEROZFIG-UHFFFAOYSA-N,O=C1Nc2c(Br)cc(Br)cc2C12NCCc1cc3c(cc12)OCCO3,natural
SA44_0028,YHWUKRCQVMSDIV-UHFFFAOYSA-N,Cc1ccc2c(c1)cc(C(=O)NCCCNC(=O)n1cc(F)c(=O)[nH]c1=O)n2CC(C)C,natural
SA44_0014,ZRUIMDMDIRQCKV-UHFFFAOYSA-N,O=C1C(=O)N(CN2CCOCC2)c2ccccc21,natural
JBB1_0001,AFZSMODLJJCVPP-UHFFFAOYSA-N,c1ccc2sc(SSc3nc4ccccc4s3)nc2c1,natural
J11_21,FVRVCKWJOSBBDD-UHFFFAOYSA-N,CN1C(=O)C(=O)c2cc(I)ccc21,natural
SA10_0005,HXHWSAZORRCQMX-UHFFFAOYSA-N,CCCSc1ccc2nc(NC(=O)OC)[nH]c2c1,natural
SA38_0002,ASVPWOBASOPKEC-IIBYNOLFSA-N,C[C@@]1(O)CCN(C(=O)CCCc2nc3ccccc3[nH]2)C[C@H]1n1ccc(=O)[nH]c1=O,natural
Aminophenazone,WOZSCQDILHKSGG-UHFFFAOYSA-N,CC(C)(C)C(=O)OCOP(=O)(COCCn1cnc2c(N)ncnc21)OCOC(=O)C(C)(C)C,natural
JBB47_0002,JDEUJNQLQIMIJM-YMTOWFKASA-N,C[C@@]1(O)CN(C(=O)CCC(=O)O)CC[C@H]1n1ccc(=O)[nH]c1=O,natural
JBB19_0004,VSQQQLOSPVPRAZ-DSYKOEDSSA-N,O=c1[nH]c(=O)n([C@H]2C[C@@H](O)[C@H](CO)O2)cc1C(F)(F)F,natural
JBB18_0004,SQANVQYLDPEULW-ZHKQUFGTSA-N,CC(C)c1nc(CNC(=O)N[C@@H](C(=O)N[C@H](Cc2ccccc2)C[C@H](O)[C@@H](Cc2ccccc2)NC(=O)OCc2cncs2)C(C)C)cs1,natural
JBB19_0010,CSKDFZIMJXRJGH-DEPYFDJDSA-N,O=C(NN1C(=O)[C@H]2[C@@H]3C=C[C@@H]([C@@H]4C[C@H]34)[C@@H]2C1=O)c1ccc(C(F)(F)F)cc1,natural
MCSJ25_0011,QDGZDCVAUDNJFG-PRJMDXOYSA-N,C=C1[C@@H](CO)[C@@H](O)C[C@H]1n1cnc2c(=O)[nH]c(N)nc21,natural
MCSJ25_0005,GMEYOGCJRWNADB-YUKKFKLSSA-N,Nc1nc(N)c2c(n1)O[C@@]1(COCCN(C(=O)/C=C/C(=O)O)C1)C2,natural
J11_60,UDTJYKKDSCDXBX-ZIMYNFRDSA-N,C[C@@H](O)[C@@H]1C(=O)N2C(C(=O)O)=C(O[C@H]3CN[C@@H](C(=O)Nc4cccc(C(=O)O)c4)C3)C[C@H]12,natural
MCSJ25_0039,RHWKPHLQXYSBKR-BMIGLBTASA-N,C[C@@H]1CCO[C@H]2Cn3cc(C(=O)NCc4ccc(F)cc4F)c(=O)c(O)c3C(=O)N12,natural
J11_17,KEJCWVGMRLCZQQ-GHLMCRBVSA-N,CO/N=C(\C(=O)N[C@H]1C(=O)N2C(C(=O)O[C@H](C)OC(C)=O)=C(COC(N)=O)CS[C@H]12)c1ccco1,natural
MCSJ25_0013,RXZBWNGUTUDXCB-MEBBXXQBSA-N,Cc1cn([C@@H]2CN(C(=O)CCC(=O)O)CC[C@@]2(C)O)c(=O)[nH]c1=O,natural
SA1_0002,BCEHBSKCWLPMDN-QFYYESIMSA-N,C[C@@H](c1ncncc1F)[C@@](O)(Cn1cncn1)c1ccc(F)cc1F,natural
MCSJ25_0007,LCQXIDKTBJQMLZ-CQSZACIVSA-N,Cc1cn([C@@H]2CCCN(C(=O)OCc3nc4ccccc4n3C)C2)c(=O)[nH]c1=O,natural
JBB19_0006,HBKNVIRXFLPDKH-XOBRGWDASA-N,C[C@]1(O)CCN(C(=O)CCCN2C(=O)NC3(CCCC3)C2=O)C[C@@H]1n1ccc(=O)[nH]c1=O,natural
JBB19_0012,OHKOGUYZJXTSFX-JXVAYASWSA-N,CC1(C)S[C@@H]2[C@@H](NC(=O)[C@H](C(=O)O)c3ccsc3)C(=O)N2[C@@H]1C(=O)O,natural
JBB18_0006,IWUCXVSUMQZMFG-UOPPWDSKSA-N,NC(=O)c1ncn([C@H]2O[C@@H](CO)[C@H](O)[C@H]2O)n1,natural
J11_40,ONERCQLZGHDOTI-UONOGXRCSA-N,NCCCCC(=O)N1C[C@@H](O)[C@@H](n2ccc3c(C(N)=O)ccnc32)C1,natural
SA5_0008,ALERUQYUFZBIHS-JPYJTQIMSA-N,Cc1cc2nc(CCC(=O)N3CC[C@](C)(O)[C@H](n4cc(C)c(=O)[nH]c4=O)C3)[nH]c2cc1C,natural
SA10_0007,YUAAOPBFCUAMJG-VBKZILBWSA-N,C[C@@]1(O)CCN(C(=O)c2cccc(OCC(=O)O)c2)C[C@@H]1n1cnc2c(N)ncnc21,natural
J11_56,NFROZTBQJQWVRS-QRWLVFNGSA-N,Cc1ccc2nc(OCC(=O)N3CC[C@](C)(O)[C@H](n4ccc(=O)[nH]c4=O)C3)[nH]c2c1,natural
JBB1_0003,HOXAYMWMKBXYJG-OILHZVAOSA-N,Cc1ccc2c(c1)OC(C)(C)[C@@H]1C[C@@H]3CN(C(=O)COCC(=O)O)CC[C@H]3O[C@@H]21,natural
MCSJ33_0001,WPVFJKSGQUFQAP-RKDXNWHRSA-N,CC(C)[C@@H](N)C(=O)OC[C@@H](CO)OCn1cnc2c(=O)[nH]c(N)nc21,natural
J11_01,GQBGFQRZBCABJE-CABCVRRESA-N,Cc1ccc2[nH]c(COCC(=O)N3C[C@@H](n4cnc5c(N)ncnc54)[C@@H](O)C3)nc2c1,natural
SA44_0002,VVTCGQGHJYBJLX-MISXGVKJSA-N,Nc1ncnc2c1ncn2[C@@H]1CCCC[C@H](NCCCC(=O)O)[C@H]1O,natural
SA45_0002,JNVHYRKCRHIEMR-LZWOXQAQSA-N,NCCOc1cccc(C(=O)N2C[C@@H](O)[C@@H](N3CN=C4C3=NC=N[C@@H]4N)C2)c1,natural
SA44_0016,IWOVIOGQWDMTHH-IERDGZPVSA-N,Cc1cn([C@@H]2CN(C(=O)COc3nc4ccccc4n3C)CC[C@]2(C)O)c(=O)[nH]c1=O,natural
Indinavir,PQWCWNXJULEGDW-BDJLRTHQSA-N,Cc1cn([C@@H]2CN(C(=O)CCCC(=O)O)CC[C@@]2(C)O)c(=O)[nH]c1=O,natural
SA45_0003,UMQDQRMAFULSCM-RNJXMRFFSA-N,Cc1cn([C@@H]2C[C@H](N=[N+2]#N)[C@@H](CO[P@@](=O)(O)O[P@@](=O)(O)O[P+](=O)(=O)[O-])O2)c(=O)[nH]c1=O,natural
SA44_0017,ZPRUSEUEAPKMBP-JSGCOSHPSA-N,Cc1[nH]c(=O)[nH]c1C(=O)CCCCC(=O)N1C[C@H](O)[C@@H](n2cc(C)c(=O)[nH]c2=O)C1,natural
SA44_0003,SLLFACHWAOAFMT-UHFFFAOYSA-N,CCOc1ccc(CCC(=O)O)cc1-c1cc(-c2ccc(F)cc2)n(Cc2ccccc2)n1,natural
JBB12_0004,BCEHBSKCWLPMDN-QFYYESIMSA-N,C[C@@H](c1ncncc1F)[C@@](O)(Cn1cncn1)c1ccc(F)cc1F,natural
JBB1_0002,LSQZJLSUYDQPKJ-RMIALFOJSA-N,CC1(C)S[C@H]2[C@@H](NC(=O)[C@@H](N)c3ccc(O)cc3)C(=O)N2[C@H]1C(=O)O,natural
Ornidazole,XNKLLVCARDGLGL-HTQZYQBOSA-N,Cc1cn([C@H]2C=C[C@H](CO)O2)c(=O)[nH]c1=O,natural
SA38_0001,XQSPYNMVSIKCOC-RITPCOANSA-N,Nc1nc(=O)n([C@H]2CS[C@@H](CO)O2)cc1F,natural
SA10_0006,IASPBORHOMBZMY-UHFFFAOYSA-N,O=C(Nc1ccccc1-c1cn2c(CN3CCNCC3)csc2n1)c1cnc2ccccc2n1,natural
SA5_0009,FRACPXUHUTXLCX-DDKRZIBASA-N,CC(C)(C)OC(=O)Nc1cccn([C@@H](CC2CC2)C(=O)N[C@@H](C[C@H]2CCNC2=O)[C@@H](O)C(=O)NCc2ccccc2)c1=O,natural
MCSJ20_0018,BYPKBFGNLXCERX-CHWSQXEVSA-N,O=C(O)COc1cccc(C(=O)N2C[C@@H](O)[C@H](n3cc(Cl)c(=O)[nH]c3=O)C2)c1,natural
JBB47_0001,ORFOPKXBNMVMKC-SYODWGPNSA-N,CC(C)(O/N=C(\C(=O)N[C@H]1C(=O)N2C(C(=O)O)=C(C[n+]3ccccc3)CS[C@H]12)c1csc(N)n1)C(=O)[O-],natural
JBB19_0007,IQFYYKKMVGJFEH-GJMOJQLCSA-N,Cc1cn([C@H]2C[C@@H](O)[C@H](CO)O2)c(=O)[nH]c1=O,natural
MCSJ25_0006,HEFNNWSXXWATRW-JTQLQIEISA-N,CC(C)Cc1ccc([C@H](C)C(=O)O)cc1,natural
SA1_0003,UFTYLSAJFHNBJK-LURJTMIESA-N,C[C@@H](OCCn1cnc2c(N)ncnc21)P(=O)(O)O,natural
MCSJ25_0012,LAHWUFPJEOEXLA-PSTGCABASA-N,Cc1cn(C[C@]2(O)CC[C@@H](N(C)C(=O)CCC(=O)O)C[C@H]2O)c(=O)[nH]c1=O,natural
J08_09-S,ZUGCRBMNFSAUOC-YRNVUSSQSA-N,COc1cc(O)c(C(=O)/C=C/c2ccc(O)cc2)cc1CC=C(C)C,synthetic
J19_13,HCQUMJYLWCSLLR-QYWGDWMGSA-N,COc1c(C(C)C)cc2c(c1O)[C@@]1(C)CCCC(C)(C)[C@@H]1C[C@@H]2O,synthetic
J03_02-E,RHMXXJGYXNZAPX-UHFFFAOYSA-N,Cc1cc(O)c2c(c1)C(=O)c1cc(O)cc(O)c1C2=O,synthetic
J08_69,AJHWPFYAIBXMKJ-JCGIZDLHSA-N,CC1=C[C@]2(O)CC[C@H]3C(C)(C)CCC[C@]3(C)C2=CC1=O,synthetic
J02_34,DWDOXTINEVOYSV-FFZOFVMBSA-N,CC(C)C1=C[C@]2(O)CC[C@H]3C(C)(C)CCC[C@]3(C)C2=CC1=O,synthetic
JBB20_0030,JIPPMKUXMDLGCD-YRNDCAJDSA-N,CC(=O)O[C@@H]1C(=O)[C@@H]2CC[C@@H]3[C@]1(C2)C(=O)[C@@H](O)[C@@H]1C(C)(C)C[C@]2(O)C(=O)OC[C@@]132,synthetic
J01_24,UCOLOGFFOJGXGN-HEPPIXLFSA-N,CC1=CC[C@@H]2[C@@H](C1)c1c(/C=C/c3ccc(O)cc3)cc(O)cc1OC2(C)C,synthetic
J03_19,HICKZJMJOXACIR-UHFFFAOYSA-N,COc1cc(OC)c2c(c1)C(=O)c1cc(C)cc(OC)c1C2=O,synthetic
MCSJ47_0001,UPBJEHBYZUPVDF-JUALLIRVSA-N,COc1cc([C@@H]2CC(=O)c3c(cc(O)c(C/C=C(\C)CCC=C(C)C)c3O)O2)cc(OC)c1O,synthetic
aR-Turmerone,GTEXSOHUVFEXMJ-BGEOSOQGSA-N,CC1=CC[C@@H]2[C@@H](C1)c1c(O)cc(/C=C/c3ccc(O)cc3)cc1OC2(C)C,synthetic
Retinal,RQJGBVDTAFXEIJ-UHFFFAOYSA-N,Cc1c(-c2ccc(O)c(O)c2)oc2cc(O)cc(O)c2c1=O,synthetic
JBB44_0001,WPZLJHVSIPEPJH-UAAWYHEHSA-N,CC[C@H](C)C[C@@H](C)/C=C(\C)[C@@]1(C)O[C@@](C)(c2c3c(cn(C)c2=O)[C@@]2(OC)CCC(=O)C[C@H]2O3)CC[C@H]1C,synthetic
J02_22,ICCCTINORQADKA-UHFFFAOYSA-N,CC(c1ccc(O)c(O)c1)c1cc(=O)c2c(O)cccc2o1,synthetic
Betulin,QHCQSGYWGBDSIY-HZPDHXFCSA-N,CCCCc1cc(O)c2c(c1)OC(C)(C)[C@@H]1CCC(C)=C[C@@H]21,synthetic
Germacrene D,CKSUSXRQDWUSGT-QGGQDBDUSA-N,C=C1CC[C@H]2[C@@](C)(CCC[C@]2(C)C(=O)O)[C@@H]1C/C=C(\C)[C@@H]1CCc2c(O)c(CC3C(=O)C(C(C)=O)C(=O)C(C)(C)C3=O)c(O)c(C(=O)CCC)c2C1,synthetic
Tryptanthrine,UAXIYOKLPAVKKO-VEZXFZPBSA-N,O=C1C[C@H](c2ccc(O)cc2)c2c(cc(O)c3c2O[C@H](c2ccc(O)c(O)c2)[C@H](OC(=O)c2cc(O)c(O)c(O)c2)C3)O1,synthetic
J08_28,IEPKWJCBNGNVDF-WQIPHUEGSA-N,COc1cc(-c2oc3cc(O)cc(O)c3c(=O)c2O[C@@H]2O[C@H](CO[C@@H]3O[C@@H](C)[C@H](O)[C@@H](O)[C@H]3O)[C@@H](O)[C@H](O)[C@H]2O)cc(O)c1O,synthetic
JBB41_0023,KJXSIXMJHKAJOD-GJZGRUSLSA-N,O=C1c2c(O)cc(O)cc2O[C@@H](c2cc(O)c(O)c(O)c2)[C@H]1O,synthetic
SA50_0005,USVIPPRFYRVOQB-SXUAVWAJSA-N,CCN1C(=O)CCC1c1c(O)cc(O)c2c1O[C@@H](c1cc(O)c(O)c(O)c1)[C@@H](OC(=O)c1cc(O)c(O)c(O)c1)C2,synthetic
J19_05,XGAIRODEJLQNBI-UHFFFAOYSA-N,O=c1c(CCC2CO2)c(-c2ccc(O)c(O)c2)oc2cc(O)cc(O)c12,synthetic
J02_08-E,WPZLJHVSIPEPJH-UAAWYHEHSA-N,CC[C@H](C)C[C@@H](C)/C=C(\C)[C@@]1(C)O[C@@](C)(c2c3c(cn(C)c2=O)[C@@]2(OC)CCC(=O)C[C@H]2O3)CC[C@H]1C,synthetic
J01_12,XPHFOBQVOVBHDP-SCMBCXDZSA-N,CC[C@H](C)C[C@@H](C)/C=C(\C)[C@@]1(C)O[C@@](C)(c2c3c(cn(C)c2=O)[C@@]2(OC)CCC(OC)(OC)C[C@H]2O3)CC[C@H]1C,synthetic
JBB41_0009,HAHYQYHDHMZCIB-UHFFFAOYSA-N,O=c1c(COCCO)c(-c2ccc(O)c(O)c2)oc2cc(O)cc(O)c12,synthetic
JBB41_0021,CKSUSXRQDWUSGT-RZNGMERMSA-N,C=C1CC[C@H]2[C@@](C)(CCC[C@]2(C)C(=O)O)[C@@H]1C/C=C(\C)[C@H]1CCc2c(O)c(CC3C(=O)C(C(C)=O)C(=O)C(C)(C)C3=O)c(O)c(C(=O)CCC)c2C1,synthetic
J12_02,USVIPPRFYRVOQB-STYNEHFQSA-N,CCN1C(=O)CCC1c1c(O)cc(O)c2c1O[C@H](c1cc(O)c(O)c(O)c1)[C@H](OC(=O)c1cc(O)c(O)c(O)c1)C2,synthetic
J02_02,OISNUAGADFFZMC-CHXLFPOFSA-N,CCN1C(=O)CC[C@@H]1c1c(O)cc2c(c1O)C[C@@H](OC(=O)c1cc(O)c(O)c(O)c1)[C@@H](c1ccc(O)c(O)c1)O2,synthetic
"Ergosta-5,24(28)-dien-3-ol, (3.beta)-",PATPZEUUPZHPHI-ITUUZZBWSA-N,C[C@H]1CC[C@@H]2[C@@H](C(=O)c3c(O)c([C@]4(O)CCC(O)(O)[C@@H]5O[C@@H]54)c[nH]c3=O)[C@@H](C)C=C[C@H]2C1,synthetic
J08_08,JWPZQWKMASEBNO-SQMJIZMMSA-N,O=C(/C=C/c1ccc(O)c(O)c1)O[C@@H]1Cc2c(O)cc(O)cc2O[C@@H]1c1ccc(O)c(O)c1,synthetic
J18_08,PELKIIPDZWDSKX-ZBKNUEDVSA-N,CC(C)(O)C1Cc2cc(/C=C3\OC(=O)C(c4cc5c(cc4O)OC(C)(C)C(O)C5)C3=O)ccc2O1,synthetic
ZINC3978800,WPZLJHVSIPEPJH-XNPWINIOSA-N,CC[C@H](C)C[C@@H](C)/C=C(\C)[C@@]1(C)O[C@@](C)(c2c3c(cn(C)c2=O)[C@@]2(OC)CCC(=O)C[C@H]2O3)CC[C@@H]1C,synthetic
Lenalidomide,YXWXVUSGNDTEJY-LRXDAGSUSA-N,C[C@@H]1C[C@H](C)[C@H]2c3c(ccn(O)c3=O)O[C@H](C)[C@@]2(C)C1,synthetic
JBB20_0026,KQMVAGISDHMXJJ-UHFFFAOYSA-N,COc1cc(O)c2c(=O)c(-c3ccc(O)cc3)coc2c1,synthetic
J01_04,JGEWWECZHHEMFT-ZLONGOGWSA-N,CC[C@H](/C=C/C=C/C=C/C(=O)c1c(O)c(C2=CCC(O)CC2)cn(O)c1=O)CO,synthetic
J08_49,WIRRQLQRDSREEG-UHFFFAOYSA-N,O=c1oc2cc(O)cc(O)c2c2oc3cc(O)ccc3c12,synthetic
J03_20-Z,DJQRTLNVHQQQCS-FYOYPEGLSA-N,CC(C)C[C@H](NC(=O)OCc1ccccc1)C(=O)N[C@@H](CC1CCNC1=O)C(C)S(=O)(=O)O,synthetic
J02_14,DWCXXICTUDDKTB-JQWIXIFHSA-N,CC1=CC(=O)[C@@]2(O[C@H]2C(=O)CC(C)C)C(=O)N1,synthetic
Mercaptopurine,PVMAFRKRHGVJOS-KHOZXUSZSA-N,O=C(OC[C@H]1C[C@@H](OC(=O)c2cc(O)c(O)c(O)c2)[C@H](OC(=O)c2cc(O)c(O)c(O)c2)[C@@H](OC(=O)c2cc(O)c(O)c(O)c2)[C@@H]1O)c1cc(O)c(O)c(O)c1,synthetic
MCSJ31_0016,JXGIYKRRPGCLFV-JOCHJYFZSA-N,CC(C)(C)NC(=O)[C@@H](c1cccnc1)N(C(=O)c1ccco1)c1ccc(C(C)(C)C)cc1,synthetic
MCSJ31_0003,DWCXXICTUDDKTB-ZYHUDNBSSA-N,CC1=CC(=O)[C@]2(O[C@@H]2C(=O)CC(C)C)C(=O)N1,synthetic
J08_32,QLTWQIOYJXJUJH-WFEKMPBRSA-N,C[C@@H]1C[C@H](C)[C@@H](c2c(O)cc[nH]c2=O)[C@H](C)[C@@](C)(O)C1,synthetic
J14_11,CQWUIBZRNKFXRS-UHFFFAOYSA-N,O=C(Oc1ccc(O)c(O)c1)c1cc(=O)c2c(O)cccc2o1,synthetic
Normelicopicine,REIDKNJPKCZOCD-QPJJXVBHSA-N,CC(=O)Oc1ccc(/C=C/C(=O)OC2Cc3c(O)cc(O)cc3OC2c2cc(O)c(O)c(O)c2)cc1,synthetic
JBB20_0027,BNLVODKLELGOBT-DUXPYHPUSA-N,O=C(/C=C/c1ccc(O)c(O)c1)OC1Cc2c(O)cc(O)cc2OC1c1cc(O)c(O)c(O)c1,synthetic
J03_15,PQBATSTYUATBBZ-DLCKZTKESA-N,O=C(O[C@H]1Cc2c(O)cc(O)cc2OC1c1cc(O)c(O)c2c(=O)c(O)cc(C3Oc4cc(O)cc(O)c4C[C@H]3O)cc12)c1ccc(O)c(O)c1O,synthetic
J01_28,ZUIXFZJBOJTTET-OWOJBTEDSA-N,Oc1cc(/C=C/c2cc(O)c(O)c(O)c2)cc(O)c1O,synthetic
"Androstan-17-one, 3-ethyl-3-hydroxy-, (5.alpha)",MSTNVJDHQJXVFI-UHFFFAOYSA-N,CC(C)=CCc1cc(C2CCc3ccc(O)cc3O2)cc(O)c1O,synthetic
J02_38,QAHZLNKOVIYDGB-UHFFFAOYSA-N,Cc1ccc(-c2oc3ccccc3c(=O)c2O)cc1,synthetic
JBB44_0002,MCJWZZBYWKEBAV-SEGKPUOZSA-N,O=C1c2ccc(O)c([C@@H]3OC(O)C(O)C(O)[C@H]3O)c2OCC1c1ccc(O)cc1,synthetic
J03_03,INFKGIQNEZSZMS-ZBKSJXDOSA-N,CC(=O)Oc1cc2c(cc1C(C)C)C=CC1C(C)(C)[C@@H](OC(C)=O)CC[C@]21C,synthetic
20-Epi-isoiguesterinol,BNLVODKLELGOBT-DUXPYHPUSA-N,O=C(/C=C/c1ccc(O)c(O)c1)OC1Cc2c(O)cc(O)cc2OC1c1cc(O)c(O)c(O)c1,synthetic
J13_03,IPHQLOCHDZNFAY-GQCTYLIASA-N,CC(=O)Oc1ccc(/C=C/C(=O)OC2Cc3c(O)cc(O)cc3OC2c2cc(O)c(O)c(O)c2)cc1OC(C)=O,synthetic
Rosmarinic acid,MSTNVJDHQJXVFI-UHFFFAOYSA-N,CC(C)=CCc1cc(C2CCc3ccc(O)cc3O2)cc(O)c1O,synthetic
Glycyrrhizin,HCQUMJYLWCSLLR-QYWGDWMGSA-N,COc1c(C(C)C)cc2c(c1O)[C@@]1(C)CCCC(C)(C)[C@@H]1C[C@@H]2O,synthetic
"9,19-Cyclolanostan-3-ol, 24-methylene-, (3.beta)",SPVBYUUOYMVKJL-ZECJCAIXSA-N,COC(=O)C[C@H](c1ccc(O)cc1)c1c(O)cc(O)c2c1O[C@H](c1cc(O)c(O)c(O)c1)[C@H](OC(=O)c1cc(O)c(O)c(O)c1)C2,synthetic
J19_09,ALVPFGSHPUPROW-UHFFFAOYSA-N,CCCSSCCC,synthetic
JBB41_0020,FCBIKWDKLODCOY-TZRRMPRUSA-N,COc1cc([C@@H]2Oc3cc4c(cc3C(=O)[C@H]2O)CC[C@@](C)(CCCCO)O4)ccc1O,synthetic
J18_24,UFCLZKMFXSILNL-BMPVICKZSA-N,O=C(/C=C/c1ccc(O)c(O)c1)O[C@@H]1[C@@H](O)C[C@@](O)(C(=O)O)C[C@H]1OC(=O)/C=C/c1ccc(O)c(O)c1,synthetic
J04_07,YFDKIHAZVQFLRC-HXUWFJFHSA-N,COC(=O)[C@]1(C)CCCc2c1ccc1c2C(=O)C(=O)c2c(C)coc2-1,synthetic
J14_07,YSTPAHQEHQSRJD-SECBINFHSA-N,CC1=CC(=O)[C@@H](C(C)C)CC1,synthetic
J08_24,LQGUBLBATBMXHT-UHFFFAOYSA-N,Cc1cc(O)c2c(c1)C(=O)c1cccc(O)c1C2=O,synthetic
JBB41_0024,VFLDPWHFBUODDF-KYPMKJFLSA-N,COc1cc(/C=C\C(=O)CC(=O)/C=C/c2ccc(O)c(OC)c2)ccc1O,synthetic
J18_25,OVSQVDMCBVZWGM-QLNOSOPISA-N,O=c1c(O[C@H]2O[C@H](CO)[C@H](O)[C@@H](O)[C@H]2O)c(-c2ccc(O)c(O)c2)oc2cc(O)cc(O)c12,synthetic
J04_06,YAAJRTVBAVFJQG-CYBMUJFWSA-N,CC(=O)c1c(O)cc(O)cc1C[C@@H]1Cc2cc(O)cc(O)c2C(=O)O1,synthetic
J14_06,RTIXKCRFFJGDFG-UHFFFAOYSA-N,O=c1cc(-c2ccccc2)oc2cc(O)cc(O)c12,synthetic
J08_25,REFJWTPEDVJJIY-UHFFFAOYSA-N,O=c1c(O)c(-c2ccc(O)c(O)c2)oc2cc(O)cc(O)c12,synthetic
J19_08,XFDQJKDGGOEYPI-UHFFFAOYSA-O,COc1cc(-c2[o+]c3cc(O)cc(O)c3cc2O)ccc1O,synthetic
Structure2D_COMPOUND_CID_3034112,SEOVTRFCIGRIMH-UHFFFAOYSA-N,O=C(O)Cc1c[nH]c2ccccc12,synthetic
J08_72,GADIKQPUNWAMEB-UHFFFAOYSA-N,CCc1c(C(=O)OC)ncc2[nH]c3cc(OC)c(OC)cc3c12,synthetic
3.beta-Hydroxy-5-cholen-24-oic acid,IKIIZLYTISPENI-YRIDSSQKSA-N,O=C(O)[C@@H]1O[C@H](Oc2cc3oc(-c4ccccc4)cc(=O)c3c(O)c2O)[C@@H](O)[C@H](O)[C@H]1O,synthetic
J13_02,FEFAIBOZOKSLJR-UHFFFAOYSA-N,CC(C)C1=Cc2ccc3c(c2C(=O)C1=O)CCCC3(C)C,synthetic
J02_39,UYHHGHQLVKQIQK-OAHLLOKOSA-N,CNc1ccc([C@H]2CCN3Cc4ccccc4N=C23)cc1C(=O)OC,synthetic
J08_64,BYVWXQRJRYELNP-AFYYWNPRSA-N,O=C1C(c2ccc(O)c(O)c2)Oc2cc(O)cc(O)c2[C@H]1O,synthetic
Hydroxycryptolepine,BPRXODFDYBYPRA-MJAJTENYSA-N,COc1cc([C@H]2OC[C@@H]2c2cc(/C=C/C(=O)NCCc3ccc(O)cc3)cc(OC)c2O)ccc1O,synthetic
"Santalol, E-cis,epi-beta",TYCLBPSZSGTWCX-UHFFFAOYSA-N,Oc1ccc(Cc2ncc[nH]2)cc1Oc1cccc(Cc2ncc[nH]2)c1,synthetic
J01_29,REFJWTPEDVJJIY-UHFFFAOYSA-N,O=c1c(O)c(-c2ccc(O)c(O)c2)oc2cc(O)cc(O)c12,synthetic
J03_14,VCCRNZQBSJXYJD-UHFFFAOYSA-N,O=c1c(O)c(-c2ccccc2)oc2cc(O)cc(O)c12,synthetic
J08_33,FFERWTFUZDSRQX-UXHICEINSA-N,O=C1c2ccccc2N[C@H]1[C@H]1c2ccccc2-n2c1nc1ccccc1c2=O,synthetic
J14_10,SPCXZDDGSGTVAW-XIDUGBJDSA-N,CC1=C2[C@H](CC1)[C@H](C)CC[C@@H]1[C@H]2C1(C)C,synthetic
J02_15,DILWBGJKPDDTLS-UHFFFAOYSA-N,C=CC(C)(C)c1c2c(c(O)c3c(=O)c4cccc(O)c4oc13)CCC(C)(C)O2,synthetic
MCSJ31_0012,RRAFCDWBNXTKKO-UHFFFAOYSA-N,C=CCc1ccc(O)c(OC)c1,synthetic
Catechin gallate,YWQKYQPYGMDGFG-GTNSWQLSSA-N,CCOC(=O)[C@H]1N=Cc2[nH]c3cccc(OC(C)C)c3c2[C@@H]1C,synthetic
J01_05,DWDOXTINEVOYSV-AHRSYUTCSA-N,CC(C)C1=C[C@@]2(O)CC[C@@H]3C(C)(C)CCC[C@@]3(C)C2=CC1=O,synthetic
J06_01,PFTAWBLQPZVEMU-HIFRSBDPSA-N,Oc1cc(O)c2c(c1)O[C@@H](c1ccc(O)c(O)c1)[C@H](O)C2,synthetic
Ergost-7-en-3-ol,FTVWIRXFELQLPI-CYBMUJFWSA-N,O=C1C[C@H](c2ccc(O)cc2)Oc2cc(O)cc(O)c21,synthetic
J18_09,ZBHUUXLHDOUMKM-REZTVBANSA-N,CC(C)=CCC/C(C)=C/Cc1cc(-c2coc3cc(O)ccc3c2=O)ccc1O,synthetic
J12_03,ZRMWSCPMGTWKPO-IHLOFXLRSA-N,COc1ccc2cc1Oc1ccc(cc1)C[C@@H]1c3cc(c(OC)cc3CCN1C)Oc1cc3c(c(OC)c1O)CCN(C)[C@H]3C2,synthetic
J02_03,AIONOLUJZLIMTK-CQSZACIVSA-N,COc1ccc([C@H]2CC(=O)c3c(O)cc(O)cc3O2)cc1O,synthetic
J01_13,VEVZSMAEJFVWIL-UHFFFAOYSA-O,Oc1cc(O)c2cc(O)c(-c3ccc(O)c(O)c3)[o+]c2c1,synthetic
Strychnopentamine,NSMMPEJLOMMKCX-ILELCVFRSA-N,CCCCCCCCCCC/C=C1/C(=O)O[C@H](C)[C@H]1O,synthetic
JBB41_0019,VMZGZQGCIBFDJR-WUKNDPDISA-N,CN(C)CCCN(CCCCNC(=O)c1ccccc1)C(=O)/C=C/c1ccccc1,synthetic
J19_04,VFLDPWHFBUODDF-FCXRPNKRSA-N,COc1cc(/C=C/C(=O)CC(=O)/C=C/c2ccc(O)c(OC)c2)ccc1O,synthetic
J08_29,LRLXAXGCQUOKIO-ATYLQFJESA-N,[H]/N=C(\N)NCCCCNC(=O)/C=C/c1cc(OC)c2c(c1)[C@@H](C(=O)NCCCCN/C(N)=N/[H])[C@H](c1ccc(O)cc1)O2,synthetic
J02_12-Z,VMXHAVNNYIGUTL-SZMSYODNSA-N,CC1=C(/C=C/C(C)=C/C=C/C(C)=C/C=C/C=C(C)/C=C/C=C(\C)CCC(=O)[C@]2(C)C[C@H](O)CC2(C)C)C(C)(C)C[C@@H](O)C1,synthetic
J02_23,GKHOGRMKNUUWFH-SHWYRAPHSA-N,O=C(/C=C\c1ccc(O)c(O)c1)O[C@@H]1[C@H](O)CC[C@H]1OC(=O)/C=C/c1ccc(O)c(O)c1,synthetic
J01_25,ULSUXBXHSYSGDT-UHFFFAOYSA-N,COc1ccc(-c2cc(=O)c3c(OC)c(OC)c(OC)c(OC)c3o2)cc1,synthetic
MCSJ46_0005,KZNIFHPLKGYRTM-UHFFFAOYSA-N,O=c1cc(-c2ccc(O)cc2)oc2cc(O)cc(O)c12,synthetic
J08_68,BYRGGBMULKTYME-QHCPKHFHSA-N,CC(C)=CCC[C@@]1(C)CCc2c(c(C)cc3c2[nH]c2cc(O)ccc23)O1,synthetic
J02_35,UTEFVWWPMXBETL-SXGWCWSVSA-N,COc1cc(CCC(=O)NCCc2ccc(O)cc2)ccc1Oc1cc(/C=C\C(=O)NCCc2ccc(O)cc2)cc(OC)c1O,synthetic
J19_12,HARGZZNYNSYSGJ-SNVBAGLBSA-N,Cc1cccc2c3c(ccc12)C1=C(C(=O)C3=O)[C@H](C)CO1,synthetic
JO8_48,SCHKABUWAYOIBY-WEVVVXLNSA-N,COc1cc(/C=C/C(=O)NCCCCn2c(C=O)ccc2CO)ccc1O,synthetic
"Cholest-5-en-3-ol (3.beta)-, carbonochloridate",FAFKEIMQBPAMNO-FRKPEAEDSA-N,C=C(/C(C)=C/C)c1c(OC)c2c(c3c(-c4ccccc4)cc(=O)oc13)OC(C)(C)C=C2,synthetic
J01_09,ZQSIJRDFPHDXIC-UHFFFAOYSA-N,O=c1c(-c2ccc(O)cc2)coc2cc(O)ccc12,synthetic
MCSJ31_0005,UBJVUCKUDDKUJF-UHFFFAOYSA-N,C=CCSCC=C,synthetic
J02_19,RZDVRZOFWDUODE-JSOSNVBQSA-N,COc1ccc2cc1Oc1ccc(cc1)C[C@@H]1c3cc(c(OC)cc3CCN1C)Oc1cc3c(c(OC)c1OC)CCN(C)[C@H]3C2,synthetic
J08_44,LNTHITQWFMADLM-UHFFFAOYSA-N,O=C(O)c1cc(O)c(O)c(O)c1,synthetic
"Cholest-22-ene-21-ol, 3,5-dehydro-6-methoxy",RPMNUQRUHXIGHK-SLNHTJRHSA-N,C[C@@H]1O[C@H](O[C@H]2[C@H](Oc3cc(O)c4c(=O)cc(-c5ccc(O)cc5)oc4c3)O[C@H](CO)[C@@H](O)[C@@H]2O)[C@H](O)[C@H](O)[C@H]1O,synthetic
Chrysopentamine,FTQXELOPBMFYKP-DYLAAIIWSA-N,COc1ccc2c(c1)N[C@@H]1[C@@H]2CCN[C@@H]1C,synthetic
J08_13,HCQUMJYLWCSLLR-WHSLLNHNSA-N,COc1c(C(C)C)cc2c(c1O)[C@]1(C)CCCC(C)(C)[C@H]1C[C@H]2O,synthetic
J08_64-S,LSHVYAFMTMFKBA-CTNGQTDRSA-N,O=C(O[C@@H]1Cc2c(O)cc(O)cc2O[C@H]1c1ccc(O)c(O)c1)c1cc(O)c(O)c(O)c1,synthetic
J18_13,SGAWOGXMMPSZPB-UHFFFAOYSA-N,CC1=C(C=O)C(C)(C)CC=C1,synthetic
J18_05,XGVJWXAYKUHDOO-KSYCFECVSA-N,O[C@@H]1[C@H]2c3cc4c(cc3CN3CCC(=C[C@@H]1O)[C@H]23)OCO4,synthetic
J08_05,DROARAMNSGFOAW-NJWMRHRVSA-N,O=C(O[C@H]1Cc2c(O)cc(O)cc2O[C@@H]1c1cc(O)c(O)c(O)c1)[C@H]1C[C@@H](O)[C@H](O)[C@@H](O)C1,synthetic
J03_22,LTUGUGXKMMPGRF-HNNXBMFYSA-N,COc1cc2c3c(c4cc(OC)c(OC)cc4c2cc1OC)CN1CCCC[C@H]1C3,synthetic
J08_52,YDDGKXBLOXEEMN-XAKUNQSDSA-N,O=C(/C=C/c1ccc(O)c(O)c1)O[C@H](C(=O)O)[C@@H](OC(=O)/C=C/c1ccc(O)c(O)c1)C(=O)O,synthetic
monohydrate,NGSWKAQJJWESNS-ZZXKWVIFSA-N,O=C(O)/C=C/c1ccc(O)cc1,synthetic
J19_07,RDWZVQVSXRSNDS-PZMYXVABSA-N,COc1cc([C@H]2O[C@@H](c3ccc(O)c(OC)c3)[C@H](C(=O)Cc3ccc(O)cc3C(=O)O)[C@H]2C(=O)Cc2ccc(O)cc2C(=O)O)ccc1O,synthetic
"26,27-Dinorergosta-5,23-dien-3-ol, (3.beta)-",YIICVSCAKJMMDJ-SNVBAGLBSA-N,O[C@@H]1CCN2Cc3ccccc3N=C12,synthetic
J04_09,VYKJHZPVMQESSZ-SNMMKEDWSA-N,O=C(O)[C@@H](Cc1ccc(O)c(O)c1)OC/C=C\c1ccc(O)c2c1[C@H](C(=O)O[C@H](Cc1ccc(O)c(O)c1)C(=O)O)O[C@@H]2c1ccc(O)c(O)c1,synthetic
J14_09,HARGZZNYNSYSGJ-JTQLQIEISA-N,Cc1cccc2c3c(ccc12)C1=C(C(=O)C3=O)[C@@H](C)CO1,synthetic
J01_30,ABDQTIKKAYGHNV-UHFFFAOYSA-N,O=c1c(O)c(-c2cccc(O)c2)oc2cc(O)cc(O)c12,synthetic
2-(aminomethyl)phenol,MTRCSFCAOFJJGL-QUDODWQYSA-N,C=CC/C(=N\OSOOO)S[C@@H]1O[C@H](CO)[C@@H](O)[C@H](O)[C@@H]1O,synthetic
J02_20,XBAHULAFZOLUBT-VIFPVBQESA-N,CO[C@H]1C=CC2=NC3=C(CCN=C3C)C2=C1,synthetic
J01_26,XVFMGWDSJLBXDZ-UHFFFAOYSA-O,Oc1ccc(-c2[o+]c3cc(O)cc(O)c3cc2O)cc1,synthetic
"Cholestane-3,5-diol, 5-acetate, (3.beta,5.alpha",JRSJLGASDWZQGF-VKDZGMKNSA-N,COC(=O)/C(=C\c1ccc(O)c(O)c1)Oc1ccc(/C=C/C(=O)O[C@@H](Cc2ccc(O)c(O)c2)C(=O)O)cc1O,synthetic
J02_36,AYDKOFQQBHRXEW-OKTNMODBSA-N,CC1(C)C[C@H]2C3=CC[C@@H]4[C@@]5(C)CC[C@@H](O)C(C)(C)[C@@H]5CC[C@@]4(C)[C@@]3(C)C[C@@H](O)[C@]2(CO)[C@@H](O)[C@@H]1O,synthetic
J19_11,OWGUBYRKZATRIT-QPJJXVBHSA-N,COc1cc(O)cc(O)c1C(=O)/C=C/c1ccc(O)cc1,synthetic
Indirubin,OUGNWRCWQLUXHX-CVXRCJAMSA-N,COc1cc(C)c2c(=O)cc(C[C@@H](C)O)oc2c1[C@@H]1O[C@@H](CO)[C@@H](O)[C@@H](O)[C@@H]1OC(=O)/C=C/c1ccc(O)cc1,synthetic
MCSJ31_0020,KSEBMYQBYZTDHS-HWKANZROSA-N,COc1cc(/C=C/C(=O)O)ccc1O,synthetic
ZINC3983878,VSHUQLRHTJOKTA-XBXARRHUSA-N,O=C(/C=C/c1ccc(O)c(O)c1)NCCc1ccc(O)cc1,synthetic
SA29_0004,XDUXBBDRILEIEZ-IBGZPJMESA-N,Cc1coc2c1C(=O)C(=O)c1c-2ccc2c1CCC[C@@]2(C)CO,synthetic
MCSJ31_0009,WRYLYDPHFGVWKC-SNVBAGLBSA-N,CC1=CC[C@](O)(C(C)C)CC1,synthetic
J08_47,QDAQTXSEIPFKEE-NUTIFNJFSA-N,COc1cc(/C=C/C(=O)N[C@@H](O)C(=O)c2ccc(O)cc2)ccc1O,synthetic
Liriodenine,MZSGWZGPESCJAN-IGIASEDTSA-N,O=C(/C=C/c1ccc(O/C(=C/c2ccc(O)c(O)c2)C(=O)O)c(O)c1)O[C@@H](Cc1ccc(O)c(O)c1)C(=O)O,synthetic
J18_10,SSEUDFYBEOIWGF-CQSZACIVSA-N,COc1cc2c3c(c4cc(OC)c(OC)cc4c2cc1OC)CN1CCC[C@@H]1C3,synthetic
J08_10,XLTSBDOZTUSCMX-UHFFFAOYSA-N,CC(C)C1=CC(=O)C=CC1=O,synthetic
J08_06,PFTAWBLQPZVEMU-UKRRQHHQSA-N,Oc1cc(O)c2c(c1)O[C@H](c1ccc(O)c(O)c1)[C@H](O)C2,synthetic
J18_06,HARQODABMDXYTD-FJIJXJHWSA-N,CC(=O)c1cc2c(cc1C(C)C)C=C[C@@H]1C(C)(C)[C@H](C(C)=O)CC[C@@]21C,synthetic
J03_21,ZUGCRBMNFSAUOC-YRNVUSSQSA-N,COc1cc(O)c(C(=O)/C=C/c2ccc(O)cc2)cc1CC=C(C)C,synthetic
J08_51,IQPNAANSBPBGFQ-UHFFFAOYSA-N,O=c1cc(-c2ccc(O)c(O)c2)oc2cc(O)cc(O)c12,synthetic
J08_26,LNCIXDIFZNXBDP-HNRBIFIRSA-N,CN1CCCN(CCCCN2CCCN(C)[C@H](c3ccccc3)CC2=O)C(=O)C[C@@H]1c1ccccc1,synthetic
J14_05,RHMXXJGYXNZAPX-UHFFFAOYSA-N,Cc1cc(O)c2c(c1)C(=O)c1cc(O)cc(O)c1C2=O,synthetic
J04_05,PHZOWSSBXJXFOR-PTGZALFTSA-N,C=CC/C(=N\OS(=O)(=O)O)S[C@@H]1O[C@H](CO)[C@@H](O)[C@H](O)[C@H]1O,synthetic
J18_26,VOCGSQHKPZSIKB-FQEVSTJZSA-N,COc1cc2c(cc1CC=C(C)C)C(=O)C[C@@H](c1ccc(O)cc1)O2,synthetic
"Spiro[4,5]dec-6-en-1-ol, 2,6,10,10-tetramethyl",ZQSIJRDFPHDXIC-UHFFFAOYSA-N,O=c1c(-c2ccc(O)cc2)coc2cc(O)ccc12,synthetic
Lathosterol,VFLDPWHFBUODDF-FCXRPNKRSA-N,COc1cc(/C=C/C(=O)CC(=O)/C=C/c2ccc(O)c(OC)c2)ccc1O,synthetic
J08_71,LSEDQFLRUJOXDX-IQJVAEQNSA-N,OC[C@@H]1O[C@H](O[C@@H](CCCCc2ccc(O)c(O)c2)CCc2ccc(O)c(O)c2)[C@@H](O)[C@H](O)[C@H]1O,synthetic
Retinol,OIEMCIKPOVGWLI-UHFFFAOYSA-N,O=C(CCC(=O)N(O)CCCCCN1C(=O)CCC1=O)NCCCCCN(O)C(=O)Cc1ccccc1,synthetic
J13_01,GVKKJJOMQCNPGB-SNVBAGLBSA-N,C[C@@H]1COC2=C1C(=O)C(=O)c1c2ccc2c1CCCC2(C)C,synthetic
J03_01,HYXITZLLTYIPOF-UHFFFAOYSA-N,Cc1coc2c1C(=O)C(=O)c1c-2ccc2c1CCCC2(C)C,synthetic
Eslicarbazepine,CJHDBEPXEKGBDW-VMPITWQZSA-N,NCCCCNC(=O)/C=C/c1ccc(O)cc1,synthetic
J08_67,UXIVGJWMQVRKJZ-KWBMFXBPSA-N,COC(=O)[C@@]1(C)CC[C@]2(C)CC[C@]3(C)C(=CC(=O)[C@H]4[C@]5(C)CC[C@@H](O[C@@H]6O[C@H](C(=O)CO)[C@@H](O)[C@H](O)[C@H]6O[C@H]6O[C@@H](C(=O)CO)[C@@H](O)[C@@H](O)[C@H]6O)C(C)(C)[C@H]5CC[C@@]43C)[C@H]2C1,synthetic
J19-20,REFJWTPEDVJJIY-UHFFFAOYSA-N,O=c1c(O)c(-c2ccc(O)c(O)c2)oc2cc(O)cc(O)c12,synthetic
Yangambin,GKHOGRMKNUUWFH-RXBUKYKGSA-N,O=C(/C=C/c1ccc(O)c(O)c1)O[C@@H]1[C@H](O)CC[C@H]1OC(=O)/C=C/c1ccc(O)c(O)c1,synthetic
J03_17,NCEUUOJBSVCOQU-UHFFFAOYSA-N,C=CCc1cc2c(cc1O)oc(=O)c1c3ccc(O)cc3oc21,synthetic
J14_13,GRWFGVWFFZKLTI-IUCAKERBSA-N,CC1=CC[C@H]2C[C@@H]1C2(C)C,synthetic
J08_30,CZDNLUMNELLDDD-BIPCAJJSSA-N,O=C1CCC=C[C@@]1(O)C(=O)OCc1ccccc1O[C@H]1O[C@H](CO)[C@@H](O)[C@H](O)[C@H]1O,synthetic
Amentoflavone,AJERVVHSERWGFL-FXVWLTTGSA-N,C=C(C)[C@H](Cc1c(OC)ccc(C(=O)/C=C/c2ccc(O)cc2)c1O)OO,synthetic
Cryptoquindoline,IKGXIBQEEMLURG-MZQQJHOSSA-N,C[C@@H]1O[C@@H](OC[C@@H]2O[C@H](Oc3c(-c4ccc(O)c(O)c4)oc4cc(O)cc(O)c4c3=O)[C@@H](O)[C@H](O)[C@H]2O)[C@H](O)[C@H](O)[C@H]1O,synthetic
J02_16,QUEMNJXBRHOUNX-FJFCSAGJSA-N,C[C@]1(C(=O)O)CC[C@@]2(C)CC[C@@H]3C(=CC(=O)[C@H]4[C@H]3CC[C@H]3C[C@@H](O[C@@H]5O[C@H](C(=O)O)[C@@H](O)[C@H](O)[C@H]5O[C@@H]5O[C@H](C(=O)O)[C@@H](O)[C@@H](O)[C@@H]5O)CC[C@@]34C)[C@@H]2C1,synthetic
J01_06,XLTLOPRYDVGSEG-OZFXOPILSA-N,CC1(C)CC[C@]23CO[C@@]4(C=C[C@H]5[C@]6(C)CC[C@H](O[C@@H]7O[C@@H](O[C@@H]8O[C@@H](O)[C@@H](O)[C@H](O)[C@@H]8O)[C@@H](O[C@@H]8O[C@H](CO)[C@@H](O)[C@H](O)[C@H]8O)[C@H](O)[C@@H]7O)[C@@](C)(CO)[C@H]6CC[C@]5(C)[C@]4(C)C[C@@H]2O)[C@H]3C1,synthetic
J06_02,NSMMPEJLOMMKCX-SUKJIKOTSA-N,CCCCCCCCCCC/C=C1\C(=O)O[C@H](C)[C@H]1O,synthetic
Octacosanol,AZOCLKLJIKZOLF-XUHQJRGCSA-N,O=C(/C=C/c1ccc(O[C@H](C(=O)O)[C@@H](O)c2ccc(O)c(O)c2)c(O)c1)O[C@@H](Cc1ccc(O)c(O)c1)C(=O)O,synthetic
J01_10,COHYTHOBJLSHDF-BUHFOSPRSA-N,O=C1/C(=C2\Nc3ccccc3C2=O)Nc2ccccc21,synthetic
MCSJ49_0002,SATMZMMKDDTOSQ-UHFFFAOYSA-N,Cc1nccc2c1[nH]c1cc(O)ccc12,synthetic
Daniquidone,GAEQWKVGMHUUKO-UHFFFAOYSA-N,Cc1cc2c([nH]c3ccccc32)c2c1OC(C)(C)C=C2,synthetic
Cryptobeilic acid C,RHMXXJGYXNZAPX-UHFFFAOYSA-N,Cc1cc(O)c2c(c1)C(=O)c1cc(O)cc(O)c1C2=O,synthetic
Beta-Sitosterol,IGTCYLQHMDCGHA-CCEZHUSRSA-N,O=CNCCCCN(CCCNC(=O)c1ccccc1)C(=O)/C=C/c1ccccc1,synthetic
J01_11,PANKHBYNKQNAHN-MQQNZMFNSA-N,CC(/C=C/C=C(\C)C(=O)O)=C\C=C\C=C(C)\C=C\C=C(/C)C(=O)O,synthetic
J02_01,SDIVYZXRQHWCKF-SECBINFHSA-N,O=c1c2ccccc2nc2n1CC[C@H]2O,synthetic
J12_01,KZNIFHPLKGYRTM-UHFFFAOYSA-N,O=c1cc(-c2ccc(O)cc2)oc2cc(O)cc(O)c12,synthetic
Annonidine F,PMOWTIHVNWZYFI-AATRIKPKSA-N,O=C(O)/C=C/c1ccccc1O,synthetic
MCSJ29_0001,CAPUGADOGHKUQS-BZSVRVFYSA-N,COc1ccc2c(c1)N1C(=O)C[C@@H]3OCC=C4CN5CC[C@@]26[C@@H]5C[C@@H]4[C@H]3[C@@H]16,synthetic
J02_40,XROUKQJUPSQEJF-YPCIICBESA-N,COc1cc(/C=C/C(=O)CC(=O)/C=C/c2ccc(O)c(OO)c2)ccc1O,synthetic
J06_03,WMBWREPUVVBILR-GHTZIAJQSA-N,O=C(O[C@H]1Cc2c(O)cc(O)cc2O[C@@H]1c1cc(O)c(O)c(O)c1)c1cc(O)c(O)c(O)c1,synthetic
Limonene,SBHXYTNGIZCORC-ZDUSSCGKSA-N,O=C1C[C@@H](c2ccc(O)c(O)c2)Oc2cc(O)cc(O)c21,synthetic
J02_17,BQSJTQLCZDPROO-UHFFFAOYSA-N,Cc1nc(-c2ccc(OCC(C)C)c(C#N)c2)sc1C(=O)O,synthetic
MCSJ31_0027,OXJKSVCEIOYZQL-ODPGBAFUSA-N,O=c1c(O[C@H]2O[C@@H](CO)[C@@H](O)[C@@H]2O)c(-c2cc(O)c(O)c(O)c2)oc2cc(O)cc(O)c12,synthetic
J14_12,FPLMIPQZHHQWHN-UHFFFAOYSA-N,COc1ccc(-c2oc3cc(O)cc(O)c3c(=O)c2O)cc1O,synthetic
J08_31,JPUDEIBVUZNDCK-FCXRPNKRSA-N,COc1ccc(/C=C/C(=O)CC(=O)/C=C/c2ccc(O)c(OC)c2)cc1O,synthetic
J03_16,ABVFJXLTKCYFCU-GFCCVEGCSA-N,Nc1ccccc1[C@H]1CCn2c1nc1ccccc1c2=O,synthetic
J08_66,NFVYQWIJCKHXPY-HRFLEFDHSA-N,CC[C@@H]1C=CCC[C@@]2(C[C@H]3CC[C@@]4(C(=O)OCCCCCCCCCCCCCCCCCC(=O)N(CCCN)CCCC(N)=O)C[C@]5(CCC[C@H](C)O5)N=C(N2)N34)O1,synthetic
J08_70,VWHYFMQKJYFLCC-DUXPYHPUSA-N,O=C(/C=C/CCc1ccc(O)c(O)c1)CCc1ccc(O)c(O)c1,synthetic
J08_27,TUFLVKBJDSZLAW-UHFFFAOYSA-N,COc1cc(OC)c2ccc(=O)oc2c1O,synthetic
J14_04,GVKKJJOMQCNPGB-SNVBAGLBSA-N,C[C@@H]1COC2=C1C(=O)C(=O)c1c2ccc2c1CCCC2(C)C,synthetic
J04_04,CRDNMYFJWFXOCH-YPKPFQOOSA-N,O=C1Nc2ccccc2/C1=C1/Nc2ccccc2C1=O,synthetic
J18_27,PSFDQSOCUJVVGF-UHFFFAOYSA-N,Cc1nccc2c1[nH]c1ccccc12,synthetic
Strophanthidin,CLZDRNKNWXDFQT-HCEBPPTQSA-N,O=C(O[C@H](Cc1ccc(O)c(O)c1)C(=O)O)C1=Cc2ccc(O)c(O)c2[C@H](C(=O)O[C@@H](Cc2ccc(O)c(O)c2)C(=O)O)[C@H]1c1ccc(O)c(O)c1,synthetic
"9,19-Cyclolanost-23-ene-3,25-diol, 3-acetate",HUWICDSAMDEDAM-HSRKKVFISA-N,O=C(OO[C@@H]1O[C@H](OC(=O)c2cc(O)c(O)c(O)c2)[C@@H](OC(=O)c2cc(O)c(O)c(O)c2)[C@H](OC(=O)c2cc(O)c(O)c(O)c2)[C@H]1O)c1cc(O)c(O)c(O)c1,synthetic
J08_50,RLJGTGKXUCBJPF-MPUGBXDSSA-N,COc1cc(C)c2c(=O)cc(C(O)(O)C(C)=O)oc2c1[C@@H]1O[C@@H](CO)[C@@H](O)[C@@H](O)[C@@H]1OC(=O)/C=C/c1ccccc1,synthetic
J08_07,LUKBXSAWLPMMSZ-OWOJBTEDSA-N,Oc1ccc(/C=C/c2cc(O)cc(O)c2)cc1,synthetic
J18_07,WTARULDDTDQWMU-IUCAKERBSA-N,C=C1CC[C@H]2C[C@@H]1C2(C)C,synthetic
MCSJ34_0007,MZRGPMSVJSTWGI-QUTULZHUSA-N,CCO[C@@H]1C(=O)C=C[C@@H](OC=O)[C@]1(O)C(=O)OCc1ccccc1O[C@@H]1O[C@H](COC(=O)c2ccccc2)[C@@H](OC(=O)c2ccccc2)[C@H](O)[C@H]1O,synthetic
J18_11,TVWPPWLGMUSNNX-UHFFFAOYSA-N,C=CCc1cc(-c2oc3cc(O)c(CC=C)c(O)c3c(=O)c2O)cc(O)c1O,synthetic
J08_11,IYRMWMYZSQPJKC-UHFFFAOYSA-N,O=c1c(O)c(-c2ccc(O)cc2)oc2cc(O)cc(O)c12,synthetic
MCSJ29_0002,PQBITFIHFKWRFS-FTQOQOITSA-N,COC(=O)[C@@]1(C)CC[C@]2(C)CC[C@]3(C)C(=CC(=O)[C@H]4[C@]5(C)CC[C@@H](O[C@@H]6O[C@H](C(=O)NN)[C@@H](O)[C@H](O)[C@H]6O[C@H]6O[C@@H](C(=O)NN)[C@@H](O)[C@@H](O)[C@H]6O)C(C)(C)[C@H]5CC[C@@]43C)[C@H]2C1,synthetic
J08_46,MZSGWZGPESCJAN-MOWZVGOISA-N,O=C(/C=C/c1ccc(O/C(=C\c2ccc(O)c(O)c2)C(=O)O)c(O)c1)O[C@@H](Cc1ccc(O)c(O)c1)C(=O)O,synthetic
MCSJ31_0025,KVYNYRIOAYQBFK-ODMAYWLASA-N,[H]/N=C(\N)NCCCCNC(=O)/C=C/c1ccc2c(c1)[C@@H](C(=O)NCCCCN/C(N)=N/[H])[C@H](c1ccc(O)cc1)O2,synthetic
MCSJ31_0019,XCDQFROEGGNAER-NNEHRPRASA-N,C[C@@H]1[C@@H](O)CC[C@H]2[C@@]1(C)CC[C@@H]1[C@]2(C)CC[C@@]2(C)[C@@H]3CC(C)(C)CC[C@@]3(C)CC[C@]12C,synthetic
J19_10,QTUCSHJOGPJHIM-MZVGWLCOSA-N,C[C@@H]1[C@@H](O[C@@H](CCCCc2ccc(O)c(O)c2)CCc2ccc(O)c(O)c2)O[C@@H](O)[C@H](O)[C@H]1O,synthetic
J02_37,CEBIAOODBQSTTK-UHFFFAOYSA-N,CC(=O)NCCCCCN(O)C(=O)CCC(=O)NCCCCCN(O)C(=O)Cc1ccccc1,synthetic
JBB20_0028,TZBJGXHYKVUXJN-UHFFFAOYSA-N,O=c1c(-c2ccc(O)cc2)coc2cc(O)cc(O)c12,synthetic
-Globulol,DOHSSXZMQRXAPZ-INHBTNCSSA-N,C[C@@H]1O[C@@H](O[C@H]2CC[C@]3(C)[C@H](CC[C@@]4(C)[C@H]3C=C[C@@H]3[C@H]5CC(C)(C)CC[C@]5(CO)[C@H](O)C[C@]34C)[C@]2(C)O)[C@@H](O)[C@@H](O[C@@H]2O[C@H](CO)[C@@H](O)[C@H](O)[C@H]2O)[C@@H]1O,synthetic
J01_27,YDQWDHRMZQUTBA-UHFFFAOYSA-N,O=C1c2cccc(O)c2C(=O)c2c(O)cc(CO)cc21,synthetic
J02_21,JXFZHMCSCYADIX-XVNBXDOJSA-N,COc1cc(/C=C/C(=O)Nc2ccc(O)cc2C(=O)O)ccc1O,synthetic
J01_31,YVPXVXANRNDGTA-URLMMPGGSA-N,COc1ccc2cc1Oc1ccc(cc1)C[C@@H]1c3c(cc4c(c3Oc3cc5c(cc3OC)CCN(C)[C@H]5C2)OCO4)CCN1C,synthetic
J04_08,YABIJLLNNFURIJ-UHFFFAOYSA-N,CC(C)=CCc1cc2c(cc1O)oc(=O)c1c3ccc(O)cc3oc21,synthetic
J14_08,CAGSJLJFRUTERD-ZCIJVQOHSA-N,C[C@@H]1[C@@H](O)[C@H](O)[C@@H](O)O[C@H]1[C@@H](CCc1ccc(O)c(O)c1)CC(=O)CCc1ccc(O)c(O)c1,synthetic
J19_06,TZBJGXHYKVUXJN-UHFFFAOYSA-N,O=c1c(-c2ccc(O)cc2)coc2cc(O)cc(O)c12,synthetic
"5.alpha-Cholest-8-en-3-one, 14-methyl",LSHVYAFMTMFKBA-TZIWHRDSSA-N,O=C(O[C@@H]1Cc2c(O)cc(O)cc2O[C@@H]1c1ccc(O)c(O)c1)c1cc(O)c(O)c(O)c1,synthetic
J04_03,UYBHWSVYGLVLEM-QTBYGSMXSA-N,C=C(C)[C@H]1CC[C@]2(C(=O)O)CC[C@@H]3[C@H](CC[C@@H]4[C@]3(C)CC[C@@H]3C(C)(C)C(=O)CC[C@@]43C)[C@H]12,synthetic
Kolaviron,VXNWJKFKJUYKNY-UHFFFAOYSA-N,C=CCc1ccc(C(C)=O)c(OC)c1,synthetic
J18_20,LAWAARLALKUFQQ-AUSIDOKSSA-N,COc1ccc2c3c(c4cc(OC)c(OC)cc4c2c1)CN1CCC[C@@H]1[C@H]3O,synthetic
Isostrychnopentamine,XHEFDIBZLJXQHF-UHFFFAOYSA-N,O=c1c(O)c(-c2ccc(O)c(O)c2)oc2cc(O)ccc12,synthetic
J08_20,ABWRSFGMUNFXLV-DPHQKHCMSA-N,COc1cc2c(cc1O)[C@]13CCN4CC5=CCO[C@H]6CC(=O)N2[C@@H]1[C@@H]6[C@H]5C[C@H]43,synthetic
J14_03,SRVFFFJZQVENJC-RDBSUJKOSA-N,CCOC(=O)[C@H]1O[C@@H]1C(=O)N[C@H](CC(C)C)C(=O)NCCC(C)C,synthetic
Dioncopeltine A,ZDSHHVKRPQDWHF-WEVVVXLNSA-N,C=C(Cc1c(OC)ccc(C(=O)/C=C/c2ccc(O)cc2)c1O)OO,synthetic
J03_07,AUIKOEBHPNLVIV-IZPAUZPXSA-N,O=C(/C=C/c1ccc(O)c(O)c1)NCC[C@@H]1CNc2ccccc21,synthetic
J08_O9-R,YJVMDLQSCPBESM-BPWQLTPQSA-N,CC1(C)CC[C@]2(CO)C(=O)C[C@]3(C)C(=CC[C@H]4[C@]5(C)CC[C@@H](O)C(C)(C)[C@H]5CC[C@@]43C)[C@H]2C1,synthetic
Indican,OPCNBYUJAGAASS-QRWLVFNGSA-N,C[C@H]1OC(c2ccccc2O)=N[C@@H]1C(=O)NCCCNCCCNC(=O)c1cccc(O)c1O,synthetic
"Lupeol, trifluoroacetate",DEMKZLAVQYISIA-GGRNZYNVSA-N,O=C1C[C@H](c2ccc(O[C@H]3O[C@H](CO)[C@H](O)[C@H](O)[C@@H]3O)cc2)Oc2cc(O)ccc21,synthetic
J08_61,KYWSCMDFVARMPN-AXWYSAQTSA-N,C[C@@H]1O[C@@H](O[C@H]2CC[C@]3(C)[C@H](CC[C@@]4(C)[C@H]3C=C[C@]35OC[C@@]6(CCC(C)(C)C[C@@H]63)[C@@H](O)C[C@@]45C)[C@]2(C)CO)[C@@H](O)[C@@H](O[C@@H]2O[C@H](CO)[C@@H](O)[C@H](O)[C@H]2O)[C@@H]1O,synthetic
J03_11,IYRMWMYZSQPJKC-UHFFFAOYSA-N,O=c1c(O)c(-c2ccc(O)cc2)oc2cc(O)cc(O)c12,synthetic
Alpha-Santalol,OBGPEBYHGIUFBN-UHFFFAOYSA-N,CC(C)=CCc1cc(-c2coc3cc(O)ccc3c2=O)ccc1O,synthetic
J14_15,CMJGAYUQSLJSCR-ULIPXBITSA-N,O=C1OC[C@H](Cc2ccc3c(c2)OCO3)/C1=C\c1ccc2c(c1)OCO2,synthetic
J08_36,XMOCLSLCDHWDHP-SWLSCSKDSA-N,Oc1cc(O)c2c(c1)O[C@H](c1cc(O)c(O)c(O)c1)[C@@H](O)C2,synthetic
MCSJ32_0004,OJYLAHXKWMRDGS-UHFFFAOYSA-N,COc1cc(CCC(C)=O)ccc1O,synthetic
Lupeol,BYIUQAPTUVOGEC-STROVDMWSA-N,O=C(O[C@@H]1O[C@H](OC(=O)c2cc(O)c(O)c(O)c2)[C@@H](OC(=O)c2cc(O)c(O)c(O)c2)[C@H](OC(=O)c2cc(O)c(O)c(O)c2)[C@H]1O)c1cc(O)c(O)c(O)c1,synthetic
J02_10,LPLVUJXQOOQHMX-FLWAPPOHSA-N,CC1(C)[C@H]2CC[C@@]3(C)[C@@H](C(=O)C=C4[C@H]5C[C@@](C)(C(=O)O)CC[C@]5(C)CC[C@]43C)[C@]2(C)CC[C@H]1O[C@@H]1O[C@H](C(=O)O)[C@@H](O)[C@H](O)[C@H]1O[C@H]1O[C@@H](C(=O)O)[C@@H](O)[C@@H](O)[C@H]1O,synthetic
Chlorogenic acid,IAKHMKGGTNLKSZ-INIZCTEOSA-N,COc1cc2c(c(OC)c1OC)-c1ccc(OC)c(=O)cc1[C@@H](NC(C)=O)CC2,synthetic
"Eudesma-4(15),7-dien-1.beta ol",IYGYMKDQCDOMRE-ZWKOTPCHSA-N,CN1CCc2cc3c(cc2[C@H]1[C@@H]1OC(=O)c2c1ccc1c2OCO1)OCO3,synthetic
Dibutyl phthalate,NYCCSNKAKDPMKQ-JXYRPZLXSA-N,OC[C@H]1O[C@H](Oc2cccc(/C=C/c3ccc(O)cc3)c2)[C@@H](O)[C@H](O)[C@@H]1O,synthetic
MCSJ32_0005,OJFGQVZAISEIPG-IJIVKGSJSA-N,O=C(/C=C/c1ccc(O)c(O)c1)CC(=O)/C=C/c1ccc(O)c(O)c1,synthetic
ZINC4534057,UZROCPSMHKOYDS-CQSZACIVSA-N,Nc1ccccc1[C@H]1CCN2Cc3ccccc3N=C12,synthetic
J06_04,YMGFTDKNIWPMGF-WNQDSSHSSA-N,O=C(/C=C/c1ccc(O)c(O)c1/C=C/c1ccc(O)c(O)c1)O[C@@H](Cc1ccc(O)c(O)c1)C(=O)O,synthetic
Dioncophylline C,KCWHZHZEQUHBCW-HNNXBMFYSA-N,Oc1ccc(CCCC[C@H](O)CCc2ccc(O)c(O)c2)cc1O,synthetic
"5,6-Dihydroergosterol",IOUVKUPGCMBWBT-QNDFHXLGSA-N,O=C(CCc1ccc(O)cc1)c1c(O)cc(O)cc1O[C@@H]1O[C@H](CO)[C@@H](O)[C@H](O)[C@H]1O,synthetic
J19_21,QRYRORQUOLYVBU-VLIAUNLRSA-N,CC(C)c1cc2c(c(O)c1O)[C@]1(C(=O)O)CCCC(C)(C)[C@H]1CC2,synthetic
Helichrysetin,RERZNCLIYCABFS-UHFFFAOYSA-N,COc1ccc2c3c([nH]c2c1)C(C)=NCC3,synthetic
J12_06,PHPGTEVCWLIQIT-BQYYLDSTSA-N,CC1(C)[C@H]2CC[C@@]3(C)[C@@H](C(=O)C=C4[C@H]5C[C@@](C)(C(=O)O)CC[C@]5(C)CC[C@]43C)[C@]2(C)CC[C@H]1O[C@@H]1O[C@H](C(=O)N[C@H](SCc2ccccc2)C(=O)O)[C@@H](O)[C@H](O)[C@H]1O[C@H]1O[C@@H](C(=O)N[C@H](CSCc2ccccc2)C(=O)O)[C@@H](O)[C@@H](O)[C@H]1O,synthetic
MCSJ38_0006,SUYLTDFWHNXGDX-LFAPAAFUSA-N,O=C(O[C@H](Cc1ccc(O)c(O)c1)C(=O)O)[C@@H]1[C@H](C(=O)O[C@@H](Cc2ccc(O)c(O)c2)C(=O)O)[C@@H](c2ccc(O)c(O)c2)[C@@H]1c1ccc(O)c(O)c1,synthetic
J02_06,JGTYOOKXGOJQII-QLOZIXJRSA-N,CO[C@H]1[C@H](O[C@@H]2O[C@H](CO)[C@H](O)[C@H](O)[C@@H]2O)[C@@H](O)[C@H](O[C@H]2CC[C@@]3(C)[C@@H](CC[C@]4(C)[C@@H]3C=CC3=C5CC(C)(C)CC[C@@]5(CO)[C@H](O)C[C@]34C)[C@]2(C)CO)O[C@@H]1C,synthetic
Quinine,YDQWDHRMZQUTBA-UHFFFAOYSA-N,O=C1c2cccc(O)c2C(=O)c2c(O)cc(CO)cc21,synthetic
J01_16,QUQPHWDTPGMPEX-XPMSIJAISA-N,COc1ccc([C@H]2CC(=O)c3c(O)cc(O[C@@H]4O[C@H](CO[C@@H]5O[C@H](C)[C@H](O)[C@H](O)[C@@H]5O)[C@H](O)[C@@H](O)[C@H]4O)cc3O2)cc1O,synthetic
Berberine,YUSWMAULDXZHPY-UHFFFAOYSA-N,O=c1cc(-c2ccc(O)c(-c3c(O)cc(O)c4c(=O)cc(-c5ccc(O)cc5)oc34)c2)oc2cc(O)cc(O)c12,synthetic
J19_01,DLBOMVFEFWKKHS-NXBHMOJESA-N,O=C(O[C@@H]1[C@H](Oc2ccc(O)cc2COC(=O)[C@@]2(O)[C@H](O)C=CC(=O)[C@@H]2O)O[C@H](CO)[C@@H](O)[C@@H]1O)c1ccccc1,synthetic
MCSJ24_0001,WEEGYLXZBRQIMU-WAAGHKOSSA-N,CC1(C)O[C@]2(C)CC[C@H]1CC2,synthetic
Cholesterol,CYQRDZPBFHTFJZ-ASGMLYFASA-N,C[C@@H]1OC(c2ccccc2O)=N[C@@H]1C(=O)NCCCN(CCCNC(=O)c1cccc(O)c1O)C(=O)[C@H]1N=C(c2ccccc2O)O[C@H]1C,synthetic
MCSJ39_00015,CXHQWFDNPRYKLR-CRGSBIFKSA-N,O=C1c2c(O)cccc2[C@H]([C@@H]2O[C@H](CO)[C@H](O)[C@H](O)[C@H]2O)c2cc(O)cc(O)c21,synthetic
Alstonine,XXAKVORQXOAQMW-OSCSTCBISA-N,CC[C@H](C)[C@@H](NC(=O)[C@@H](C)NC)C(=O)N1CC[C@@H]2Oc3ccc(OC)c(c3)CCNC(=O)[C@@H](C)NC(=O)[C@@H]21,synthetic
J02_26,AKIHYQWCLCDMMI-VMPITWQZSA-N,[H]/N=C(/N)NCCCCNC(=O)/C=C/c1ccc(O)cc1,synthetic
J01_20,RHVPEFQDYMMNSY-UHFFFAOYSA-N,CC1=NCCc2c1[nH]c1cc(O)ccc21,synthetic
J02_30,IIVCIAROSDNLCL-VUUSOMOASA-N,CC1(C)[C@H]2CC[C@@]3(C)[C@@H](C(=O)C=C4[C@H]5C[C@@](C)(C(=O)O)CC[C@]5(C)CC[C@]43C)[C@]2(C)CC[C@H]1O[C@@H]1O[C@H](C(=O)N[C@H]2O[C@@H](CO)[C@@H](O)[C@H](O)[C@@H]2NC=O)[C@@H](O)[C@H](O)[C@H]1O[C@H]1O[C@@H](C(=O)N[C@H]2O[C@@H](CO)[C@H](O)[C@H](O)[C@@H]2NC=O)[C@@H](O)[C@@H](O)[C@H]1O,synthetic
J19_17,OQWKEEOHDMUXEO-BQYQJAHWSA-N,CCCCC/C=C/C(=O)CCc1ccc(O)c(OC)c1,synthetic
"d-Mannitol, 1-O-(16-hydroxyhexadecyl",CAGSJLJFRUTERD-VKECQMBHSA-N,C[C@@H]1[C@@H](O)[C@H](O)[C@@H](O)O[C@H]1[C@H](CCc1ccc(O)c(O)c1)CC(=O)CCc1ccc(O)c(O)c1,synthetic
J14_19,XPEQUGZSJRBTLJ-UHFFFAOYSA-N,O=C(CCc1ccc(O)c(O)c1)CC(=O)CCc1ccc(O)c(O)c1,synthetic
Sinapic acid,GCCUNTZRCHAEMO-FCISZPQZSA-N,CC1(C)[C@H]2CC[C@@]3(C)[C@@H](C(=O)C=C4[C@H]5C[C@@](C)(C(=O)c6c[nH]c(=O)[nH]c6=O)CC[C@]5(C)CC[C@]43C)[C@]2(C)CC[C@H]1O[C@@H]1O[C@H](C(=O)c2c[nH]c(=O)[nH]c2=O)[C@@H](O)[C@H](O)[C@H]1O[C@H]1O[C@@H](C(=O)c2c[nH]c(=O)[nH]c2=O)[C@@H](O)[C@@H](O)[C@H]1O,synthetic
J03_31,OVBPIULPVIDEAO-GFCCVEGCSA-N,Nc1nc2ncc(CNc3ccc(C(=O)N[C@H](CCC(=O)O)C(=O)O)cc3)nc2c(=O)[nH]1,synthetic
ZINC4349031,INVSLAPXYYHYAD-SKSBSBCQSA-N,COc1ccc2c(c1)N1C(=O)C[C@@H]3OCC=C4CN5CC[C@@]26[C@H]1[C@@H]3[C@H]4C[C@]56O,synthetic
Syringin,OBGPEBYHGIUFBN-UHFFFAOYSA-N,CC(C)=CCc1cc(-c2coc3cc(O)ccc3c2=O)ccc1O,synthetic
J08_41,KYWSCMDFVARMPN-ASWPDFGGSA-N,C[C@@H]1O[C@@H](O[C@H]2CC[C@]3(C)[C@H](CC[C@@]4(C)[C@H]3C=C[C@]35OC[C@@]6(CCC(C)(C)C[C@@H]63)[C@H](O)C[C@@]45C)[C@]2(C)CO)[C@@H](O)[C@@H](O[C@@H]2O[C@H](CO)[C@@H](O)[C@H](O)[C@H]2O)[C@@H]1O,synthetic
J03_18-S,KGUHFCVSCDQVEU-GEXKASOQSA-N,C=C(C)[C@H]1CC[C@]2(C(=O)O)CC[C@@H]3[C@H](CC[C@@H]4[C@]3(C)CC[C@@H]3C(C)(C)[C@H](O)CC[C@@]43C)[C@H]12,synthetic
imidazolin-4-one,WMBWREPUVVBILR-WIYYLYMNSA-N,O=C(O[C@@H]1Cc2c(O)cc(O)cc2O[C@@H]1c1cc(O)c(O)c(O)c1)c1cc(O)c(O)c(O)c1,synthetic
J08_16,KZNIFHPLKGYRTM-UHFFFAOYSA-N,O=c1cc(-c2ccc(O)cc2)oc2cc(O)cc(O)c12,synthetic
J18_16,ZUGCRBMNFSAUOC-YRNVUSSQSA-N,COc1cc(O)c(C(=O)/C=C/c2ccc(O)cc2)cc1CC=C(C)C,synthetic
J06_08,XGVJWXAYKUHDOO-KSYCFECVSA-N,O[C@@H]1[C@H]2c3cc4c(cc3CN3CCC(=C[C@@H]1O)[C@H]23)OCO4,synthetic
J03_27,IQPNAANSBPBGFQ-UHFFFAOYSA-N,O=c1cc(-c2ccc(O)c(O)c2)oc2cc(O)cc(O)c12,synthetic
J08_65-R,CGBLBCRVDKYKCU-ZHACJKMWSA-N,CSC(=O)NCCCN(CCCCNC=O)C(=O)/C=C/c1ccccc1,synthetic
"3,4-Dihydroxymandelic acid",VWHYFMQKJYFLCC-DUXPYHPUSA-N,O=C(/C=C/CCc1ccc(O)c(O)c1)CCc1ccc(O)c(O)c1,synthetic
J08_57,MWMMPGDUPHYPAA-FPYGCLRLSA-N,O=c1oc(/C=C/c2ccc(O)cc2)nc2ccc(O)cc12,synthetic
ZINC4349623,GNZSCHDPXFZGRO-FVCCEPFGSA-N,C=C1CCC[C@@]2(C)CC[C@H](CO)[C@@H](O)[C@]12O,synthetic
SA1_0005,YMHFBUOKLSWOQF-NSHGMRRFSA-N,CN1CCc2cc3c(cc2[C@H]1[C@@H]1O[C@H](O)c2c1ccc1c2OCO1)OCO3,synthetic
J08_56,QISBNGLMCHHHFG-HNQUOIGGSA-N,O=c1cc(O)oc(/C=C/c2ccc(O)c(O)c2)c1,synthetic
ZINC4349633,IKMDFBPHZNJCSN-UHFFFAOYSA-N,O=c1c(O)c(-c2cc(O)c(O)c(O)c2)oc2cc(O)cc(O)c12,synthetic
ZINC4349627,IYGYMKDQCDOMRE-ZWKOTPCHSA-N,CN1CCc2cc3c(cc2[C@H]1[C@@H]1OC(=O)c2c1ccc1c2OCO1)OCO3,synthetic
Trioxsalen,AIONOLUJZLIMTK-CQSZACIVSA-N,COc1ccc([C@H]2CC(=O)c3c(O)cc(O)cc3O2)cc1O,synthetic
MCSJ40_00024,YUSWMAULDXZHPY-UHFFFAOYSA-N,O=c1cc(-c2ccc(O)c(-c3c(O)cc(O)c4c(=O)cc(-c5ccc(O)cc5)oc34)c2)oc2cc(O)cc(O)c12,synthetic
J03_26,RLAWBFSVSTZLIY-UHFFFAOYSA-N,Oc1cccc(Cc2ncc[nH]2)c1Oc1ccccc1Cc1ncc[nH]1,synthetic
J18_01,WMHJCSAICLADIN-WYWSWGBSSA-N,CC1=C(C=O)C(C)(C)C[C@H](O[C@@H]2O[C@H](CO)[C@@H](O)[C@H](O)[C@H]2O)C1,synthetic
J08_01,VOCGSQHKPZSIKB-HXUWFJFHSA-N,COc1cc2c(cc1CC=C(C)C)C(=O)C[C@H](c1ccc(O)cc1)O2,synthetic
"Cholest-5-en-3-ol, 6-methyl-, (3.beta)-",AIGAZQPHXLWMOJ-UHFFFAOYSA-N,Cc1coc2c1C(=O)C(=O)c1c-2ccc2c(C)cccc12,synthetic
Isobavachalcone,FURJVCYQVDCGPY-JZKQVHKSSA-N,CC(C)c1cc2c(c(O)c1O)[C@]13CCCC(C)(C)[C@H]1C[C@H]2C(=O)OO3,synthetic
Papyriflavonol A,AIFRHYZBTHREPW-UHFFFAOYSA-N,c1ccc2c(c1)[nH]c1cnccc12,synthetic
J08_17,KZJWDPNRJALLNS-VPUBHVLGSA-N,CC[C@@H](CC[C@H](C)[C@@H]1CC[C@H]2[C@@H]3CC=C4C[C@@H](O)CC[C@]4(C)[C@H]3CC[C@@]21C)C(C)C,synthetic
J18_17,OPJNODHFKFAIBH-JMQWPVDRSA-N,O=C(/C=C/c1ccc(O)c(O)c1)NCCCCNCCCNC(=O)/C=C/c1ccc(O)c(O)c1,synthetic
J06_09,CXHQWFDNPRYKLR-CRGSBIFKSA-N,O=C1c2c(O)cccc2[C@H]([C@@H]2O[C@H](CO)[C@H](O)[C@H](O)[C@H]2O)c2cc(O)cc(O)c21,synthetic
Epigallocatechin gallate,WXTPOHDTGNYFSB-RMPHRYRLSA-N,OC[C@H]1O[C@@H](Oc2cc(O)cc(O)c2)[C@H](O)[C@@H](O)[C@@H]1O,synthetic
MCSJ37_0008,ITYNGVSTWVVPIC-DHGKCCLASA-N,C=C1CC[C@@H]2[C@H]([C@@H]3[C@H](C)CC[C@H]13)C2(C)C,synthetic
J03_18-R,NPNNKDMSXVRADT-WEVVVXLNSA-N,COc1cc(/C=C/C(=O)NCCc2ccc(O)cc2)ccc1O,synthetic
Fagaronine,WLKFTWWPENDPDN-RMKNXTFCSA-N,C=CCc1cc(C(=O)/C=C/c2ccc(O)cc2)c(O)cc1O,synthetic
campesterol,IQPNAANSBPBGFQ-UHFFFAOYSA-N,O=c1cc(-c2ccc(O)c(O)c2)oc2cc(O)cc(O)c12,synthetic
Rhein,RHRMQQJITNWFMZ-CXUHLZMHSA-N,COc1cc(/C=C/C(=O)NCCc2ccc(Oc3ccc(CCNC(=O)C(=O)Cc4ccc(O)c(OC)c4)cc3)cc2)ccc1O,synthetic
MCSJ32_0002,SSEUDFYBEOIWGF-AWEZNQCLSA-N,COc1cc2c3c(c4cc(OC)c(OC)cc4c2cc1OC)CN1CCC[C@H]1C3,synthetic
J08_40,MDBLUWPKZWARGG-RVFMGZSWSA-N,COC(=O)CCC(=O)O[C@@H]1C[C@@](OC(=O)/C=C/c2ccc(O)c(O)c2)(C(=O)O)C[C@H](OC(=O)/C=C/c2ccc(O)c(O)c2)[C@H]1O,synthetic
Trans-Geranylgeraniol,KZMACGJDUUWFCH-UHFFFAOYSA-O,COc1cc(-c2[o+]c3cc(O)cc(O)c3cc2O)cc(OC)c1O,synthetic
J03_30,QYMDEOQLJUUNOF-UHFFFAOYSA-N,COc1ccc2[nH]c3c(c2c1)CCNC3,synthetic
Quercetin,ZERULLAPCVRMCO-UHFFFAOYSA-N,CCCSCCC,synthetic
J14_18,JVXZRQGOGOXCEC-UHFFFAOYSA-N,O=c1cc(-c2ccc(O)cc2)oc2cc(O)c(O)c(O)c12,synthetic
MCSJ32_0003,NLDDIKRKFXEWBK-AWEZNQCLSA-N,CCCCC[C@H](O)CC(=O)CCc1ccc(O)c(OC)c1,synthetic
J19_16,ZDOTZEDNGNPOEW-UHFFFAOYSA-N,O=c1c(O)c(-c2ccc(O)cc2)oc2c(O)c(O)cc(O)c12,synthetic
ZINC4349034,QAIPRVGONGVQAS-DUXPYHPUSA-N,O=C(O)/C=C/c1ccc(O)c(O)c1,synthetic
J02_31,SUQWXNKVRJSLJG-VJTYHZGZSA-N,COc1cc(C)c2c(=O)cc(C[C@@H](C)O)oc2c1[C@@H]1O[C@@H](CO)[C@@H](C)[C@@H](O)[C@@H]1OC(=O)/C=C/c1ccccc1,synthetic
J01_21,UBAXRAHSPKWNCX-UHFFFAOYSA-N,C=CCSSSCC=C,synthetic
Trans- pinocarveol,MVIYWFBLVAFZID-AWEZNQCLSA-N,O=C(CCc1ccc(O)c(O)c1)C[C@@H](O)CCc1ccc(O)c(O)c1,synthetic
Neobavaisoflavone,HYXITZLLTYIPOF-UHFFFAOYSA-N,Cc1coc2c1C(=O)C(=O)c1c-2ccc2c1CCCC2(C)C,synthetic
"9,19-Cyclocholestan-3-ol, 14-methyl-, (3.beta)",ZFAHNWWNDFHPOH-YFKPBYRVSA-N,C=CCSC[C@H](N)C(=O)O,synthetic
"Heneicosanoic acid, methyl ester",REFJWTPEDVJJIY-UHFFFAOYSA-N,O=c1c(O)c(-c2ccc(O)c(O)c2)oc2cc(O)cc(O)c12,synthetic
(Z)-.gamma.-Atlantone,QXNWVJOHUAQHLM-QUCCMNQESA-N,CC(C)c1cc2c(cc1O)[C@]1(C)CCCC(C)(C)[C@H]1CC2,synthetic
Indoximod,DBQOYAOBGQRKIK-HIBOQREESA-N,COc1ccc(-c2cc(=O)c3c(O)c(OC)c(O[C@@H]4O[C@H](CO[C@H]5O[C](C)[C@H](O)[C@@H](O)[C@@H]5O)[C@@H](O)[C@H](O)[C@H]4O)cc3o2)cc1,synthetic
ZINC4349630,ZQSIJRDFPHDXIC-UHFFFAOYSA-N,O=c1c(-c2ccc(O)cc2)coc2cc(O)ccc12,synthetic
J01_17,ZWXLQYJRFHYYAO-KCXIHHOBSA-N,COc1cc(C)c2c(=O)cc(CC(C)=O)oc2c1[C@@H]1O[C@@H](CO)[C@@H](C)[C@@H](O)[C@@H]1OC(=O)/C=C/c1ccccc1,synthetic
J12_07,NLDDIKRKFXEWBK-CQSZACIVSA-N,CCCCC[C@@H](O)CC(=O)CCc1ccc(O)c(OC)c1,synthetic
Indigo,IKMDFBPHZNJCSN-UHFFFAOYSA-N,O=c1c(O)c(-c2cc(O)c(O)c(O)c2)oc2cc(O)cc(O)c12,synthetic
J02_07,PFRGXCVKLLPLIP-UHFFFAOYSA-N,C=CCSSCC=C,synthetic
MCSJ11_0005,HFSDOBJCQNMPRQ-UHFFFAOYSA-N,CNOC(=O)c1cc2c(cn1)[nH]c1ccccc12,synthetic
J06_05,JKHRCGUTYDNCLE-UHFFFAOYSA-O,Oc1cc(O)c2cc(O)c(-c3cc(O)c(O)c(O)c3)[o+]c2c1,synthetic
MCSJ44_0028,DKBOCUYXQDBLOY-RUZDIDTESA-N,CN1CCCCN(CCCCNC(=O)c2ccccc2)C(=O)[C@]1(O)C(=O)c1ccccc1,synthetic
J01_01,QGJZLNKBHJESQX-JWTUGZEHSA-N,C=C(C)[C@H]1CC[C@]2(C(=O)O)CC[C@]3(C)[C@H](CC[C@H]4[C@]5(C)CC[C@@H](O)C(C)(C)[C@H]5CC[C@@]43C)[C@H]12,synthetic
MCSJ32_0001,KJSPSKUHMMEKCA-SIWDACQESA-N,COc1cc([C@@H](O)[C@@H]2C(=O)NCCc3cccc(c3)Oc3ccc(cc3)CCNC(=O)/C=C/Cc3cc(OC)c(O)c2c3)ccc1O,synthetic
26-Homo-25-hydroxycholesterol,HGEFZKVVMSUQFS-UHFFFAOYSA-N,C=CCc1c(CCCc2ccc(O)cc2O)cc(O)c(O)c1CC=C,synthetic
J02_11,ITYNGVSTWVVPIC-XVIXHAIJSA-N,C=C1CC[C@@H]2[C@H]([C@@H]3[C@H](C)CC[C@@H]13)C2(C)C,synthetic
J14_14,GRQOHVDLWPRWAW-OYJCNGCPSA-N,O=C(/C=C1\c2cc(O)c(O)cc2[C@H](c2ccc(O)c(O)c2)[C@H]1C(=O)NCCc1ccc(O)cc1)NCCc1ccc(O)cc1,synthetic
J08_37,QYOIIVVCQDPNAG-XDMWQQQZSA-N,O=C1c2cc(CO)cc(O)c2C(=O)c2c1ccc([C@@]1([C@@H]3O[C@H](CO)[C@H](O)[C@H](O)[C@H]3O)c3cccc(O)c3C(=O)c3c(O)cc(O)cc31)c2O,synthetic
J03_10,BYSRPHRKESMCPO-XDUHTFTHSA-N,Oc1cc(O)c2c(c1)O[C@]1(c3ccc(O)c(O)c3)Oc3cc(O)c4c(c3[C@@H]2[C@H]1O)O[C@H](c1ccc(O)c(O)c1)[C@@H](O)[C@@H]4c1c(O)cc(O)c2c1O[C@@H](c1ccc(O)c(O)c1)[C@H](O)C2,synthetic
Benzeneethanamine,DOUMFZQKYFQNTF-GIZXNFQBSA-N,O=C(/C=C/c1ccc(O)c(O)c1)O[C@@H](Cc1ccc(O)c(O)c1)C(=O)O,synthetic
J08_60,BXNJHAXVSOCGBA-UHFFFAOYSA-N,COc1ccc2c(c1)[nH]c1c(C)nccc12,synthetic
J03_06,YDQWDHRMZQUTBA-UHFFFAOYSA-N,O=C1c2cccc(O)c2C(=O)c2c(O)cc(CO)cc21,synthetic
J13_06,YKPUWZUDDOIDPM-SOFGYWHQSA-N,COc1cc(CNC(=O)CCCC/C=C/C(C)C)ccc1O,synthetic
Hesperetin,GVKKJJOMQCNPGB-JTQLQIEISA-N,C[C@H]1COC2=C1C(=O)C(=O)c1c2ccc2c1CCCC2(C)C,synthetic
Ferulic acid,MXXWOMGUGJBKIW-YPCIICBESA-N,O=C(/C=C/C=C/c1ccc2c(c1)OCO2)N1CCCCC1,synthetic
10-Hydroxyusambarens,FZKRWTVMKFSFSG-CYBMUJFWSA-N,CNc1ccc([C@H]2CCn3c2nc2ccccc2c3=O)cc1C(=O)OC,synthetic
J04_02,DQEAAVKYRCHQOQ-IEFPXSNCSA-N,C[C@H]1O[C@H](Oc2ccc3ccc(=O)oc3c2-c2c(O)ccc3ccc(=O)oc23)[C@H](O)[C@@H](O)[C@@H]1O,synthetic
J18_21,WKOLLVMJNQIZCI-UHFFFAOYSA-N,COc1cc(C(=O)O)ccc1O,synthetic
J08_21,IQPNAANSBPBGFQ-UHFFFAOYSA-N,O=c1cc(-c2ccc(O)c(O)c2)oc2cc(O)cc(O)c12,synthetic
J14_02,SGJNQVTUYXCBKH-HNQUOIGGSA-N,O=c1cc(O)cc(/C=C/c2ccc(O)c(O)c2)o1,synthetic
